<?xml version="1.0" encoding="UTF-8"?>
<kml xmlns="http://www.opengis.net/kml/2.2">
  <Document>
    <name>CAMPING+MASCOTAS+ARGENTNA - @rodandoconmiperro</name>
    <description>Este mapa es creado con mucho amor para difundir campings y areas pet friendly </description>
    <Style id="icon-1502-FFD600-nodesc-normal">
      <IconStyle>
        <color>ff00d6ff</color>
        <scale>1</scale>
        <Icon>
          <href>https://www.gstatic.com/mapspro/images/stock/503-wht-blank_maps.png</href>
        </Icon>
      </IconStyle>
      <LabelStyle>
        <scale>0</scale>
      </LabelStyle>
      <BalloonStyle>
        <text><![CDATA[<h3>$[name]</h3>]]></text>
      </BalloonStyle>
    </Style>
    <Style id="icon-1502-FFD600-nodesc-highlight">
      <IconStyle>
        <color>ff00d6ff</color>
        <scale>1</scale>
        <Icon>
          <href>https://www.gstatic.com/mapspro/images/stock/503-wht-blank_maps.png</href>
        </Icon>
      </IconStyle>
      <LabelStyle>
        <scale>1</scale>
      </LabelStyle>
      <BalloonStyle>
        <text><![CDATA[<h3>$[name]</h3>]]></text>
      </BalloonStyle>
    </Style>
    <StyleMap id="icon-1502-FFD600-nodesc">
      <Pair>
        <key>normal</key>
        <styleUrl>#icon-1502-FFD600-nodesc-normal</styleUrl>
      </Pair>
      <Pair>
        <key>highlight</key>
        <styleUrl>#icon-1502-FFD600-nodesc-highlight</styleUrl>
      </Pair>
    </StyleMap>
    <Style id="icon-1502-FFEA00-nodesc-normal">
      <IconStyle>
        <color>ff00eaff</color>
        <scale>1</scale>
        <Icon>
          <href>https://www.gstatic.com/mapspro/images/stock/503-wht-blank_maps.png</href>
        </Icon>
      </IconStyle>
      <LabelStyle>
        <scale>0</scale>
      </LabelStyle>
      <BalloonStyle>
        <text><![CDATA[<h3>$[name]</h3>]]></text>
      </BalloonStyle>
    </Style>
    <Style id="icon-1502-FFEA00-nodesc-highlight">
      <IconStyle>
        <color>ff00eaff</color>
        <scale>1</scale>
        <Icon>
          <href>https://www.gstatic.com/mapspro/images/stock/503-wht-blank_maps.png</href>
        </Icon>
      </IconStyle>
      <LabelStyle>
        <scale>1</scale>
      </LabelStyle>
      <BalloonStyle>
        <text><![CDATA[<h3>$[name]</h3>]]></text>
      </BalloonStyle>
    </Style>
    <StyleMap id="icon-1502-FFEA00-nodesc">
      <Pair>
        <key>normal</key>
        <styleUrl>#icon-1502-FFEA00-nodesc-normal</styleUrl>
      </Pair>
      <Pair>
        <key>highlight</key>
        <styleUrl>#icon-1502-FFEA00-nodesc-highlight</styleUrl>
      </Pair>
    </StyleMap>
    <Style id="icon-1507-0F9D58-nodesc-normal">
      <IconStyle>
        <color>ff589d0f</color>
        <scale>1</scale>
        <Icon>
          <href>https://www.gstatic.com/mapspro/images/stock/503-wht-blank_maps.png</href>
        </Icon>
      </IconStyle>
      <LabelStyle>
        <scale>0</scale>
      </LabelStyle>
      <BalloonStyle>
        <text><![CDATA[<h3>$[name]</h3>]]></text>
      </BalloonStyle>
    </Style>
    <Style id="icon-1507-0F9D58-nodesc-highlight">
      <IconStyle>
        <color>ff589d0f</color>
        <scale>1</scale>
        <Icon>
          <href>https://www.gstatic.com/mapspro/images/stock/503-wht-blank_maps.png</href>
        </Icon>
      </IconStyle>
      <LabelStyle>
        <scale>1</scale>
      </LabelStyle>
      <BalloonStyle>
        <text><![CDATA[<h3>$[name]</h3>]]></text>
      </BalloonStyle>
    </Style>
    <StyleMap id="icon-1507-0F9D58-nodesc">
      <Pair>
        <key>normal</key>
        <styleUrl>#icon-1507-0F9D58-nodesc-normal</styleUrl>
      </Pair>
      <Pair>
        <key>highlight</key>
        <styleUrl>#icon-1507-0F9D58-nodesc-highlight</styleUrl>
      </Pair>
    </StyleMap>
    <Style id="icon-1507-9C27B0-nodesc-normal">
      <IconStyle>
        <color>ffb0279c</color>
        <scale>1</scale>
        <Icon>
          <href>https://www.gstatic.com/mapspro/images/stock/503-wht-blank_maps.png</href>
        </Icon>
      </IconStyle>
      <LabelStyle>
        <scale>0</scale>
      </LabelStyle>
      <BalloonStyle>
        <text><![CDATA[<h3>$[name]</h3>]]></text>
      </BalloonStyle>
    </Style>
    <Style id="icon-1507-9C27B0-nodesc-highlight">
      <IconStyle>
        <color>ffb0279c</color>
        <scale>1</scale>
        <Icon>
          <href>https://www.gstatic.com/mapspro/images/stock/503-wht-blank_maps.png</href>
        </Icon>
      </IconStyle>
      <LabelStyle>
        <scale>1</scale>
      </LabelStyle>
      <BalloonStyle>
        <text><![CDATA[<h3>$[name]</h3>]]></text>
      </BalloonStyle>
    </Style>
    <StyleMap id="icon-1507-9C27B0-nodesc">
      <Pair>
        <key>normal</key>
        <styleUrl>#icon-1507-9C27B0-nodesc-normal</styleUrl>
      </Pair>
      <Pair>
        <key>highlight</key>
        <styleUrl>#icon-1507-9C27B0-nodesc-highlight</styleUrl>
      </Pair>
    </StyleMap>
    <Style id="icon-1602-0F9D58-nodesc-normal">
      <IconStyle>
        <color>ff589d0f</color>
        <scale>1</scale>
        <Icon>
          <href>https://www.gstatic.com/mapspro/images/stock/503-wht-blank_maps.png</href>
        </Icon>
      </IconStyle>
      <LabelStyle>
        <scale>0</scale>
      </LabelStyle>
      <BalloonStyle>
        <text><![CDATA[<h3>$[name]</h3>]]></text>
      </BalloonStyle>
    </Style>
    <Style id="icon-1602-0F9D58-nodesc-highlight">
      <IconStyle>
        <color>ff589d0f</color>
        <scale>1</scale>
        <Icon>
          <href>https://www.gstatic.com/mapspro/images/stock/503-wht-blank_maps.png</href>
        </Icon>
      </IconStyle>
      <LabelStyle>
        <scale>1</scale>
      </LabelStyle>
      <BalloonStyle>
        <text><![CDATA[<h3>$[name]</h3>]]></text>
      </BalloonStyle>
    </Style>
    <StyleMap id="icon-1602-0F9D58-nodesc">
      <Pair>
        <key>normal</key>
        <styleUrl>#icon-1602-0F9D58-nodesc-normal</styleUrl>
      </Pair>
      <Pair>
        <key>highlight</key>
        <styleUrl>#icon-1602-0F9D58-nodesc-highlight</styleUrl>
      </Pair>
    </StyleMap>
    <Style id="icon-1624-9C27B0-nodesc-normal">
      <IconStyle>
        <color>ffb0279c</color>
        <scale>1</scale>
        <Icon>
          <href>https://www.gstatic.com/mapspro/images/stock/503-wht-blank_maps.png</href>
        </Icon>
      </IconStyle>
      <LabelStyle>
        <scale>0</scale>
      </LabelStyle>
      <BalloonStyle>
        <text><![CDATA[<h3>$[name]</h3>]]></text>
      </BalloonStyle>
    </Style>
    <Style id="icon-1624-9C27B0-nodesc-highlight">
      <IconStyle>
        <color>ffb0279c</color>
        <scale>1</scale>
        <Icon>
          <href>https://www.gstatic.com/mapspro/images/stock/503-wht-blank_maps.png</href>
        </Icon>
      </IconStyle>
      <LabelStyle>
        <scale>1</scale>
      </LabelStyle>
      <BalloonStyle>
        <text><![CDATA[<h3>$[name]</h3>]]></text>
      </BalloonStyle>
    </Style>
    <StyleMap id="icon-1624-9C27B0-nodesc">
      <Pair>
        <key>normal</key>
        <styleUrl>#icon-1624-9C27B0-nodesc-normal</styleUrl>
      </Pair>
      <Pair>
        <key>highlight</key>
        <styleUrl>#icon-1624-9C27B0-nodesc-highlight</styleUrl>
      </Pair>
    </StyleMap>
    <Style id="icon-1624-FFEA00-nodesc-normal">
      <IconStyle>
        <color>ff00eaff</color>
        <scale>1</scale>
        <Icon>
          <href>https://www.gstatic.com/mapspro/images/stock/503-wht-blank_maps.png</href>
        </Icon>
      </IconStyle>
      <LabelStyle>
        <scale>0</scale>
      </LabelStyle>
      <BalloonStyle>
        <text><![CDATA[<h3>$[name]</h3>]]></text>
      </BalloonStyle>
    </Style>
    <Style id="icon-1624-FFEA00-nodesc-highlight">
      <IconStyle>
        <color>ff00eaff</color>
        <scale>1</scale>
        <Icon>
          <href>https://www.gstatic.com/mapspro/images/stock/503-wht-blank_maps.png</href>
        </Icon>
      </IconStyle>
      <LabelStyle>
        <scale>1</scale>
      </LabelStyle>
      <BalloonStyle>
        <text><![CDATA[<h3>$[name]</h3>]]></text>
      </BalloonStyle>
    </Style>
    <StyleMap id="icon-1624-FFEA00-nodesc">
      <Pair>
        <key>normal</key>
        <styleUrl>#icon-1624-FFEA00-nodesc-normal</styleUrl>
      </Pair>
      <Pair>
        <key>highlight</key>
        <styleUrl>#icon-1624-FFEA00-nodesc-highlight</styleUrl>
      </Pair>
    </StyleMap>
    <Style id="icon-1899-0F9D58-nodesc-normal">
      <IconStyle>
        <color>ff589d0f</color>
        <scale>1</scale>
        <Icon>
          <href>https://www.gstatic.com/mapspro/images/stock/503-wht-blank_maps.png</href>
        </Icon>
        <hotSpot x="32" xunits="pixels" y="64" yunits="insetPixels"/>
      </IconStyle>
      <LabelStyle>
        <scale>0</scale>
      </LabelStyle>
      <BalloonStyle>
        <text><![CDATA[<h3>$[name]</h3>]]></text>
      </BalloonStyle>
    </Style>
    <Style id="icon-1899-0F9D58-nodesc-highlight">
      <IconStyle>
        <color>ff589d0f</color>
        <scale>1</scale>
        <Icon>
          <href>https://www.gstatic.com/mapspro/images/stock/503-wht-blank_maps.png</href>
        </Icon>
        <hotSpot x="32" xunits="pixels" y="64" yunits="insetPixels"/>
      </IconStyle>
      <LabelStyle>
        <scale>1</scale>
      </LabelStyle>
      <BalloonStyle>
        <text><![CDATA[<h3>$[name]</h3>]]></text>
      </BalloonStyle>
    </Style>
    <StyleMap id="icon-1899-0F9D58-nodesc">
      <Pair>
        <key>normal</key>
        <styleUrl>#icon-1899-0F9D58-nodesc-normal</styleUrl>
      </Pair>
      <Pair>
        <key>highlight</key>
        <styleUrl>#icon-1899-0F9D58-nodesc-highlight</styleUrl>
      </Pair>
    </StyleMap>
    <Style id="icon-1899-9C27B0-nodesc-normal">
      <IconStyle>
        <color>ffb0279c</color>
        <scale>1</scale>
        <Icon>
          <href>https://www.gstatic.com/mapspro/images/stock/503-wht-blank_maps.png</href>
        </Icon>
        <hotSpot x="32" xunits="pixels" y="64" yunits="insetPixels"/>
      </IconStyle>
      <LabelStyle>
        <scale>0</scale>
      </LabelStyle>
      <BalloonStyle>
        <text><![CDATA[<h3>$[name]</h3>]]></text>
      </BalloonStyle>
    </Style>
    <Style id="icon-1899-9C27B0-nodesc-highlight">
      <IconStyle>
        <color>ffb0279c</color>
        <scale>1</scale>
        <Icon>
          <href>https://www.gstatic.com/mapspro/images/stock/503-wht-blank_maps.png</href>
        </Icon>
        <hotSpot x="32" xunits="pixels" y="64" yunits="insetPixels"/>
      </IconStyle>
      <LabelStyle>
        <scale>1</scale>
      </LabelStyle>
      <BalloonStyle>
        <text><![CDATA[<h3>$[name]</h3>]]></text>
      </BalloonStyle>
    </Style>
    <StyleMap id="icon-1899-9C27B0-nodesc">
      <Pair>
        <key>normal</key>
        <styleUrl>#icon-1899-9C27B0-nodesc-normal</styleUrl>
      </Pair>
      <Pair>
        <key>highlight</key>
        <styleUrl>#icon-1899-9C27B0-nodesc-highlight</styleUrl>
      </Pair>
    </StyleMap>
    <Folder>
      <name>camping +mascotas+argentina</name>
      <Placemark>
        <name>Camping Suizo Mendoza</name>
        <styleUrl>#icon-1507-0F9D58-nodesc</styleUrl>
        <Point>
          <coordinates>
            -68.897348,-32.855449,0
          </coordinates>
        </Point>
      </Placemark>
      <Placemark>
        <name>Veterinaria Mendieta ll</name>
        <styleUrl>#icon-1624-9C27B0-nodesc</styleUrl>
        <Point>
          <coordinates>
            -68.8644209,-32.845996,0
          </coordinates>
        </Point>
      </Placemark>
      <Placemark>
        <name>HOSPITAL VETERINARIO ANDINO</name>
        <styleUrl>#icon-1624-9C27B0-nodesc</styleUrl>
        <Point>
          <coordinates>
            -68.8584219,-32.858519,0
          </coordinates>
        </Point>
      </Placemark>
      <Placemark>
        <name>Veterinaria San Roque Hospital de Veterinaria</name>
        <styleUrl>#icon-1624-9C27B0-nodesc</styleUrl>
        <Point>
          <coordinates>
            -68.8565746,-32.883508,0
          </coordinates>
        </Point>
      </Placemark>
      <Placemark>
        <name>Camping Municipal Tupungato</name>
        <styleUrl>#icon-1507-0F9D58-nodesc</styleUrl>
        <Point>
          <coordinates>
            -69.1764484,-33.327835,0
          </coordinates>
        </Point>
      </Placemark>
      <Placemark>
        <name>VETERINARIA RODEO</name>
        <styleUrl>#icon-1624-9C27B0-nodesc</styleUrl>
        <Point>
          <coordinates>
            -69.1461896,-33.363641,0
          </coordinates>
        </Point>
      </Placemark>
      <Placemark>
        <name>Veterinaria san roque</name>
        <styleUrl>#icon-1624-9C27B0-nodesc</styleUrl>
        <Point>
          <coordinates>
            -69.150726,-33.3766623,0
          </coordinates>
        </Point>
      </Placemark>
      <Placemark>
        <name>CLÍNICA VETERINARIA Huellas</name>
        <styleUrl>#icon-1624-9C27B0-nodesc</styleUrl>
        <Point>
          <coordinates>
            -69.1471105,-33.3659465,0
          </coordinates>
        </Point>
      </Placemark>
      <Placemark>
        <name>VETERINARIA LATORRE</name>
        <styleUrl>#icon-1624-9C27B0-nodesc</styleUrl>
        <Point>
          <coordinates>
            -69.1414825,-33.3630165,0
          </coordinates>
        </Point>
      </Placemark>
      <Placemark>
        <name>VETERINARIA URQUIZA</name>
        <styleUrl>#icon-1624-9C27B0-nodesc</styleUrl>
        <Point>
          <coordinates>
            -69.1397906,-33.3627965,0
          </coordinates>
        </Point>
      </Placemark>
      <Placemark>
        <name>Villa Bastia</name>
        <styleUrl>#icon-1624-9C27B0-nodesc</styleUrl>
        <Point>
          <coordinates>
            -69.1561466,-33.3067192,0
          </coordinates>
        </Point>
      </Placemark>
      <Placemark>
        <name>Camping viñas de vieytes</name>
        <styleUrl>#icon-1507-0F9D58-nodesc</styleUrl>
        <Point>
          <coordinates>
            -68.8355885,-33.0148105,0
          </coordinates>
        </Point>
      </Placemark>
      <Placemark>
        <name>CLÍNICA VETERINARIA san martín</name>
        <styleUrl>#icon-1624-9C27B0-nodesc</styleUrl>
        <Point>
          <coordinates>
            -68.852897,-32.9616739,0
          </coordinates>
        </Point>
      </Placemark>
      <Placemark>
        <name>Veterinaria Besares</name>
        <styleUrl>#icon-1624-9C27B0-nodesc</styleUrl>
        <Point>
          <coordinates>
            -68.8742553,-32.9808879,0
          </coordinates>
        </Point>
      </Placemark>
      <Placemark>
        <name>Hospital Veterinario Lahuenco</name>
        <styleUrl>#icon-1624-9C27B0-nodesc</styleUrl>
        <Point>
          <coordinates>
            -68.8860436,-33.0294829,0
          </coordinates>
        </Point>
      </Placemark>
      <Placemark>
        <name>VETERINARIA Las Praderas</name>
        <styleUrl>#icon-1624-9C27B0-nodesc</styleUrl>
        <Point>
          <coordinates>
            -68.8773311,-33.0363936,0
          </coordinates>
        </Point>
      </Placemark>
      <Placemark>
        <name>Veterinaría Drummond</name>
        <styleUrl>#icon-1624-9C27B0-nodesc</styleUrl>
        <Point>
          <coordinates>
            -68.876177,-33.035709,0
          </coordinates>
        </Point>
      </Placemark>
      <Placemark>
        <name>Clinica Veterinaria Lujan Roberto A. Linero</name>
        <styleUrl>#icon-1624-9C27B0-nodesc</styleUrl>
        <Point>
          <coordinates>
            -68.8805479,-33.0329841,0
          </coordinates>
        </Point>
      </Placemark>
      <Placemark>
        <name>veterinaria lunlunta</name>
        <styleUrl>#icon-1624-9C27B0-nodesc</styleUrl>
        <Point>
          <coordinates>
            -68.8218749,-33.0296997,0
          </coordinates>
        </Point>
      </Placemark>
      <Placemark>
        <name><![CDATA[Veterinaria "Colitas Largas"]]></name>
        <styleUrl>#icon-1624-9C27B0-nodesc</styleUrl>
        <Point>
          <coordinates>
            -68.8167677,-33.0297106,0
          </coordinates>
        </Point>
      </Placemark>
      <Placemark>
        <name>BioSalud Veterinaria</name>
        <styleUrl>#icon-1624-9C27B0-nodesc</styleUrl>
        <Point>
          <coordinates>
            -68.7968395,-33.007273,0
          </coordinates>
        </Point>
      </Placemark>
      <Placemark>
        <name>Veterinaria Argentina</name>
        <styleUrl>#icon-1624-9C27B0-nodesc</styleUrl>
        <Point>
          <coordinates>
            -68.7855037,-32.9873358,0
          </coordinates>
        </Point>
      </Placemark>
      <Placemark>
        <name>Camping y Cabañas El Mangrullo</name>
        <styleUrl>#icon-1507-0F9D58-nodesc</styleUrl>
        <Point>
          <coordinates>
            -68.8943027,-32.8558547,0
          </coordinates>
        </Point>
      </Placemark>
      <Placemark>
        <name>EL PINAR CAMPING</name>
        <styleUrl>#icon-1507-0F9D58-nodesc</styleUrl>
        <Point>
          <coordinates>
            -68.7768385,-32.8570552,0
          </coordinates>
        </Point>
      </Placemark>
      <Placemark>
        <name>Camping Kallue</name>
        <styleUrl>#icon-1507-0F9D58-nodesc</styleUrl>
        <Point>
          <coordinates>
            -69.0512775,-33.0427421,0
          </coordinates>
        </Point>
      </Placemark>
      <Placemark>
        <name>Terralta Mini Cabañas Y Camping</name>
        <styleUrl>#icon-1507-0F9D58-nodesc</styleUrl>
        <Point>
          <coordinates>
            -69.0099854,-33.0386258,0
          </coordinates>
        </Point>
      </Placemark>
      <Placemark>
        <name>Clinica Veterinaria Morena</name>
        <styleUrl>#icon-1624-9C27B0-nodesc</styleUrl>
        <Point>
          <coordinates>
            -68.8950009,-33.0324898,0
          </coordinates>
        </Point>
      </Placemark>
      <Placemark>
        <name><![CDATA[Veterinaria "El Cencerro"]]></name>
        <styleUrl>#icon-1624-9C27B0-nodesc</styleUrl>
        <Point>
          <coordinates>
            -68.9296742,-33.0152693,0
          </coordinates>
        </Point>
      </Placemark>
      <Placemark>
        <name>Guardería y Peluquería Canina BiGoTes</name>
        <styleUrl>#icon-1502-FFD600-nodesc</styleUrl>
        <Point>
          <coordinates>
            -68.935581,-33.0411021,0
          </coordinates>
        </Point>
      </Placemark>
      <Placemark>
        <name>Camping Manquehue - Universidad Nacional de Cuyo</name>
        <styleUrl>#icon-1507-0F9D58-nodesc</styleUrl>
        <Point>
          <coordinates>
            -68.7069938,-33.3361249,0
          </coordinates>
        </Point>
      </Placemark>
      <Placemark>
        <name>Veterinaria Ugarteche</name>
        <styleUrl>#icon-1624-9C27B0-nodesc</styleUrl>
        <Point>
          <coordinates>
            -68.8850884,-33.2043131,0
          </coordinates>
        </Point>
      </Placemark>
      <Placemark>
        <name>Camping Huarpe</name>
        <styleUrl>#icon-1507-0F9D58-nodesc</styleUrl>
        <Point>
          <coordinates>
            -68.7156261,-33.3062823,0
          </coordinates>
        </Point>
      </Placemark>
      <Placemark>
        <name>Camping Cochi Lihue</name>
        <styleUrl>#icon-1507-0F9D58-nodesc</styleUrl>
        <Point>
          <coordinates>
            -69.1459957,-33.623623,0
          </coordinates>
        </Point>
      </Placemark>
      <Placemark>
        <name>Veterina quirquinchos</name>
        <styleUrl>#icon-1624-9C27B0-nodesc</styleUrl>
        <Point>
          <coordinates>
            -69.1534319,-33.6467721,0
          </coordinates>
        </Point>
      </Placemark>
      <Placemark>
        <name>Veterinaria La Caballeriza</name>
        <styleUrl>#icon-1624-9C27B0-nodesc</styleUrl>
        <Point>
          <coordinates>
            -69.1541095,-33.6478976,0
          </coordinates>
        </Point>
      </Placemark>
      <Placemark>
        <name>Veterinaria Caram - 4 patas.</name>
        <styleUrl>#icon-1624-9C27B0-nodesc</styleUrl>
        <Point>
          <coordinates>
            -69.0173731,-33.5806858,0
          </coordinates>
        </Point>
      </Placemark>
      <Placemark>
        <name>Veterinaria La Consulta</name>
        <styleUrl>#icon-1624-9C27B0-nodesc</styleUrl>
        <Point>
          <coordinates>
            -69.1164074,-33.7350192,0
          </coordinates>
        </Point>
      </Placemark>
      <Placemark>
        <name>Camping Municipal Tupungato</name>
        <styleUrl>#icon-1507-0F9D58-nodesc</styleUrl>
        <Point>
          <coordinates>
            -69.1764484,-33.327835,0
          </coordinates>
        </Point>
      </Placemark>
      <Placemark>
        <name>Complejo Inty Wayra</name>
        <styleUrl>#icon-1507-0F9D58-nodesc</styleUrl>
        <Point>
          <coordinates>
            -68.4525372,-34.8085423,0
          </coordinates>
        </Point>
      </Placemark>
      <Placemark>
        <name>Camping El Sauce</name>
        <styleUrl>#icon-1507-0F9D58-nodesc</styleUrl>
        <Point>
          <coordinates>
            -68.4808426,-34.8291332,0
          </coordinates>
        </Point>
      </Placemark>
      <Placemark>
        <name>Veterinaria Giménez</name>
        <styleUrl>#icon-1624-9C27B0-nodesc</styleUrl>
        <Point>
          <coordinates>
            -68.3585652,-34.628745,0
          </coordinates>
        </Point>
      </Placemark>
      <Placemark>
        <name>Camping Municipal Malargüe</name>
        <styleUrl>#icon-1507-0F9D58-nodesc</styleUrl>
        <Point>
          <coordinates>
            -69.5918072,-35.4664448,0
          </coordinates>
        </Point>
      </Placemark>
      <Placemark>
        <name>LISANDRO PETS SHOP</name>
        <styleUrl>#icon-1502-FFEA00-nodesc</styleUrl>
        <Point>
          <coordinates>
            -69.5856375,-35.4717997,0
          </coordinates>
        </Point>
      </Placemark>
      <Placemark>
        <name>Veterinaria Apolo</name>
        <styleUrl>#icon-1624-9C27B0-nodesc</styleUrl>
        <Point>
          <coordinates>
            -69.583332,-35.4668378,0
          </coordinates>
        </Point>
      </Placemark>
      <Placemark>
        <name>Veterinaria Anay</name>
        <styleUrl>#icon-1624-9C27B0-nodesc</styleUrl>
        <Point>
          <coordinates>
            -69.5836266,-35.4690548,0
          </coordinates>
        </Point>
      </Placemark>
      <Placemark>
        <name>Clinica veterinaria malargüe</name>
        <styleUrl>#icon-1624-9C27B0-nodesc</styleUrl>
        <Point>
          <coordinates>
            -69.580864,-35.469402,0
          </coordinates>
        </Point>
      </Placemark>
      <Placemark>
        <name>Lisandro Agroveterinaria</name>
        <styleUrl>#icon-1624-9C27B0-nodesc</styleUrl>
        <Point>
          <coordinates>
            -69.5745686,-35.4700481,0
          </coordinates>
        </Point>
      </Placemark>
      <Placemark>
        <name>Camping Municipal de Rivadavia</name>
        <styleUrl>#icon-1507-0F9D58-nodesc</styleUrl>
        <Point>
          <coordinates>
            -68.700712,-31.5624311,0
          </coordinates>
        </Point>
      </Placemark>
      <Placemark>
        <name>Camping Arroyito</name>
        <styleUrl>#icon-1507-0F9D58-nodesc</styleUrl>
        <Point>
          <coordinates>
            -69.1113052,-30.2021513,0
          </coordinates>
        </Point>
      </Placemark>
      <Placemark>
        <name>Veterinária de Roberto</name>
        <styleUrl>#icon-1624-9C27B0-nodesc</styleUrl>
        <Point>
          <coordinates>
            -69.1281626,-30.2008378,0
          </coordinates>
        </Point>
      </Placemark>
      <Placemark>
        <name>Camping Municipal El Balde</name>
        <styleUrl>#icon-1507-0F9D58-nodesc</styleUrl>
        <Point>
          <coordinates>
            -66.6254165,-33.3411201,0
          </coordinates>
        </Point>
      </Placemark>
      <Placemark>
        <name>Clinica Veterinaria Merlo</name>
        <styleUrl>#icon-1624-9C27B0-nodesc</styleUrl>
        <Point>
          <coordinates>
            -66.3328622,-33.2997687,0
          </coordinates>
        </Point>
      </Placemark>
      <Placemark>
        <name><![CDATA[Clínica veterinaria Puppy's]]></name>
        <styleUrl>#icon-1624-9C27B0-nodesc</styleUrl>
        <Point>
          <coordinates>
            -66.3221793,-33.3000474,0
          </coordinates>
        </Point>
      </Placemark>
      <Placemark>
        <name>VETERINARIA RIVADAVIA</name>
        <styleUrl>#icon-1624-9C27B0-nodesc</styleUrl>
        <Point>
          <coordinates>
            -68.5889619,-31.5293923,0
          </coordinates>
        </Point>
      </Placemark>
      <Placemark>
        <name>Veterinaria Ischigualasto</name>
        <styleUrl>#icon-1624-9C27B0-nodesc</styleUrl>
        <Point>
          <coordinates>
            -68.5904856,-31.5461034,0
          </coordinates>
        </Point>
      </Placemark>
      <Placemark>
        <name>Veterinaria TULUM</name>
        <styleUrl>#icon-1624-9C27B0-nodesc</styleUrl>
        <Point>
          <coordinates>
            -68.5936639,-31.5329227,0
          </coordinates>
        </Point>
      </Placemark>
      <Placemark>
        <name>Camping La Sorpresa</name>
        <styleUrl>#icon-1507-0F9D58-nodesc</styleUrl>
        <Point>
          <coordinates>
            -65.016542,-32.4059851,0
          </coordinates>
        </Point>
      </Placemark>
      <Placemark>
        <name>Camping Rincón de las Sierras</name>
        <styleUrl>#icon-1507-0F9D58-nodesc</styleUrl>
        <Point>
          <coordinates>
            -66.185899,-33.2504404,0
          </coordinates>
        </Point>
      </Placemark>
      <Placemark>
        <name>Veterinaria Amores Perros</name>
        <styleUrl>#icon-1624-9C27B0-nodesc</styleUrl>
        <Point>
          <coordinates>
            -66.237269,-33.2774157,0
          </coordinates>
        </Point>
      </Placemark>
      <Placemark>
        <name>Veterinaria San Francisco</name>
        <styleUrl>#icon-1624-9C27B0-nodesc</styleUrl>
        <Point>
          <coordinates>
            -66.2274164,-33.222706,0
          </coordinates>
        </Point>
      </Placemark>
      <Placemark>
        <name>Clínica Veterinaria «VET»</name>
        <styleUrl>#icon-1624-9C27B0-nodesc</styleUrl>
        <Point>
          <coordinates>
            -66.2508372,-33.285114,0
          </coordinates>
        </Point>
      </Placemark>
      <Placemark>
        <name>Camping Municipal de Merlo</name>
        <styleUrl>#icon-1507-0F9D58-nodesc</styleUrl>
        <Point>
          <coordinates>
            -64.9690851,-32.3532556,0
          </coordinates>
        </Point>
      </Placemark>
      <Placemark>
        <name>Veterinaria Costarelli</name>
        <styleUrl>#icon-1624-9C27B0-nodesc</styleUrl>
        <Point>
          <coordinates>
            -65.0122518,-32.3447109,0
          </coordinates>
        </Point>
      </Placemark>
      <Placemark>
        <name>Clinica veterinaria La Manada</name>
        <styleUrl>#icon-1624-9C27B0-nodesc</styleUrl>
        <Point>
          <coordinates>
            -65.0194964,-32.3484629,0
          </coordinates>
        </Point>
      </Placemark>
      <Placemark>
        <name>El Jagüel Clinica Veterinaria</name>
        <styleUrl>#icon-1624-9C27B0-nodesc</styleUrl>
        <Point>
          <coordinates>
            -65.015955,-32.3438162,0
          </coordinates>
        </Point>
      </Placemark>
      <Placemark>
        <name>Tienda de mascotas</name>
        <styleUrl>#icon-1502-FFEA00-nodesc</styleUrl>
        <Point>
          <coordinates>
            -65.0141699,-32.3372007,0
          </coordinates>
        </Point>
      </Placemark>
      <Placemark>
        <name>Camping Don Goyo</name>
        <styleUrl>#icon-1507-0F9D58-nodesc</styleUrl>
        <Point>
          <coordinates>
            -66.2267915,-33.2269143,0
          </coordinates>
        </Point>
      </Placemark>
      <Placemark>
        <name>Camping La Resbalosa</name>
        <styleUrl>#icon-1507-0F9D58-nodesc</styleUrl>
        <Point>
          <coordinates>
            -66.0612993,-33.1170248,0
          </coordinates>
        </Point>
      </Placemark>
      <Placemark>
        <name>Los Pinos Camping Municipal</name>
        <styleUrl>#icon-1507-0F9D58-nodesc</styleUrl>
        <Point>
          <coordinates>
            -66.0425932,-33.1110458,0
          </coordinates>
        </Point>
      </Placemark>
      <Placemark>
        <name>Veterinaria Marticorena</name>
        <styleUrl>#icon-1624-9C27B0-nodesc</styleUrl>
        <Point>
          <coordinates>
            -66.0639623,-33.1085763,0
          </coordinates>
        </Point>
      </Placemark>
      <Placemark>
        <name>Camping Balneario las Toscas</name>
        <styleUrl>#icon-1507-0F9D58-nodesc</styleUrl>
        <Point>
          <coordinates>
            -65.5682307,-33.6413466,0
          </coordinates>
        </Point>
      </Placemark>
      <Placemark>
        <name>Clínica Veterinaria El Ranquel</name>
        <styleUrl>#icon-1624-9C27B0-nodesc</styleUrl>
        <Point>
          <coordinates>
            -65.4805563,-33.6777683,0
          </coordinates>
        </Point>
      </Placemark>
      <Placemark>
        <name>Veterinaria San Francisco</name>
        <styleUrl>#icon-1624-9C27B0-nodesc</styleUrl>
        <Point>
          <coordinates>
            -65.4691301,-33.6792334,0
          </coordinates>
        </Point>
      </Placemark>
      <Placemark>
        <name>Vetama Agro Veterinaria</name>
        <styleUrl>#icon-1624-9C27B0-nodesc</styleUrl>
        <Point>
          <coordinates>
            -65.4707555,-33.6800825,0
          </coordinates>
        </Point>
      </Placemark>
      <Placemark>
        <name>Camping Finca El Pinar, La Rioja</name>
        <styleUrl>#icon-1507-0F9D58-nodesc</styleUrl>
        <Point>
          <coordinates>
            -66.816986,-29.4345645,0
          </coordinates>
        </Point>
      </Placemark>
      <Placemark>
        <name>Veterinaria Sitjar</name>
        <styleUrl>#icon-1624-9C27B0-nodesc</styleUrl>
        <Point>
          <coordinates>
            -66.8542092,-29.4293519,0
          </coordinates>
        </Point>
      </Placemark>
      <Placemark>
        <name>Clínica Veterinaria Baicos</name>
        <styleUrl>#icon-1624-9C27B0-nodesc</styleUrl>
        <Point>
          <coordinates>
            -66.8550656,-29.4418314,0
          </coordinates>
        </Point>
      </Placemark>
      <Placemark>
        <name>Centro veterinario Pereyra</name>
        <styleUrl>#icon-1624-9C27B0-nodesc</styleUrl>
        <Point>
          <coordinates>
            -66.8484664,-29.4256218,0
          </coordinates>
        </Point>
      </Placemark>
      <Placemark>
        <name>Inti Huasi lugar de encuentro</name>
        <styleUrl>#icon-1507-0F9D58-nodesc</styleUrl>
        <Point>
          <coordinates>
            -67.4781189,-29.172377,0
          </coordinates>
        </Point>
      </Placemark>
      <Placemark>
        <name>Camping Villa Avelina</name>
        <styleUrl>#icon-1507-0F9D58-nodesc</styleUrl>
        <Point>
          <coordinates>
            -67.0191393,-29.2839288,0
          </coordinates>
        </Point>
      </Placemark>
      <Placemark>
        <name>Camping Municipal De Andolucas</name>
        <styleUrl>#icon-1507-0F9D58-nodesc</styleUrl>
        <Point>
          <coordinates>
            -67.131665,-28.5023481,0
          </coordinates>
        </Point>
      </Placemark>
      <Placemark>
        <name>Veterinaria San Roque</name>
        <styleUrl>#icon-1624-9C27B0-nodesc</styleUrl>
        <Point>
          <coordinates>
            -66.8151707,-28.5507672,0
          </coordinates>
        </Point>
      </Placemark>
      <Placemark>
        <name>Medican Veterinaria Pet Shop</name>
        <styleUrl>#icon-1624-9C27B0-nodesc</styleUrl>
        <Point>
          <coordinates>
            -67.4911387,-29.1755061,0
          </coordinates>
        </Point>
      </Placemark>
      <Placemark>
        <name>Veterinaria Olaf</name>
        <styleUrl>#icon-1624-9C27B0-nodesc</styleUrl>
        <Point>
          <coordinates>
            -67.4893728,-29.1670737,0
          </coordinates>
        </Point>
      </Placemark>
      <Placemark>
        <name>Peluqueria canina</name>
        <styleUrl>#icon-1502-FFEA00-nodesc</styleUrl>
        <Point>
          <coordinates>
            -67.4924135,-29.1674902,0
          </coordinates>
        </Point>
      </Placemark>
      <Placemark>
        <name>Camping Municipal Ataliva Roca</name>
        <styleUrl>#icon-1507-0F9D58-nodesc</styleUrl>
        <Point>
          <coordinates>
            -64.286664,-37.0290081,0
          </coordinates>
        </Point>
      </Placemark>
      <Placemark>
        <name>Camping La Adela</name>
        <styleUrl>#icon-1507-0F9D58-nodesc</styleUrl>
        <Point>
          <coordinates>
            -64.1035741,-38.9765262,0
          </coordinates>
        </Point>
      </Placemark>
      <Placemark>
        <name>Complejo Recreativo Municipal H. del Campo</name>
        <styleUrl>#icon-1507-0F9D58-nodesc</styleUrl>
        <Point>
          <coordinates>
            -64.3936392,-36.6812737,0
          </coordinates>
        </Point>
      </Placemark>
      <Placemark>
        <name>Veterinaria Campos Pampeanos</name>
        <styleUrl>#icon-1624-9C27B0-nodesc</styleUrl>
        <Point>
          <coordinates>
            -64.383604,-36.676176,0
          </coordinates>
        </Point>
      </Placemark>
      <Placemark>
        <name>Veterinaria Cuatro Patas</name>
        <styleUrl>#icon-1624-9C27B0-nodesc</styleUrl>
        <Point>
          <coordinates>
            -64.379441,-36.676059,0
          </coordinates>
        </Point>
      </Placemark>
      <Placemark>
        <name>Veterinaria San Francisco SRL</name>
        <styleUrl>#icon-1624-9C27B0-nodesc</styleUrl>
        <Point>
          <coordinates>
            -64.3805933,-36.6751838,0
          </coordinates>
        </Point>
      </Placemark>
      <Placemark>
        <name>Veterinaria Las Nazarenas</name>
        <styleUrl>#icon-1624-9C27B0-nodesc</styleUrl>
        <Point>
          <coordinates>
            -64.2881712,-37.0297016,0
          </coordinates>
        </Point>
      </Placemark>
      <Placemark>
        <name>Veterinaria Vanguardia</name>
        <styleUrl>#icon-1624-9C27B0-nodesc</styleUrl>
        <Point>
          <coordinates>
            -64.288167,-37.0301764,0
          </coordinates>
        </Point>
      </Placemark>
      <Placemark>
        <name>Veterinaria La Marca</name>
        <styleUrl>#icon-1624-9C27B0-nodesc</styleUrl>
        <Point>
          <coordinates>
            -64.0999733,-38.9929248,0
          </coordinates>
        </Point>
      </Placemark>
      <Placemark>
        <name>VETERINARIA NICANOR</name>
        <styleUrl>#icon-1624-9C27B0-nodesc</styleUrl>
        <Point>
          <coordinates>
            -64.091856,-38.9929571,0
          </coordinates>
        </Point>
      </Placemark>
      <Placemark>
        <name>Pet Shop Patitas</name>
        <styleUrl>#icon-1502-FFEA00-nodesc</styleUrl>
        <Point>
          <coordinates>
            -64.0934453,-38.9940324,0
          </coordinates>
        </Point>
      </Placemark>
      <Placemark>
        <name>camping Tata Bencho</name>
        <styleUrl>#icon-1507-0F9D58-nodesc</styleUrl>
        <Point>
          <coordinates>
            -67.024437,-27.6334127,0
          </coordinates>
        </Point>
      </Placemark>
      <Placemark>
        <name>Veterinaria Alpamikuna</name>
        <styleUrl>#icon-1624-9C27B0-nodesc</styleUrl>
        <Point>
          <coordinates>
            -67.0297795,-27.6486887,0
          </coordinates>
        </Point>
      </Placemark>
      <Placemark>
        <name>Camping Municipal Catamarca</name>
        <styleUrl>#icon-1507-0F9D58-nodesc</styleUrl>
        <Point>
          <coordinates>
            -65.8335111,-28.4629803,0
          </coordinates>
        </Point>
      </Placemark>
      <Placemark>
        <name>Veterinaria Altos Del Solar</name>
        <styleUrl>#icon-1624-9C27B0-nodesc</styleUrl>
        <Point>
          <coordinates>
            -65.8008409,-28.4644893,0
          </coordinates>
        </Point>
      </Placemark>
      <Placemark>
        <name>Mendibe Veterinaria</name>
        <styleUrl>#icon-1624-9C27B0-nodesc</styleUrl>
        <Point>
          <coordinates>
            -65.8073467,-28.4782385,0
          </coordinates>
        </Point>
      </Placemark>
      <Placemark>
        <name>MAC Medicina Animal Catamarca</name>
        <styleUrl>#icon-1624-9C27B0-nodesc</styleUrl>
        <Point>
          <coordinates>
            -65.8018419,-28.4708431,0
          </coordinates>
        </Point>
      </Placemark>
      <Placemark>
        <name>Veterinaria Del Valle</name>
        <styleUrl>#icon-1624-9C27B0-nodesc</styleUrl>
        <Point>
          <coordinates>
            -65.7973832,-28.4780793,0
          </coordinates>
        </Point>
      </Placemark>
      <Placemark>
        <name>Camping Municipal Chos Malal</name>
        <styleUrl>#icon-1507-0F9D58-nodesc</styleUrl>
        <Point>
          <coordinates>
            -70.2751219,-37.3721765,0
          </coordinates>
        </Point>
      </Placemark>
      <Placemark>
        <name>Veterinaria El Choique</name>
        <styleUrl>#icon-1624-9C27B0-nodesc</styleUrl>
        <Point>
          <coordinates>
            -70.2761109,-37.3765681,0
          </coordinates>
        </Point>
      </Placemark>
      <Placemark>
        <name>Moro Tiendanimal</name>
        <styleUrl>#icon-1502-FFEA00-nodesc</styleUrl>
        <Point>
          <coordinates>
            -70.2714395,-37.3766488,0
          </coordinates>
        </Point>
      </Placemark>
      <Placemark>
        <name>Veterinaria San Sebastián</name>
        <styleUrl>#icon-1624-9C27B0-nodesc</styleUrl>
        <Point>
          <coordinates>
            -70.2771618,-37.377284,0
          </coordinates>
        </Point>
      </Placemark>
      <Placemark>
        <name>VETERINARIA EL CHOIQUE</name>
        <styleUrl>#icon-1624-9C27B0-nodesc</styleUrl>
        <Point>
          <coordinates>
            -70.2728357,-37.3797833,0
          </coordinates>
        </Point>
      </Placemark>
      <Placemark>
        <name>Camping Bahia</name>
        <styleUrl>#icon-1507-0F9D58-nodesc</styleUrl>
        <Point>
          <coordinates>
            -71.4267296,-39.757754,0
          </coordinates>
        </Point>
      </Placemark>
      <Placemark>
        <name>La Isla</name>
        <styleUrl>#icon-1507-0F9D58-nodesc</styleUrl>
        <Point>
          <coordinates>
            -71.0647784,-39.953942,0
          </coordinates>
        </Point>
      </Placemark>
      <Placemark>
        <name>Camping Mallín Beata Laura Vicuña</name>
        <styleUrl>#icon-1507-0F9D58-nodesc</styleUrl>
        <Point>
          <coordinates>
            -71.0654113,-39.953872,0
          </coordinates>
        </Point>
      </Placemark>
      <Placemark>
        <name>Camping Toscas Blancas</name>
        <styleUrl>#icon-1507-0F9D58-nodesc</styleUrl>
        <Point>
          <coordinates>
            -71.0767016,-39.9640587,0
          </coordinates>
        </Point>
      </Placemark>
      <Placemark>
        <name>Camping Lago Espejo Chico</name>
        <styleUrl>#icon-1507-0F9D58-nodesc</styleUrl>
        <Point>
          <coordinates>
            -71.7160246,-40.5953198,0
          </coordinates>
        </Point>
      </Placemark>
      <Placemark>
        <name>Camping Ñorquinco</name>
        <styleUrl>#icon-1507-0F9D58-nodesc</styleUrl>
        <Point>
          <coordinates>
            -71.274272,-39.1300814,0
          </coordinates>
        </Point>
      </Placemark>
      <Placemark>
        <name>Camping Libre Villarino</name>
        <styleUrl>#icon-1507-0F9D58-nodesc</styleUrl>
        <Point>
          <coordinates>
            -71.5446569,-40.4465256,0
          </coordinates>
        </Point>
      </Placemark>
      <Placemark>
        <name>Camping Municipal Las Ovejas</name>
        <styleUrl>#icon-1507-0F9D58-nodesc</styleUrl>
        <Point>
          <coordinates>
            -70.7488414,-36.989852,0
          </coordinates>
        </Point>
      </Placemark>
      <Placemark>
        <name>Camping Quintupuray</name>
        <styleUrl>#icon-1507-0F9D58-nodesc</styleUrl>
        <Point>
          <coordinates>
            -71.6657717,-40.6260045,0
          </coordinates>
        </Point>
      </Placemark>
      <Placemark>
        <name>Camping Cullumche Universidad Nacional de Cuyo</name>
        <styleUrl>#icon-1507-0F9D58-nodesc</styleUrl>
        <Point>
          <coordinates>
            -71.6665973,-40.7686538,0
          </coordinates>
        </Point>
      </Placemark>
      <Placemark>
        <name>Camping Pichi Traful</name>
        <styleUrl>#icon-1507-0F9D58-nodesc</styleUrl>
        <Point>
          <coordinates>
            -71.584167,-40.500878,0
          </coordinates>
        </Point>
      </Placemark>
      <Placemark>
        <name>Camping Piedra del Águila</name>
        <styleUrl>#icon-1507-0F9D58-nodesc</styleUrl>
        <Point>
          <coordinates>
            -70.0235936,-40.0538998,0
          </coordinates>
        </Point>
      </Placemark>
      <Placemark>
        <name>Camping Amigos de la Naturaleza</name>
        <styleUrl>#icon-1507-0F9D58-nodesc</styleUrl>
        <Point>
          <coordinates>
            -71.293002,-40.123091,0
          </coordinates>
        </Point>
      </Placemark>
      <Placemark>
        <name>Camping Catritre</name>
        <styleUrl>#icon-1507-0F9D58-nodesc</styleUrl>
        <Point>
          <coordinates>
            -71.4010356,-40.1738331,0
          </coordinates>
        </Point>
      </Placemark>
      <Placemark>
        <name>Camping Puerto Arturo</name>
        <styleUrl>#icon-1507-0F9D58-nodesc</styleUrl>
        <Point>
          <coordinates>
            -71.3748862,-40.0165926,0
          </coordinates>
        </Point>
      </Placemark>
      <Placemark>
        <name>UNQUEHUE Camping y Apartamentos Dormis</name>
        <styleUrl>#icon-1507-0F9D58-nodesc</styleUrl>
        <Point>
          <coordinates>
            -71.6535562,-40.7570466,0
          </coordinates>
        </Point>
      </Placemark>
      <Placemark>
        <name>Camping Quilla Hue comunidad mapuche</name>
        <styleUrl>#icon-1507-0F9D58-nodesc</styleUrl>
        <Point>
          <coordinates>
            -71.6674872,-40.7445637,0
          </coordinates>
        </Point>
      </Placemark>
      <Placemark>
        <name>Camping Traful Lauquen</name>
        <styleUrl>#icon-1507-0F9D58-nodesc</styleUrl>
        <Point>
          <coordinates>
            -71.3900866,-40.6579394,0
          </coordinates>
        </Point>
      </Placemark>
      <Placemark>
        <name>Veterinaria El Tenaz</name>
        <styleUrl>#icon-1624-9C27B0-nodesc</styleUrl>
        <Point>
          <coordinates>
            -71.0727482,-39.950458,0
          </coordinates>
        </Point>
      </Placemark>
      <Placemark>
        <name>Veterinaria Ranquel</name>
        <styleUrl>#icon-1624-9C27B0-nodesc</styleUrl>
        <Point>
          <coordinates>
            -71.0759779,-39.952488,0
          </coordinates>
        </Point>
      </Placemark>
      <Placemark>
        <name>Veterinaria AMÉRICA</name>
        <styleUrl>#icon-1624-9C27B0-nodesc</styleUrl>
        <Point>
          <coordinates>
            -71.0799073,-39.955074,0
          </coordinates>
        </Point>
      </Placemark>
      <Placemark>
        <name>Veterinaria Huemul</name>
        <styleUrl>#icon-1624-9C27B0-nodesc</styleUrl>
        <Point>
          <coordinates>
            -71.2893547,-40.137687,0
          </coordinates>
        </Point>
      </Placemark>
      <Placemark>
        <name><![CDATA[Villegas Veterinaria & Pet Shop]]></name>
        <styleUrl>#icon-1624-9C27B0-nodesc</styleUrl>
        <Point>
          <coordinates>
            -71.3551435,-40.1581391,0
          </coordinates>
        </Point>
      </Placemark>
      <Placemark>
        <name>Zoovet veterinaria</name>
        <styleUrl>#icon-1624-9C27B0-nodesc</styleUrl>
        <Point>
          <coordinates>
            -71.353562,-40.1590654,0
          </coordinates>
        </Point>
      </Placemark>
      <Placemark>
        <name>Veterinaria Carle</name>
        <styleUrl>#icon-1624-9C27B0-nodesc</styleUrl>
        <Point>
          <coordinates>
            -71.3498693,-40.1579402,0
          </coordinates>
        </Point>
      </Placemark>
      <Placemark>
        <name>MENDIETA Servicios Veterinarios Integrales</name>
        <styleUrl>#icon-1624-9C27B0-nodesc</styleUrl>
        <Point>
          <coordinates>
            -71.656029,-40.755473,0
          </coordinates>
        </Point>
      </Placemark>
      <Placemark>
        <name>Centro médico veterinario La Angostura</name>
        <styleUrl>#icon-1624-9C27B0-nodesc</styleUrl>
        <Point>
          <coordinates>
            -71.6440932,-40.7673536,0
          </coordinates>
        </Point>
      </Placemark>
      <Placemark>
        <name>Veterinaria Huemul</name>
        <styleUrl>#icon-1624-9C27B0-nodesc</styleUrl>
        <Point>
          <coordinates>
            -71.6415951,-40.7644018,0
          </coordinates>
        </Point>
      </Placemark>
      <Placemark>
        <name>Veterinaria de los Andes</name>
        <styleUrl>#icon-1624-9C27B0-nodesc</styleUrl>
        <Point>
          <coordinates>
            -71.1873219,-38.8825861,0
          </coordinates>
        </Point>
      </Placemark>
      <Placemark>
        <name>Veterinaria de los Andes</name>
        <styleUrl>#icon-1624-9C27B0-nodesc</styleUrl>
        <Point>
          <coordinates>
            -70.9143664,-39.2383828,0
          </coordinates>
        </Point>
      </Placemark>
      <Placemark>
        <name>Veterinaria Hueney-Che</name>
        <styleUrl>#icon-1624-9C27B0-nodesc</styleUrl>
        <Point>
          <coordinates>
            -70.0734434,-40.0465266,0
          </coordinates>
        </Point>
      </Placemark>
      <Placemark>
        <name>Camping El Yeti</name>
        <styleUrl>#icon-1507-0F9D58-nodesc</styleUrl>
        <Point>
          <coordinates>
            -71.3719364,-41.1238624,0
          </coordinates>
        </Point>
      </Placemark>
      <Placemark>
        <name>Camping Petunia</name>
        <styleUrl>#icon-1507-0F9D58-nodesc</styleUrl>
        <Point>
          <coordinates>
            -71.4485511,-41.0974511,0
          </coordinates>
        </Point>
      </Placemark>
      <Placemark>
        <name>Camping Isla 92</name>
        <styleUrl>#icon-1507-0F9D58-nodesc</styleUrl>
        <Point>
          <coordinates>
            -65.6645113,-39.2978679,0
          </coordinates>
        </Point>
      </Placemark>
      <Placemark>
        <name>Club De Caza Y Pesca Cipoletti</name>
        <styleUrl>#icon-1507-0F9D58-nodesc</styleUrl>
        <Point>
          <coordinates>
            -67.9948243,-38.9823735,0
          </coordinates>
        </Point>
      </Placemark>
      <Placemark>
        <name>Bungalow Montes</name>
        <styleUrl>#icon-1507-0F9D58-nodesc</styleUrl>
        <Point>
          <coordinates>
            -71.5383849,-41.9615667,0
          </coordinates>
        </Point>
      </Placemark>
      <Placemark>
        <name>Camping La Cascada</name>
        <styleUrl>#icon-1507-0F9D58-nodesc</styleUrl>
        <Point>
          <coordinates>
            -71.5441094,-41.9273565,0
          </coordinates>
        </Point>
      </Placemark>
      <Placemark>
        <name>Camping la Lomita</name>
        <styleUrl>#icon-1507-0F9D58-nodesc</styleUrl>
        <Point>
          <coordinates>
            -71.5428351,-41.9616072,0
          </coordinates>
        </Point>
      </Placemark>
      <Placemark>
        <name>Camping Ni Nada</name>
        <styleUrl>#icon-1507-0F9D58-nodesc</styleUrl>
        <Point>
          <coordinates>
            -71.5449282,-41.9786267,0
          </coordinates>
        </Point>
      </Placemark>
      <Placemark>
        <name>Camping Río Azul</name>
        <styleUrl>#icon-1507-0F9D58-nodesc</styleUrl>
        <Point>
          <coordinates>
            -71.5717129,-41.983409,0
          </coordinates>
        </Point>
      </Placemark>
      <Placemark>
        <name>Camping Amoem</name>
        <styleUrl>#icon-1507-0F9D58-nodesc</styleUrl>
        <Point>
          <coordinates>
            -65.0846513,-40.8061529,0
          </coordinates>
        </Point>
      </Placemark>
      <Placemark>
        <name>Camping F.O.Y.E.M.</name>
        <styleUrl>#icon-1507-0F9D58-nodesc</styleUrl>
        <Point>
          <coordinates>
            -65.0847905,-40.8056791,0
          </coordinates>
        </Point>
      </Placemark>
      <Placemark>
        <name>Camping El Oasis</name>
        <styleUrl>#icon-1507-0F9D58-nodesc</styleUrl>
        <Point>
          <coordinates>
            -65.0378026,-40.7663131,0
          </coordinates>
        </Point>
      </Placemark>
      <Placemark>
        <name>Camping y Deptos Guardalaola</name>
        <styleUrl>#icon-1507-0F9D58-nodesc</styleUrl>
        <Point>
          <coordinates>
            -65.0911113,-40.8083391,0
          </coordinates>
        </Point>
      </Placemark>
      <Placemark>
        <name>Camping Mutual Poder Judicial</name>
        <styleUrl>#icon-1507-0F9D58-nodesc</styleUrl>
        <Point>
          <coordinates>
            -65.0660361,-40.7990267,0
          </coordinates>
        </Point>
      </Placemark>
      <Placemark>
        <name>Camping Mutual Policial Neuquén</name>
        <styleUrl>#icon-1507-0F9D58-nodesc</styleUrl>
        <Point>
          <coordinates>
            -65.0679492,-40.8003462,0
          </coordinates>
        </Point>
      </Placemark>
      <Placemark>
        <name>Camping Mutullama</name>
        <styleUrl>#icon-1507-0F9D58-nodesc</styleUrl>
        <Point>
          <coordinates>
            -65.0675841,-40.7974333,0
          </coordinates>
        </Point>
      </Placemark>
      <Placemark>
        <name>Camping SOSUNC</name>
        <styleUrl>#icon-1507-0F9D58-nodesc</styleUrl>
        <Point>
          <coordinates>
            -65.0652093,-40.7980548,0
          </coordinates>
        </Point>
      </Placemark>
      <Placemark>
        <name>Camping Upcn Las Grutas</name>
        <styleUrl>#icon-1507-0F9D58-nodesc</styleUrl>
        <Point>
          <coordinates>
            -65.0838191,-40.805863,0
          </coordinates>
        </Point>
      </Placemark>
      <Placemark>
        <name>Balneario Rupanco</name>
        <styleUrl>#icon-1507-0F9D58-nodesc</styleUrl>
        <Point>
          <coordinates>
            -65.7645152,-39.2637549,0
          </coordinates>
        </Point>
      </Placemark>
      <Placemark>
        <name>Camping Río Colorado</name>
        <styleUrl>#icon-1507-0F9D58-nodesc</styleUrl>
        <Point>
          <coordinates>
            -64.1089588,-38.9773234,0
          </coordinates>
        </Point>
      </Placemark>
      <Placemark>
        <name>PataSgonia Petshop</name>
        <styleUrl>#icon-1502-FFEA00-nodesc</styleUrl>
        <Point>
          <coordinates>
            -65.0941349,-40.8107589,0
          </coordinates>
        </Point>
      </Placemark>
      <Placemark>
        <name>Centro Veterinario Zoovet</name>
        <styleUrl>#icon-1624-9C27B0-nodesc</styleUrl>
        <Point>
          <coordinates>
            -67.5753006,-39.0248021,0
          </coordinates>
        </Point>
      </Placemark>
      <Placemark>
        <name>Veterinaria Del Comahue</name>
        <styleUrl>#icon-1624-9C27B0-nodesc</styleUrl>
        <Point>
          <coordinates>
            -66.9425639,-39.1162477,0
          </coordinates>
        </Point>
      </Placemark>
      <Placemark>
        <name>Veterinaria La Marca</name>
        <styleUrl>#icon-1624-9C27B0-nodesc</styleUrl>
        <Point>
          <coordinates>
            -64.0999733,-38.9929248,0
          </coordinates>
        </Point>
      </Placemark>
      <Placemark>
        <name>Veterinaria Quime Quipan</name>
        <styleUrl>#icon-1624-9C27B0-nodesc</styleUrl>
        <Point>
          <coordinates>
            -71.4627591,-41.0829034,0
          </coordinates>
        </Point>
      </Placemark>
      <Placemark>
        <name>Clínica Veterinaria Vida</name>
        <styleUrl>#icon-1624-9C27B0-nodesc</styleUrl>
        <Point>
          <coordinates>
            -71.3798297,-41.1277635,0
          </coordinates>
        </Point>
      </Placemark>
      <Placemark>
        <name>Veterinaria Cerro Otto</name>
        <styleUrl>#icon-1624-9C27B0-nodesc</styleUrl>
        <Point>
          <coordinates>
            -71.3689064,-41.1303136,0
          </coordinates>
        </Point>
      </Placemark>
      <Placemark>
        <name>Hospital Veterinario Patagónico</name>
        <styleUrl>#icon-1624-9C27B0-nodesc</styleUrl>
        <Point>
          <coordinates>
            -71.3057912,-41.1372957,0
          </coordinates>
        </Point>
      </Placemark>
      <Placemark>
        <name>Veterinaria Machi Huaca</name>
        <styleUrl>#icon-1624-9C27B0-nodesc</styleUrl>
        <Point>
          <coordinates>
            -65.6595024,-39.2930254,0
          </coordinates>
        </Point>
      </Placemark>
      <Placemark>
        <name>Hospital Escuela de Veterinaria UNRN</name>
        <styleUrl>#icon-1624-9C27B0-nodesc</styleUrl>
        <Point>
          <coordinates>
            -65.6738773,-39.2727662,0
          </coordinates>
        </Point>
      </Placemark>
      <Placemark>
        <name>Veterinaria El Sauce</name>
        <styleUrl>#icon-1624-9C27B0-nodesc</styleUrl>
        <Point>
          <coordinates>
            -65.6589921,-39.2950455,0
          </coordinates>
        </Point>
      </Placemark>
      <Placemark>
        <name>Clinica Veterinaria Cipolletti</name>
        <styleUrl>#icon-1507-9C27B0-nodesc</styleUrl>
        <Point>
          <coordinates>
            -67.9963922,-38.9369912,0
          </coordinates>
        </Point>
      </Placemark>
      <Placemark>
        <name>Veterinaria la Granja Vip</name>
        <styleUrl>#icon-1624-9C27B0-nodesc</styleUrl>
        <Point>
          <coordinates>
            -67.9926046,-38.9496545,0
          </coordinates>
        </Point>
      </Placemark>
      <Placemark>
        <name>Los Andes Veterinaria</name>
        <styleUrl>#icon-1624-9C27B0-nodesc</styleUrl>
        <Point>
          <coordinates>
            -71.5379783,-41.9764443,0
          </coordinates>
        </Point>
      </Placemark>
      <Placemark>
        <name>Veterinaria PiltriVet</name>
        <styleUrl>#icon-1624-9C27B0-nodesc</styleUrl>
        <Point>
          <coordinates>
            -71.5400294,-41.9612184,0
          </coordinates>
        </Point>
      </Placemark>
      <Placemark>
        <name>Veterinaria Los Amigos</name>
        <styleUrl>#icon-1624-9C27B0-nodesc</styleUrl>
        <Point>
          <coordinates>
            -71.5359984,-41.9612976,0
          </coordinates>
        </Point>
      </Placemark>
      <Placemark>
        <name>Veterinaria Cosmos</name>
        <styleUrl>#icon-1624-9C27B0-nodesc</styleUrl>
        <Point>
          <coordinates>
            -71.5383869,-41.9717356,0
          </coordinates>
        </Point>
      </Placemark>
      <Placemark>
        <name><![CDATA[Vet & Vet]]></name>
        <styleUrl>#icon-1624-9C27B0-nodesc</styleUrl>
        <Point>
          <coordinates>
            -65.7646972,-39.306035,0
          </coordinates>
        </Point>
      </Placemark>
      <Placemark>
        <name>Puerto Patriada</name>
        <styleUrl>#icon-1507-0F9D58-nodesc</styleUrl>
        <Point>
          <coordinates>
            -71.5348142,-42.1484802,0
          </coordinates>
        </Point>
      </Placemark>
      <Placemark>
        <name>Camping el desemboque</name>
        <styleUrl>#icon-1507-0F9D58-nodesc</styleUrl>
        <Point>
          <coordinates>
            -71.6000482,-42.1515547,0
          </coordinates>
        </Point>
      </Placemark>
      <Placemark>
        <name>Camping El Faro</name>
        <styleUrl>#icon-1507-0F9D58-nodesc</styleUrl>
        <Point>
          <coordinates>
            -71.5213917,-42.156871,0
          </coordinates>
        </Point>
      </Placemark>
      <Placemark>
        <name><![CDATA[Camping "El Paraiso"]]></name>
        <styleUrl>#icon-1507-0F9D58-nodesc</styleUrl>
        <Point>
          <coordinates>
            -71.5343617,-42.0892392,0
          </coordinates>
        </Point>
      </Placemark>
      <Placemark>
        <name>Camping Cordillera</name>
        <styleUrl>#icon-1507-0F9D58-nodesc</styleUrl>
        <Point>
          <coordinates>
            -71.457067,-42.1079415,0
          </coordinates>
        </Point>
      </Placemark>
      <Placemark>
        <name>Camping y Cabañas Pocho</name>
        <styleUrl>#icon-1507-0F9D58-nodesc</styleUrl>
        <Point>
          <coordinates>
            -71.4223527,-42.129616,0
          </coordinates>
        </Point>
      </Placemark>
      <Placemark>
        <name>Camping Nahuel Pan</name>
        <styleUrl>#icon-1507-0F9D58-nodesc</styleUrl>
        <Point>
          <coordinates>
            -71.288116,-42.9081978,0
          </coordinates>
        </Point>
      </Placemark>
      <Placemark>
        <name>Camping Ailin Co - Dormis- Pileta</name>
        <styleUrl>#icon-1507-0F9D58-nodesc</styleUrl>
        <Point>
          <coordinates>
            -71.613981,-42.08251,0
          </coordinates>
        </Point>
      </Placemark>
      <Placemark>
        <name>Camping El Bosquecito</name>
        <styleUrl>#icon-1507-0F9D58-nodesc</styleUrl>
        <Point>
          <coordinates>
            -71.5672424,-42.0368516,0
          </coordinates>
        </Point>
      </Placemark>
      <Placemark>
        <name>Camping El Zorro</name>
        <styleUrl>#icon-1507-0F9D58-nodesc</styleUrl>
        <Point>
          <coordinates>
            -71.6111597,-42.0801356,0
          </coordinates>
        </Point>
      </Placemark>
      <Placemark>
        <name>Camping del Lago</name>
        <styleUrl>#icon-1507-0F9D58-nodesc</styleUrl>
        <Point>
          <coordinates>
            -71.4205181,-42.2102068,0
          </coordinates>
        </Point>
      </Placemark>
      <Placemark>
        <name>Camping ACA - Puerto Madryn</name>
        <styleUrl>#icon-1507-0F9D58-nodesc</styleUrl>
        <Point>
          <coordinates>
            -64.9996344,-42.7811329,0
          </coordinates>
        </Point>
      </Placemark>
      <Placemark>
        <name>Clinica Veterinaria del Mar</name>
        <styleUrl>#icon-1624-9C27B0-nodesc</styleUrl>
        <Point>
          <coordinates>
            -65.0192815,-42.7888164,0
          </coordinates>
        </Point>
      </Placemark>
      <Placemark>
        <name>Clinica Veterinaria Patagónica</name>
        <styleUrl>#icon-1624-9C27B0-nodesc</styleUrl>
        <Point>
          <coordinates>
            -65.0242149,-42.7854066,0
          </coordinates>
        </Point>
      </Placemark>
      <Placemark>
        <name>Ecovet</name>
        <styleUrl>#icon-1624-9C27B0-nodesc</styleUrl>
        <Point>
          <coordinates>
            -65.0261169,-42.7762748,0
          </coordinates>
        </Point>
      </Placemark>
      <Placemark>
        <name>Veterinaria Veronica it</name>
        <styleUrl>#icon-1624-9C27B0-nodesc</styleUrl>
        <Point>
          <coordinates>
            -71.3109238,-42.9131646,0
          </coordinates>
        </Point>
      </Placemark>
      <Placemark>
        <name>Veterinaria Ameghino</name>
        <styleUrl>#icon-1624-9C27B0-nodesc</styleUrl>
        <Point>
          <coordinates>
            -71.3087704,-42.9085108,0
          </coordinates>
        </Point>
      </Placemark>
      <Placemark>
        <name>Veterinaria Alvear</name>
        <styleUrl>#icon-1624-9C27B0-nodesc</styleUrl>
        <Point>
          <coordinates>
            -71.3155469,-42.9075861,0
          </coordinates>
        </Point>
      </Placemark>
      <Placemark>
        <name>Piazza Clínica Veterinaria</name>
        <styleUrl>#icon-1624-9C27B0-nodesc</styleUrl>
        <Point>
          <coordinates>
            -71.320631,-42.9178022,0
          </coordinates>
        </Point>
      </Placemark>
      <Placemark>
        <name>Forrajera Y Veterinaria DON NANO</name>
        <styleUrl>#icon-1624-9C27B0-nodesc</styleUrl>
        <Point>
          <coordinates>
            -71.6011202,-42.064402,0
          </coordinates>
        </Point>
      </Placemark>
      <Placemark>
        <name>Veterinaria Los Cauquenes</name>
        <styleUrl>#icon-1624-9C27B0-nodesc</styleUrl>
        <Point>
          <coordinates>
            -71.5965269,-42.0565971,0
          </coordinates>
        </Point>
      </Placemark>
      <Placemark>
        <name>Clínica Veterinaria ARRAYANES</name>
        <styleUrl>#icon-1624-9C27B0-nodesc</styleUrl>
        <Point>
          <coordinates>
            -71.5981773,-42.0594992,0
          </coordinates>
        </Point>
      </Placemark>
      <Placemark>
        <name>Veterinaria El Bagual</name>
        <styleUrl>#icon-1624-9C27B0-nodesc</styleUrl>
        <Point>
          <coordinates>
            -71.599736,-42.0639,0
          </coordinates>
        </Point>
      </Placemark>
      <Placemark>
        <name>LA VETERINARIA DE EL HOYO</name>
        <styleUrl>#icon-1624-9C27B0-nodesc</styleUrl>
        <Point>
          <coordinates>
            -71.5161285,-42.0682659,0
          </coordinates>
        </Point>
      </Placemark>
      <Placemark>
        <name>Estancia Suyai</name>
        <styleUrl>#icon-1507-0F9D58-nodesc</styleUrl>
        <Point>
          <coordinates>
            -71.9665684,-47.3674895,0
          </coordinates>
        </Point>
      </Placemark>
      <Placemark>
        <name>Camping Municipal Perito Moreno</name>
        <styleUrl>#icon-1507-0F9D58-nodesc</styleUrl>
        <Point>
          <coordinates>
            -70.9259063,-46.5959279,0
          </coordinates>
        </Point>
      </Placemark>
      <Placemark>
        <name>Camping Municipal Pto San Julián</name>
        <styleUrl>#icon-1507-0F9D58-nodesc</styleUrl>
        <Point>
          <coordinates>
            -67.721075,-49.3056991,0
          </coordinates>
        </Point>
      </Placemark>
      <Placemark>
        <name>Vet Salud</name>
        <styleUrl>#icon-1624-9C27B0-nodesc</styleUrl>
        <Point>
          <coordinates>
            -67.7178619,-49.3108159,0
          </coordinates>
        </Point>
      </Placemark>
      <Placemark>
        <name>Pro Plan Clinica Veterinaria</name>
        <styleUrl>#icon-1624-9C27B0-nodesc</styleUrl>
        <Point>
          <coordinates>
            -67.728398,-49.3059401,0
          </coordinates>
        </Point>
      </Placemark>
      <Placemark>
        <name>Kauquen Veterinaria</name>
        <styleUrl>#icon-1624-9C27B0-nodesc</styleUrl>
        <Point>
          <coordinates>
            -70.9254018,-46.593436,0
          </coordinates>
        </Point>
      </Placemark>
      <Placemark>
        <name>Veterinaria Perito Moreno</name>
        <styleUrl>#icon-1624-9C27B0-nodesc</styleUrl>
        <Point>
          <coordinates>
            -70.9309904,-46.5919226,0
          </coordinates>
        </Point>
      </Placemark>
      <Placemark>
        <name>Camping Municipal Dique la Ciénaga</name>
        <styleUrl>#icon-1507-0F9D58-nodesc</styleUrl>
        <Point>
          <coordinates>
            -65.2851753,-24.4131705,0
          </coordinates>
        </Point>
      </Placemark>
      <Placemark>
        <name>Camping Nuestra Señora del Carmen</name>
        <styleUrl>#icon-1507-0F9D58-nodesc</styleUrl>
        <Point>
          <coordinates>
            -65.2770388,-24.4311864,0
          </coordinates>
        </Point>
      </Placemark>
      <Placemark>
        <name><![CDATA[Camping "M&G"]]></name>
        <styleUrl>#icon-1507-0F9D58-nodesc</styleUrl>
        <Point>
          <coordinates>
            -64.9642304,-24.5362836,0
          </coordinates>
        </Point>
      </Placemark>
      <Placemark>
        <name>Camping Paraíso</name>
        <styleUrl>#icon-1507-0F9D58-nodesc</styleUrl>
        <Point>
          <coordinates>
            -64.9825396,-24.530693,0
          </coordinates>
        </Point>
      </Placemark>
      <Placemark>
        <name>Camping El Jardín</name>
        <styleUrl>#icon-1507-0F9D58-nodesc</styleUrl>
        <Point>
          <coordinates>
            -65.3997321,-23.5768349,0
          </coordinates>
        </Point>
      </Placemark>
      <Placemark>
        <name>Camping El Refugio</name>
        <styleUrl>#icon-1507-0F9D58-nodesc</styleUrl>
        <Point>
          <coordinates>
            -65.4014394,-24.1201406,0
          </coordinates>
        </Point>
      </Placemark>
      <Placemark>
        <name>CAMPING los NOGALES Yala JUJUY</name>
        <styleUrl>#icon-1507-0F9D58-nodesc</styleUrl>
        <Point>
          <coordinates>
            -65.4190712,-24.1209869,0
          </coordinates>
        </Point>
      </Placemark>
      <Placemark>
        <name>Clinica Veterinaria Los Manantiales</name>
        <styleUrl>#icon-1624-9C27B0-nodesc</styleUrl>
        <Point>
          <coordinates>
            -65.1205536,-24.3774147,0
          </coordinates>
        </Point>
      </Placemark>
      <Placemark>
        <name>Veterinaria Helios</name>
        <styleUrl>#icon-1624-9C27B0-nodesc</styleUrl>
        <Point>
          <coordinates>
            -65.2634427,-24.2142164,0
          </coordinates>
        </Point>
      </Placemark>
      <Placemark>
        <name>Veterinaria del Parque</name>
        <styleUrl>#icon-1624-9C27B0-nodesc</styleUrl>
        <Point>
          <coordinates>
            -65.3177566,-24.1811967,0
          </coordinates>
        </Point>
      </Placemark>
      <Placemark>
        <name>Centro Médico Veterinario</name>
        <styleUrl>#icon-1624-9C27B0-nodesc</styleUrl>
        <Point>
          <coordinates>
            -65.3119551,-24.1819766,0
          </coordinates>
        </Point>
      </Placemark>
      <Placemark>
        <name>Canedi Veterinaria</name>
        <styleUrl>#icon-1624-9C27B0-nodesc</styleUrl>
        <Point>
          <coordinates>
            -65.3080121,-24.1883638,0
          </coordinates>
        </Point>
      </Placemark>
      <Placemark>
        <name>Veterinaria Tocona Daniel</name>
        <styleUrl>#icon-1624-9C27B0-nodesc</styleUrl>
        <Point>
          <coordinates>
            -65.3976744,-23.5791477,0
          </coordinates>
        </Point>
      </Placemark>
      <Placemark>
        <name>Veterinaria MI TATA</name>
        <styleUrl>#icon-1624-9C27B0-nodesc</styleUrl>
        <Point>
          <coordinates>
            -65.2606532,-24.3877906,0
          </coordinates>
        </Point>
      </Placemark>
      <Placemark>
        <name>HUELLITAS Peluquería y estética canina</name>
        <styleUrl>#icon-1502-FFEA00-nodesc</styleUrl>
        <Point>
          <coordinates>
            -65.2616197,-24.3923935,0
          </coordinates>
        </Point>
      </Placemark>
      <Placemark>
        <name>Veterinaria del Campo</name>
        <styleUrl>#icon-1624-9C27B0-nodesc</styleUrl>
        <Point>
          <coordinates>
            -65.2609939,-24.3901195,0
          </coordinates>
        </Point>
      </Placemark>
      <Placemark>
        <name>Veterinaria Vieyra</name>
        <styleUrl>#icon-1624-9C27B0-nodesc</styleUrl>
        <Point>
          <coordinates>
            -65.404306,-24.1220155,0
          </coordinates>
        </Point>
      </Placemark>
      <Placemark>
        <name>Camping Municipal</name>
        <styleUrl>#icon-1507-0F9D58-nodesc</styleUrl>
        <Point>
          <coordinates>
            -66.1676341,-25.6920792,0
          </coordinates>
        </Point>
      </Placemark>
      <Placemark>
        <name>Camping Chorro Blanco</name>
        <styleUrl>#icon-1507-0F9D58-nodesc</styleUrl>
        <Point>
          <coordinates>
            -65.6199331,-25.1608242,0
          </coordinates>
        </Point>
      </Placemark>
      <Placemark>
        <name>Camping Municipal de Cachi</name>
        <styleUrl>#icon-1507-0F9D58-nodesc</styleUrl>
        <Point>
          <coordinates>
            -66.1678005,-25.1216068,0
          </coordinates>
        </Point>
      </Placemark>
      <Placemark>
        <name>Camping Luz y Fuerza</name>
        <styleUrl>#icon-1507-0F9D58-nodesc</styleUrl>
        <Point>
          <coordinates>
            -65.9770209,-26.0801897,0
          </coordinates>
        </Point>
      </Placemark>
      <Placemark>
        <name>Camping Campo Quijano</name>
        <styleUrl>#icon-1507-0F9D58-nodesc</styleUrl>
        <Point>
          <coordinates>
            -65.6518611,-24.906069,0
          </coordinates>
        </Point>
      </Placemark>
      <Placemark>
        <name>Camping Euli</name>
        <styleUrl>#icon-1507-0F9D58-nodesc</styleUrl>
        <Point>
          <coordinates>
            -65.0150923,-25.7235013,0
          </coordinates>
        </Point>
      </Placemark>
      <Placemark>
        <name>Camping Gonzalito</name>
        <styleUrl>#icon-1507-0F9D58-nodesc</styleUrl>
        <Point>
          <coordinates>
            -65.2190726,-22.7920629,0
          </coordinates>
        </Point>
      </Placemark>
      <Placemark>
        <name>Camping Municipal La Viña</name>
        <styleUrl>#icon-1507-0F9D58-nodesc</styleUrl>
        <Point>
          <coordinates>
            -65.5676372,-25.4643354,0
          </coordinates>
        </Point>
      </Placemark>
      <Placemark>
        <name>Camping Municipal San Lorenzo</name>
        <styleUrl>#icon-1507-0F9D58-nodesc</styleUrl>
        <Point>
          <coordinates>
            -65.484855,-24.7332407,0
          </coordinates>
        </Point>
      </Placemark>
      <Placemark>
        <name>Pacará Agro Veterinaria</name>
        <styleUrl>#icon-1624-9C27B0-nodesc</styleUrl>
        <Point>
          <coordinates>
            -65.5312078,-25.0831721,0
          </coordinates>
        </Point>
      </Placemark>
      <Placemark>
        <name>Hospital Veterinario Santa Ana</name>
        <styleUrl>#icon-1624-9C27B0-nodesc</styleUrl>
        <Point>
          <coordinates>
            -65.4610864,-24.8574064,0
          </coordinates>
        </Point>
      </Placemark>
      <Placemark>
        <name>Veterinaria Patán</name>
        <styleUrl>#icon-1624-9C27B0-nodesc</styleUrl>
        <Point>
          <coordinates>
            -65.4121601,-24.7614618,0
          </coordinates>
        </Point>
      </Placemark>
      <Placemark>
        <name>Clinica Veterinaria Dr. Hamann</name>
        <styleUrl>#icon-1624-9C27B0-nodesc</styleUrl>
        <Point>
          <coordinates>
            -65.4278807,-24.7902946,0
          </coordinates>
        </Point>
      </Placemark>
      <Placemark>
        <name>Veterinaria Tres Perritos</name>
        <styleUrl>#icon-1624-9C27B0-nodesc</styleUrl>
        <Point>
          <coordinates>
            -65.9778716,-26.0748028,0
          </coordinates>
        </Point>
      </Placemark>
      <Placemark>
        <name>Veterinaria Dr. Leone</name>
        <styleUrl>#icon-1624-9C27B0-nodesc</styleUrl>
        <Point>
          <coordinates>
            -65.6401814,-24.9074786,0
          </coordinates>
        </Point>
      </Placemark>
      <Placemark>
        <name>Veterinaria Cira</name>
        <styleUrl>#icon-1624-9C27B0-nodesc</styleUrl>
        <Point>
          <coordinates>
            -65.6443402,-24.9071133,0
          </coordinates>
        </Point>
      </Placemark>
      <Placemark>
        <name>Veterinaria Dr. Arjona</name>
        <styleUrl>#icon-1624-9C27B0-nodesc</styleUrl>
        <Point>
          <coordinates>
            -65.582109,-24.980711,0
          </coordinates>
        </Point>
      </Placemark>
      <Placemark>
        <name>VETERINARIA SAN LORENZO</name>
        <styleUrl>#icon-1624-9C27B0-nodesc</styleUrl>
        <Point>
          <coordinates>
            -65.487016,-24.735743,0
          </coordinates>
        </Point>
      </Placemark>
      <Placemark>
        <name>Rocos Pet Shop</name>
        <styleUrl>#icon-1502-FFEA00-nodesc</styleUrl>
        <Point>
          <coordinates>
            -65.4844452,-24.7444242,0
          </coordinates>
        </Point>
      </Placemark>
      <Placemark>
        <name>Clínica Veterinaria La Quebrada</name>
        <styleUrl>#icon-1624-9C27B0-nodesc</styleUrl>
        <Point>
          <coordinates>
            -65.4947569,-24.7292544,0
          </coordinates>
        </Point>
      </Placemark>
      <Placemark>
        <name>Camping Municipal Los Sauzales</name>
        <styleUrl>#icon-1507-0F9D58-nodesc</styleUrl>
        <Point>
          <coordinates>
            -65.7148501,-26.8489127,0
          </coordinates>
        </Point>
      </Placemark>
      <Placemark>
        <name>PUNTA ARENA. Complejo Turístico</name>
        <styleUrl>#icon-1507-0F9D58-nodesc</styleUrl>
        <Point>
          <coordinates>
            -60.1313973,-31.1830135,0
          </coordinates>
        </Point>
      </Placemark>
      <Placemark>
        <name>Camping Municipal Pueblo Esther * BAJADA RIMOLDI*</name>
        <styleUrl>#icon-1507-0F9D58-nodesc</styleUrl>
        <Point>
          <coordinates>
            -60.5430564,-33.0896688,0
          </coordinates>
        </Point>
      </Placemark>
      <Placemark>
        <name>Cámping Puerto Gaboto</name>
        <styleUrl>#icon-1507-0F9D58-nodesc</styleUrl>
        <Point>
          <coordinates>
            -60.8099971,-32.4457389,0
          </coordinates>
        </Point>
      </Placemark>
      <Placemark>
        <name>VETERINARIA LA TRANQUERA</name>
        <styleUrl>#icon-1624-9C27B0-nodesc</styleUrl>
        <Point>
          <coordinates>
            -60.1588472,-31.1954834,0
          </coordinates>
        </Point>
      </Placemark>
      <Placemark>
        <name>Veterinaria del Pueblo</name>
        <styleUrl>#icon-1624-9C27B0-nodesc</styleUrl>
        <Point>
          <coordinates>
            -60.5825442,-33.0694668,0
          </coordinates>
        </Point>
      </Placemark>
      <Placemark>
        <name>Veterinaria Jagua</name>
        <styleUrl>#icon-1624-9C27B0-nodesc</styleUrl>
        <Point>
          <coordinates>
            -60.5768061,-33.073621,0
          </coordinates>
        </Point>
      </Placemark>
      <Placemark>
        <name>Veterinaria Dr. Gonzalo Mattos Pueblo Esther</name>
        <styleUrl>#icon-1624-9C27B0-nodesc</styleUrl>
        <Point>
          <coordinates>
            -60.5757756,-33.0726081,0
          </coordinates>
        </Point>
      </Placemark>
      <Placemark>
        <name><![CDATA[Veterinaria "El Cebú"]]></name>
        <styleUrl>#icon-1624-9C27B0-nodesc</styleUrl>
        <Point>
          <coordinates>
            -60.8163545,-32.436293,0
          </coordinates>
        </Point>
      </Placemark>
      <Placemark>
        <name>Salto Berrondo</name>
        <styleUrl>#icon-1507-0F9D58-nodesc</styleUrl>
        <Point>
          <coordinates>
            -55.1960696,-27.4821558,0
          </coordinates>
        </Point>
      </Placemark>
      <Placemark>
        <name>Camping Tierra Roja Parque Recreativo</name>
        <styleUrl>#icon-1507-0F9D58-nodesc</styleUrl>
        <Point>
          <coordinates>
            -54.5747983,-25.6383996,0
          </coordinates>
        </Point>
      </Placemark>
      <Placemark>
        <name>Ecoparque Urugua-I</name>
        <styleUrl>#icon-1507-0F9D58-nodesc</styleUrl>
        <Point>
          <coordinates>
            -54.5553277,-25.9050516,0
          </coordinates>
        </Point>
      </Placemark>
      <Placemark>
        <name>Parque Ecológico y Camping Municipal del Valle del Cuña Pirú</name>
        <styleUrl>#icon-1507-0F9D58-nodesc</styleUrl>
        <Point>
          <coordinates>
            -54.9516796,-27.088593,0
          </coordinates>
        </Point>
      </Placemark>
      <Placemark>
        <name>CAMPING PUERTO ARENAS</name>
        <styleUrl>#icon-1507-0F9D58-nodesc</styleUrl>
        <Point>
          <coordinates>
            -55.1572905,-27.868864,0
          </coordinates>
        </Point>
      </Placemark>
      <Placemark>
        <name>Veterinaria Mis Mascotas</name>
        <styleUrl>#icon-1624-9C27B0-nodesc</styleUrl>
        <Point>
          <coordinates>
            -55.1198311,-27.4882116,0
          </coordinates>
        </Point>
      </Placemark>
      <Placemark>
        <name>Mundo Zoo Clinica Veterinaria</name>
        <styleUrl>#icon-1624-9C27B0-nodesc</styleUrl>
        <Point>
          <coordinates>
            -55.1207466,-27.4950258,0
          </coordinates>
        </Point>
      </Placemark>
      <Placemark>
        <name>Clinica Veterinaria, Pajaro loco, Obera</name>
        <styleUrl>#icon-1624-9C27B0-nodesc</styleUrl>
        <Point>
          <coordinates>
            -55.1181508,-27.4844247,0
          </coordinates>
        </Point>
      </Placemark>
      <Placemark>
        <name>Veterinaria Naturalny</name>
        <styleUrl>#icon-1624-9C27B0-nodesc</styleUrl>
        <Point>
          <coordinates>
            -54.5606518,-25.6242858,0
          </coordinates>
        </Point>
      </Placemark>
      <Placemark>
        <name>Centro Veterinario - Dra Agüero Maria Celeste</name>
        <styleUrl>#icon-1624-9C27B0-nodesc</styleUrl>
        <Point>
          <coordinates>
            -54.5752125,-25.6108754,0
          </coordinates>
        </Point>
      </Placemark>
      <Placemark>
        <name>Peluqueria Canina</name>
        <styleUrl>#icon-1624-FFEA00-nodesc</styleUrl>
        <Point>
          <coordinates>
            -54.5772404,-25.6072122,0
          </coordinates>
        </Point>
      </Placemark>
      <Placemark>
        <name>Agroveterinaria grandes y pequeños</name>
        <styleUrl>#icon-1624-9C27B0-nodesc</styleUrl>
        <Point>
          <coordinates>
            -54.5724739,-25.977185,0
          </coordinates>
        </Point>
      </Placemark>
      <Placemark>
        <name><![CDATA[Veterinaria y Petshop "PATITAS"]]></name>
        <styleUrl>#icon-1624-9C27B0-nodesc</styleUrl>
        <Point>
          <coordinates>
            -55.2410199,-27.0458023,0
          </coordinates>
        </Point>
      </Placemark>
      <Placemark>
        <name>Veterinaria el ceibo</name>
        <styleUrl>#icon-1624-9C27B0-nodesc</styleUrl>
        <Point>
          <coordinates>
            -55.4684284,-27.1911732,0
          </coordinates>
        </Point>
      </Placemark>
      <Placemark>
        <name>Veterinaria El Gato</name>
        <styleUrl>#icon-1624-9C27B0-nodesc</styleUrl>
        <Point>
          <coordinates>
            -55.0603593,-26.9707293,0
          </coordinates>
        </Point>
      </Placemark>
      <Placemark>
        <name>Camping Municipal Bella Vista</name>
        <styleUrl>#icon-1507-0F9D58-nodesc</styleUrl>
        <Point>
          <coordinates>
            -59.0507316,-28.5106983,0
          </coordinates>
        </Point>
      </Placemark>
      <Placemark>
        <name>Balneario El Rincón</name>
        <styleUrl>#icon-1507-0F9D58-nodesc</styleUrl>
        <Point>
          <coordinates>
            -57.6228072,-27.755982,0
          </coordinates>
        </Point>
      </Placemark>
      <Placemark>
        <name>Camping Municipal Gerónimo Merello</name>
        <styleUrl>#icon-1507-0F9D58-nodesc</styleUrl>
        <Point>
          <coordinates>
            -58.812378,-27.948072,0
          </coordinates>
        </Point>
      </Placemark>
      <Placemark>
        <name>Camping Municipal Ituzaingo</name>
        <styleUrl>#icon-1507-0F9D58-nodesc</styleUrl>
        <Point>
          <coordinates>
            -56.6757248,-27.5658625,0
          </coordinates>
        </Point>
      </Placemark>
      <Placemark>
        <name>Camping Municipal Carlos Pellegrini</name>
        <styleUrl>#icon-1507-0F9D58-nodesc</styleUrl>
        <Point>
          <coordinates>
            -57.18645,-28.537906,0
          </coordinates>
        </Point>
      </Placemark>
      <Placemark>
        <name>Veterinaria San Roque</name>
        <styleUrl>#icon-1624-9C27B0-nodesc</styleUrl>
        <Point>
          <coordinates>
            -56.6712242,-27.5696747,0
          </coordinates>
        </Point>
      </Placemark>
      <Placemark>
        <name>Iberá Clínica Veterinaria</name>
        <styleUrl>#icon-1624-9C27B0-nodesc</styleUrl>
        <Point>
          <coordinates>
            -58.8398517,-27.4649814,0
          </coordinates>
        </Point>
      </Placemark>
      <Placemark>
        <name>Veterinaria Santa Rita</name>
        <styleUrl>#icon-1624-9C27B0-nodesc</styleUrl>
        <Point>
          <coordinates>
            -57.6250627,-27.7526759,0
          </coordinates>
        </Point>
      </Placemark>
      <Placemark>
        <name>Bovitec - Agro Veterinaria</name>
        <styleUrl>#icon-1624-9C27B0-nodesc</styleUrl>
        <Point>
          <coordinates>
            -57.621932,-27.7552095,0
          </coordinates>
        </Point>
      </Placemark>
      <Placemark>
        <name>Veterinaria Caa Cati</name>
        <styleUrl>#icon-1624-9C27B0-nodesc</styleUrl>
        <Point>
          <coordinates>
            -57.6200586,-27.7518749,0
          </coordinates>
        </Point>
      </Placemark>
      <Placemark>
        <name>Veterinaria Arandu</name>
        <styleUrl>#icon-1624-9C27B0-nodesc</styleUrl>
        <Point>
          <coordinates>
            -59.0434406,-28.5114548,0
          </coordinates>
        </Point>
      </Placemark>
      <Placemark>
        <name>Taragui Agroveterinaria</name>
        <styleUrl>#icon-1624-9C27B0-nodesc</styleUrl>
        <Point>
          <coordinates>
            -59.0422189,-28.5194913,0
          </coordinates>
        </Point>
      </Placemark>
      <Placemark>
        <name>Proveeduría Rural Veterinaria</name>
        <styleUrl>#icon-1624-9C27B0-nodesc</styleUrl>
        <Point>
          <coordinates>
            -59.04378,-28.5087357,0
          </coordinates>
        </Point>
      </Placemark>
      <Placemark>
        <name>Veterinaria JUAN M APARICIO</name>
        <styleUrl>#icon-1624-9C27B0-nodesc</styleUrl>
        <Point>
          <coordinates>
            -59.0421278,-28.5049723,0
          </coordinates>
        </Point>
      </Placemark>
      <Placemark>
        <name>Camping Municipal Yapeyú</name>
        <styleUrl>#icon-1507-0F9D58-nodesc</styleUrl>
        <Point>
          <coordinates>
            -56.818168,-29.4763808,0
          </coordinates>
        </Point>
      </Placemark>
      <Placemark>
        <name>Balneario Almafuerte</name>
        <styleUrl>#icon-1507-0F9D58-nodesc</styleUrl>
        <Point>
          <coordinates>
            -64.2319711,-32.1700518,0
          </coordinates>
        </Point>
      </Placemark>
      <Placemark>
        <name>Camping La paz</name>
        <styleUrl>#icon-1507-0F9D58-nodesc</styleUrl>
        <Point>
          <coordinates>
            -64.7444913,-32.6600151,0
          </coordinates>
        </Point>
      </Placemark>
      <Placemark>
        <name>Camping El Bigua</name>
        <styleUrl>#icon-1507-0F9D58-nodesc</styleUrl>
        <Point>
          <coordinates>
            -64.3910845,-31.6561815,0
          </coordinates>
        </Point>
      </Placemark>
      <Placemark>
        <name>Casa Vieja</name>
        <styleUrl>#icon-1502-FFEA00-nodesc</styleUrl>
        <Point>
          <coordinates>
            -64.5741935,-32.1754981,0
          </coordinates>
        </Point>
      </Placemark>
      <Placemark>
        <name>Camping Tibidabo</name>
        <styleUrl>#icon-1507-0F9D58-nodesc</styleUrl>
        <Point>
          <coordinates>
            -64.465394,-31.2340127,0
          </coordinates>
        </Point>
      </Placemark>
      <Placemark>
        <name>Camping Municipal La Cartuja</name>
        <styleUrl>#icon-1507-0F9D58-nodesc</styleUrl>
        <Point>
          <coordinates>
            -64.780978,-30.7522214,0
          </coordinates>
        </Point>
      </Placemark>
      <Placemark>
        <name>Camping El Bigua</name>
        <styleUrl>#icon-1507-0F9D58-nodesc</styleUrl>
        <Point>
          <coordinates>
            -64.5253997,-31.8385726,0
          </coordinates>
        </Point>
      </Placemark>
      <Placemark>
        <name>La Colina Restaurant</name>
        <styleUrl>#icon-1502-FFEA00-nodesc</styleUrl>
        <Point>
          <coordinates>
            -64.7712216,-31.9003919,0
          </coordinates>
        </Point>
      </Placemark>
      <Placemark>
        <name>EcoCamping Los Cocos - Grupo Scout Isla de Brownsea</name>
        <styleUrl>#icon-1507-0F9D58-nodesc</styleUrl>
        <Point>
          <coordinates>
            -64.4998784,-30.9252717,0
          </coordinates>
        </Point>
      </Placemark>
      <Placemark>
        <name>Camping Abuelo Kurt</name>
        <styleUrl>#icon-1507-0F9D58-nodesc</styleUrl>
        <Point>
          <coordinates>
            -64.3800664,-31.8411956,0
          </coordinates>
        </Point>
      </Placemark>
      <Placemark>
        <name>Camping Corral de Pirca</name>
        <styleUrl>#icon-1507-0F9D58-nodesc</styleUrl>
        <Point>
          <coordinates>
            -64.567146,-31.8924641,0
          </coordinates>
        </Point>
      </Placemark>
      <Placemark>
        <name><![CDATA[Camping "Laguna del Plata"]]></name>
        <styleUrl>#icon-1507-0F9D58-nodesc</styleUrl>
        <Point>
          <coordinates>
            -62.8835826,-30.9404802,0
          </coordinates>
        </Point>
      </Placemark>
      <Placemark>
        <name>Camping Playa Mansa</name>
        <styleUrl>#icon-1507-0F9D58-nodesc</styleUrl>
        <Point>
          <coordinates>
            -65.0107508,-31.7419177,0
          </coordinates>
        </Point>
      </Placemark>
      <Placemark>
        <name>Camping Los Sanavirones</name>
        <styleUrl>#icon-1507-0F9D58-nodesc</styleUrl>
        <Point>
          <coordinates>
            -62.6673627,-30.9039987,0
          </coordinates>
        </Point>
      </Placemark>
      <Placemark>
        <name>Camping BAHIA DEL SOL</name>
        <styleUrl>#icon-1507-0F9D58-nodesc</styleUrl>
        <Point>
          <coordinates>
            -62.677706,-30.9131869,0
          </coordinates>
        </Point>
      </Placemark>
      <Placemark>
        <name>Camping SAM</name>
        <styleUrl>#icon-1507-0F9D58-nodesc</styleUrl>
        <Point>
          <coordinates>
            -62.6711078,-30.924277,0
          </coordinates>
        </Point>
      </Placemark>
      <Placemark>
        <name>camping Santa Rita ,Nono</name>
        <styleUrl>#icon-1507-0F9D58-nodesc</styleUrl>
        <Point>
          <coordinates>
            -65.0179418,-31.7983948,0
          </coordinates>
        </Point>
      </Placemark>
      <Placemark>
        <name>Camping municipal Villa del Sol</name>
        <styleUrl>#icon-1507-0F9D58-nodesc</styleUrl>
        <Point>
          <coordinates>
            -64.3478428,-33.110116,0
          </coordinates>
        </Point>
      </Placemark>
      <Placemark>
        <name>Balneario Comechingones</name>
        <styleUrl>#icon-1507-0F9D58-nodesc</styleUrl>
        <Point>
          <coordinates>
            -64.9806292,-31.9028964,0
          </coordinates>
        </Point>
      </Placemark>
      <Placemark>
        <name>Camping Los Algarrobos</name>
        <styleUrl>#icon-1507-0F9D58-nodesc</styleUrl>
        <Point>
          <coordinates>
            -65.0325188,-31.6602085,0
          </coordinates>
        </Point>
      </Placemark>
      <Placemark>
        <name>El camping de los 7 colores</name>
        <styleUrl>#icon-1507-0F9D58-nodesc</styleUrl>
        <Point>
          <coordinates>
            -64.6338265,-30.7815772,0
          </coordinates>
        </Point>
      </Placemark>
      <Placemark>
        <name>Camping Municipal De San Marcos Sierras</name>
        <styleUrl>#icon-1507-0F9D58-nodesc</styleUrl>
        <Point>
          <coordinates>
            -64.6344932,-30.7812529,0
          </coordinates>
        </Point>
      </Placemark>
      <Placemark>
        <name>Camping Viracocha</name>
        <styleUrl>#icon-1507-0F9D58-nodesc</styleUrl>
        <Point>
          <coordinates>
            -64.6358211,-30.7844558,0
          </coordinates>
        </Point>
      </Placemark>
      <Placemark>
        <name>Camping La Arbolada</name>
        <styleUrl>#icon-1507-0F9D58-nodesc</styleUrl>
        <Point>
          <coordinates>
            -64.4567154,-31.3607284,0
          </coordinates>
        </Point>
      </Placemark>
      <Placemark>
        <name>Camping AGEC Santa Maria de Punilla</name>
        <styleUrl>#icon-1507-0F9D58-nodesc</styleUrl>
        <Point>
          <coordinates>
            -64.4623638,-31.2779408,0
          </coordinates>
        </Point>
      </Placemark>
      <Placemark>
        <name>Complejo Turístico Peñón del Indio Enamorado</name>
        <styleUrl>#icon-1507-0F9D58-nodesc</styleUrl>
        <Point>
          <coordinates>
            -64.4936592,-31.1114271,0
          </coordinates>
        </Point>
      </Placemark>
      <Placemark>
        <name>Balneario Municipal Dique La Isla</name>
        <styleUrl>#icon-1507-0F9D58-nodesc</styleUrl>
        <Point>
          <coordinates>
            -64.4902835,-31.1182281,0
          </coordinates>
        </Point>
      </Placemark>
      <Placemark>
        <name>Camping La Ribera</name>
        <styleUrl>#icon-1507-0F9D58-nodesc</styleUrl>
        <Point>
          <coordinates>
            -64.516615,-31.452612,0
          </coordinates>
        </Point>
      </Placemark>
      <Placemark>
        <name>Camping Bahia del Gitano</name>
        <styleUrl>#icon-1507-0F9D58-nodesc</styleUrl>
        <Point>
          <coordinates>
            -64.5048607,-31.4447027,0
          </coordinates>
        </Point>
      </Placemark>
      <Placemark>
        <name>Camping Villa del Dique</name>
        <styleUrl>#icon-1507-0F9D58-nodesc</styleUrl>
        <Point>
          <coordinates>
            -64.4495297,-32.1753974,0
          </coordinates>
        </Point>
      </Placemark>
      <Placemark>
        <name>Camping Smata Embalse de Calamuchita</name>
        <styleUrl>#icon-1507-0F9D58-nodesc</styleUrl>
        <Point>
          <coordinates>
            -64.4089606,-32.1855664,0
          </coordinates>
        </Point>
      </Placemark>
      <Placemark>
        <name>Camping Familia Franchini (ex El Diquecito)</name>
        <styleUrl>#icon-1507-0F9D58-nodesc</styleUrl>
        <Point>
          <coordinates>
            -64.4475921,-31.7310102,0
          </coordinates>
        </Point>
      </Placemark>
      <Placemark>
        <name>Camping Municipal</name>
        <styleUrl>#icon-1507-0F9D58-nodesc</styleUrl>
        <Point>
          <coordinates>
            -64.4499563,-31.6496656,0
          </coordinates>
        </Point>
      </Placemark>
      <Placemark>
        <name>Camping El Tala - San Clemente del Tuyú</name>
        <styleUrl>#icon-1507-0F9D58-nodesc</styleUrl>
        <Point>
          <coordinates>
            -56.7219436,-36.3744544,0
          </coordinates>
        </Point>
      </Placemark>
      <Placemark>
        <name>Camping Municipal</name>
        <styleUrl>#icon-1507-0F9D58-nodesc</styleUrl>
        <Point>
          <coordinates>
            -66.5237886,-33.1379111,0
          </coordinates>
        </Point>
      </Placemark>
      <Placemark>
        <name>Complejo Turistico Los Trentinos</name>
        <styleUrl>#icon-1507-0F9D58-nodesc</styleUrl>
        <Point>
          <coordinates>
            -62.8302404,-41.0519224,0
          </coordinates>
        </Point>
      </Placemark>
      <Placemark>
        <name>Camping Oasis</name>
        <styleUrl>#icon-1507-0F9D58-nodesc</styleUrl>
        <Point>
          <coordinates>
            -58.9114745,-33.8775571,0
          </coordinates>
        </Point>
      </Placemark>
      <Placemark>
        <name>Refugio Ventana</name>
        <styleUrl>#icon-1507-0F9D58-nodesc</styleUrl>
        <Point>
          <coordinates>
            -71.3801148,-41.185484,0
          </coordinates>
        </Point>
      </Placemark>
      <Placemark>
        <name>YPF • ACA Esquel</name>
        <styleUrl>#icon-1507-0F9D58-nodesc</styleUrl>
        <Point>
          <coordinates>
            -71.3188591,-42.9157647,0
          </coordinates>
        </Point>
      </Placemark>
      <Placemark>
        <name>Camping Trevelin</name>
        <styleUrl>#icon-1507-0F9D58-nodesc</styleUrl>
        <Point>
          <coordinates>
            -71.4592502,-43.0924999,0
          </coordinates>
        </Point>
      </Placemark>
      <Placemark>
        <name>Aiken Leufú - Camping y Cabañas</name>
        <styleUrl>#icon-1507-0F9D58-nodesc</styleUrl>
        <Point>
          <coordinates>
            -71.569771,-43.1403843,0
          </coordinates>
        </Point>
      </Placemark>
      <Placemark>
        <name>Rastro De Mula</name>
        <styleUrl>#icon-1507-0F9D58-nodesc</styleUrl>
        <Point>
          <coordinates>
            -71.1585411,-38.8890085,0
          </coordinates>
        </Point>
      </Placemark>
      <Placemark>
        <name>Eco Camping Calabalumba</name>
        <styleUrl>#icon-1507-0F9D58-nodesc</styleUrl>
        <Point>
          <coordinates>
            -64.5201999,-30.8568366,0
          </coordinates>
        </Point>
      </Placemark>
      <Placemark>
        <name>Camping Los Chañares</name>
        <styleUrl>#icon-1507-0F9D58-nodesc</styleUrl>
        <Point>
          <coordinates>
            -65.013496,-31.7020969,0
          </coordinates>
        </Point>
      </Placemark>
      <Placemark>
        <name>Veterinaria Alem Alta Gracia</name>
        <styleUrl>#icon-1624-9C27B0-nodesc</styleUrl>
        <Point>
          <coordinates>
            -64.4119775,-31.6585818,0
          </coordinates>
        </Point>
      </Placemark>
      <Placemark>
        <name>Veterinaria La Argentina Alta Gracia</name>
        <styleUrl>#icon-1624-9C27B0-nodesc</styleUrl>
        <Point>
          <coordinates>
            -64.4475801,-31.6532356,0
          </coordinates>
        </Point>
      </Placemark>
      <Placemark>
        <name>SNOOPY sanatorio veterinario</name>
        <styleUrl>#icon-1624-9C27B0-nodesc</styleUrl>
        <Point>
          <coordinates>
            -64.4407838,-31.6529015,0
          </coordinates>
        </Point>
      </Placemark>
      <Placemark>
        <name>Veterinaria La Rural</name>
        <styleUrl>#icon-1624-9C27B0-nodesc</styleUrl>
        <Point>
          <coordinates>
            -64.4147572,-31.6586557,0
          </coordinates>
        </Point>
      </Placemark>
      <Placemark>
        <name>Veterinaria Almafuerte</name>
        <styleUrl>#icon-1624-9C27B0-nodesc</styleUrl>
        <Point>
          <coordinates>
            -64.2525171,-32.1867623,0
          </coordinates>
        </Point>
      </Placemark>
      <Placemark>
        <name>Veterinaria Pasteur</name>
        <styleUrl>#icon-1624-9C27B0-nodesc</styleUrl>
        <Point>
          <coordinates>
            -64.2538769,-32.1868063,0
          </coordinates>
        </Point>
      </Placemark>
      <Placemark>
        <name>Veterinaria Vidosevich</name>
        <styleUrl>#icon-1624-9C27B0-nodesc</styleUrl>
        <Point>
          <coordinates>
            -64.7251879,-32.6907003,0
          </coordinates>
        </Point>
      </Placemark>
      <Placemark>
        <name>Veterinaria Dra.Evangelina Vidosevich</name>
        <styleUrl>#icon-1624-9C27B0-nodesc</styleUrl>
        <Point>
          <coordinates>
            -64.7215339,-32.6923853,0
          </coordinates>
        </Point>
      </Placemark>
      <Placemark>
        <name>Clínica Veterinaria Villa Rumipal</name>
        <styleUrl>#icon-1624-9C27B0-nodesc</styleUrl>
        <Point>
          <coordinates>
            -64.4782884,-32.1857058,0
          </coordinates>
        </Point>
      </Placemark>
      <Placemark>
        <name>VETERINARIA Capilla, Dra. Andrea Marras.</name>
        <styleUrl>#icon-1624-9C27B0-nodesc</styleUrl>
        <Point>
          <coordinates>
            -64.5311064,-30.8592046,0
          </coordinates>
        </Point>
      </Placemark>
      <Placemark>
        <name>Veterinaria</name>
        <styleUrl>#icon-1624-9C27B0-nodesc</styleUrl>
        <Point>
          <coordinates>
            -64.5236887,-30.8577947,0
          </coordinates>
        </Point>
      </Placemark>
      <Placemark>
        <name>Veterinaria Ceferino</name>
        <styleUrl>#icon-1624-9C27B0-nodesc</styleUrl>
        <Point>
          <coordinates>
            -64.4657993,-31.2397615,0
          </coordinates>
        </Point>
      </Placemark>
      <Placemark>
        <name>Veterinaria Mayú</name>
        <styleUrl>#icon-1624-9C27B0-nodesc</styleUrl>
        <Point>
          <coordinates>
            -64.467606,-31.2519541,0
          </coordinates>
        </Point>
      </Placemark>
      <Placemark>
        <name>Veterinaria El Orejano</name>
        <styleUrl>#icon-1624-9C27B0-nodesc</styleUrl>
        <Point>
          <coordinates>
            -64.788419,-30.7433723,0
          </coordinates>
        </Point>
      </Placemark>
      <Placemark>
        <name>Veterinaria Jara</name>
        <styleUrl>#icon-1624-9C27B0-nodesc</styleUrl>
        <Point>
          <coordinates>
            -64.791566,-30.741243,0
          </coordinates>
        </Point>
      </Placemark>
      <Placemark>
        <name>Veterinaria El Orejano</name>
        <styleUrl>#icon-1624-9C27B0-nodesc</styleUrl>
        <Point>
          <coordinates>
            -64.5134557,-31.796433,0
          </coordinates>
        </Point>
      </Placemark>
      <Placemark>
        <name>Veterinaria Daktari</name>
        <styleUrl>#icon-1624-9C27B0-nodesc</styleUrl>
        <Point>
          <coordinates>
            -64.5471048,-31.9705274,0
          </coordinates>
        </Point>
      </Placemark>
      <Placemark>
        <name>Veterinaria Reino Animal</name>
        <styleUrl>#icon-1624-9C27B0-nodesc</styleUrl>
        <Point>
          <coordinates>
            -64.5388365,-32.0706423,0
          </coordinates>
        </Point>
      </Placemark>
      <Placemark>
        <name>Veterinaria MediVet-Medicina Integral Veterinaria-</name>
        <styleUrl>#icon-1624-9C27B0-nodesc</styleUrl>
        <Point>
          <coordinates>
            -64.5572244,-31.9866611,0
          </coordinates>
        </Point>
      </Placemark>
      <Placemark>
        <name>El Andil, Veterinaria</name>
        <styleUrl>#icon-1624-9C27B0-nodesc</styleUrl>
        <Point>
          <coordinates>
            -64.4276343,-31.7296769,0
          </coordinates>
        </Point>
      </Placemark>
      <Placemark>
        <name>Veterinaria Villa de las Rosas</name>
        <styleUrl>#icon-1624-9C27B0-nodesc</styleUrl>
        <Point>
          <coordinates>
            -65.0529754,-31.9512689,0
          </coordinates>
        </Point>
      </Placemark>
      <Placemark>
        <name>Veterinaria Vets</name>
        <styleUrl>#icon-1624-9C27B0-nodesc</styleUrl>
        <Point>
          <coordinates>
            -65.01242,-31.7974486,0
          </coordinates>
        </Point>
      </Placemark>
      <Placemark>
        <name>Veterinaria Zoo</name>
        <styleUrl>#icon-1624-9C27B0-nodesc</styleUrl>
        <Point>
          <coordinates>
            -65.0057584,-31.7281747,0
          </coordinates>
        </Point>
      </Placemark>
      <Placemark>
        <name>Veterinaria El Condor</name>
        <styleUrl>#icon-1624-9C27B0-nodesc</styleUrl>
        <Point>
          <coordinates>
            -65.0192296,-31.7044534,0
          </coordinates>
        </Point>
      </Placemark>
      <Placemark>
        <name>FAUNA Veterinaria</name>
        <styleUrl>#icon-1624-9C27B0-nodesc</styleUrl>
        <Point>
          <coordinates>
            -65.0152923,-31.7115549,0
          </coordinates>
        </Point>
      </Placemark>
      <Placemark>
        <name>VETERINARIA LOS REARTES</name>
        <styleUrl>#icon-1624-9C27B0-nodesc</styleUrl>
        <Point>
          <coordinates>
            -64.5769262,-31.9209327,0
          </coordinates>
        </Point>
      </Placemark>
      <Placemark>
        <name>Veterinaria El Rodeo</name>
        <styleUrl>#icon-1624-9C27B0-nodesc</styleUrl>
        <Point>
          <coordinates>
            -62.8271297,-30.9945747,0
          </coordinates>
        </Point>
      </Placemark>
      <Placemark>
        <name>Agroveterinaria El Sauce</name>
        <styleUrl>#icon-1502-FFEA00-nodesc</styleUrl>
        <Point>
          <coordinates>
            -62.8229842,-30.9938113,0
          </coordinates>
        </Point>
      </Placemark>
      <Placemark>
        <name>Veterinaria Como Perro Y Gato</name>
        <styleUrl>#icon-1624-9C27B0-nodesc</styleUrl>
        <Point>
          <coordinates>
            -62.6653484,-31.008872,0
          </coordinates>
        </Point>
      </Placemark>
      <Placemark>
        <name>Veterinaria Durando</name>
        <styleUrl>#icon-1624-9C27B0-nodesc</styleUrl>
        <Point>
          <coordinates>
            -62.6661723,-31.0139547,0
          </coordinates>
        </Point>
      </Placemark>
      <Placemark>
        <name>Clínica Veterinaria El Paso</name>
        <styleUrl>#icon-1624-9C27B0-nodesc</styleUrl>
        <Point>
          <coordinates>
            -64.3399736,-33.1101748,0
          </coordinates>
        </Point>
      </Placemark>
      <Placemark>
        <name>Veterinaria Morales Martin</name>
        <styleUrl>#icon-1624-9C27B0-nodesc</styleUrl>
        <Point>
          <coordinates>
            -64.3532529,-33.116433,0
          </coordinates>
        </Point>
      </Placemark>
      <Placemark>
        <name>Veterinaria La Hilacha</name>
        <styleUrl>#icon-1624-9C27B0-nodesc</styleUrl>
        <Point>
          <coordinates>
            -65.0329297,-32.0223171,0
          </coordinates>
        </Point>
      </Placemark>
      <Placemark>
        <name><![CDATA[Veterinaria " San Marcos"]]></name>
        <styleUrl>#icon-1624-9C27B0-nodesc</styleUrl>
        <Point>
          <coordinates>
            -64.6379708,-30.7833172,0
          </coordinates>
        </Point>
      </Placemark>
      <Placemark>
        <name><![CDATA[Veterina "La Quebrada"]]></name>
        <styleUrl>#icon-1624-9C27B0-nodesc</styleUrl>
        <Point>
          <coordinates>
            -64.6368006,-30.7825178,0
          </coordinates>
        </Point>
      </Placemark>
      <Placemark>
        <name>Veterinaria Planeta Zoo. Solicitar turno previo</name>
        <styleUrl>#icon-1624-9C27B0-nodesc</styleUrl>
        <Point>
          <coordinates>
            -64.4627517,-31.3542611,0
          </coordinates>
        </Point>
      </Placemark>
      <Placemark>
        <name>Veterinaria San Roque</name>
        <styleUrl>#icon-1624-9C27B0-nodesc</styleUrl>
        <Point>
          <coordinates>
            -64.5086003,-31.4508728,0
          </coordinates>
        </Point>
      </Placemark>
      <Placemark>
        <name>Veterinaria Mayu</name>
        <styleUrl>#icon-1624-9C27B0-nodesc</styleUrl>
        <Point>
          <coordinates>
            -64.4635174,-31.2775084,0
          </coordinates>
        </Point>
      </Placemark>
      <Placemark>
        <name>El Cardal Veterinaria</name>
        <styleUrl>#icon-1624-9C27B0-nodesc</styleUrl>
        <Point>
          <coordinates>
            -64.4636398,-31.2766605,0
          </coordinates>
        </Point>
      </Placemark>
      <Placemark>
        <name>Veterinaria Caeiro</name>
        <styleUrl>#icon-1624-9C27B0-nodesc</styleUrl>
        <Point>
          <coordinates>
            -64.4631239,-31.2952326,0
          </coordinates>
        </Point>
      </Placemark>
      <Placemark>
        <name>Veterinaria Reyes Fernandez</name>
        <styleUrl>#icon-1624-9C27B0-nodesc</styleUrl>
        <Point>
          <coordinates>
            -64.4844904,-31.1170837,0
          </coordinates>
        </Point>
      </Placemark>
      <Placemark>
        <name>Neozoo Valle Hermoso</name>
        <styleUrl>#icon-1502-FFEA00-nodesc</styleUrl>
        <Point>
          <coordinates>
            -64.4850643,-31.1090127,0
          </coordinates>
        </Point>
      </Placemark>
      <Placemark>
        <name>Clínica Veterinaria KAMBA</name>
        <styleUrl>#icon-1624-9C27B0-nodesc</styleUrl>
        <Point>
          <coordinates>
            -64.5058941,-31.4466424,0
          </coordinates>
        </Point>
      </Placemark>
      <Placemark>
        <name>Veterinaria San Roque</name>
        <styleUrl>#icon-1624-9C27B0-nodesc</styleUrl>
        <Point>
          <coordinates>
            -64.5086003,-31.4508728,0
          </coordinates>
        </Point>
      </Placemark>
      <Placemark>
        <name>Camping SMATA</name>
        <styleUrl>#icon-1507-0F9D58-nodesc</styleUrl>
        <Point>
          <coordinates>
            -63.1793646,-32.4348572,0
          </coordinates>
        </Point>
      </Placemark>
      <Placemark>
        <name>Veterinaria Belfo´s</name>
        <styleUrl>#icon-1624-9C27B0-nodesc</styleUrl>
        <Point>
          <coordinates>
            -63.2263246,-32.4185639,0
          </coordinates>
        </Point>
      </Placemark>
      <Placemark>
        <name>Dr. Seba Veterinaria</name>
        <styleUrl>#icon-1624-9C27B0-nodesc</styleUrl>
        <Point>
          <coordinates>
            -63.2362977,-32.4132523,0
          </coordinates>
        </Point>
      </Placemark>
      <Placemark>
        <name>Camping Toma Vieja</name>
        <styleUrl>#icon-1507-0F9D58-nodesc</styleUrl>
        <Point>
          <coordinates>
            -60.4845408,-31.7038167,0
          </coordinates>
        </Point>
      </Placemark>
      <Placemark>
        <name>Camping Chajarí</name>
        <styleUrl>#icon-1507-0F9D58-nodesc</styleUrl>
        <Point>
          <coordinates>
            -57.9607715,-30.8923863,0
          </coordinates>
        </Point>
      </Placemark>
      <Placemark>
        <name>Camping Termas De Chajari</name>
        <styleUrl>#icon-1507-0F9D58-nodesc</styleUrl>
        <Point>
          <coordinates>
            -58.010871,-30.746011,0
          </coordinates>
        </Point>
      </Placemark>
      <Placemark>
        <name>Camping Piedras Coloradas</name>
        <styleUrl>#icon-1507-0F9D58-nodesc</styleUrl>
        <Point>
          <coordinates>
            -58.131607,-32.223271,0
          </coordinates>
        </Point>
      </Placemark>
      <Placemark>
        <name>Camping Los Tilos</name>
        <styleUrl>#icon-1507-0F9D58-nodesc</styleUrl>
        <Point>
          <coordinates>
            -58.1292369,-32.2315413,0
          </coordinates>
        </Point>
      </Placemark>
      <Placemark>
        <name>Camping Las Palmeras - Concordia</name>
        <styleUrl>#icon-1507-0F9D58-nodesc</styleUrl>
        <Point>
          <coordinates>
            -57.9614354,-31.244756,0
          </coordinates>
        </Point>
      </Placemark>
      <Placemark>
        <name>Camping Diamante</name>
        <styleUrl>#icon-1507-0F9D58-nodesc</styleUrl>
        <Point>
          <coordinates>
            -60.6379967,-32.0512972,0
          </coordinates>
        </Point>
      </Placemark>
      <Placemark>
        <name>Camping El Sirirí</name>
        <styleUrl>#icon-1507-0F9D58-nodesc</styleUrl>
        <Point>
          <coordinates>
            -57.9423941,-30.9681677,0
          </coordinates>
        </Point>
      </Placemark>
      <Placemark>
        <name>Camping De Municipales</name>
        <styleUrl>#icon-1507-0F9D58-nodesc</styleUrl>
        <Point>
          <coordinates>
            -58.4914621,-33.0140306,0
          </coordinates>
        </Point>
      </Placemark>
      <Placemark>
        <name>Ñandubaysal</name>
        <styleUrl>#icon-1507-0F9D58-nodesc</styleUrl>
        <Point>
          <coordinates>
            -58.3907049,-33.0634615,0
          </coordinates>
        </Point>
      </Placemark>
      <Placemark>
        <name>Termas del Guaychú</name>
        <styleUrl>#icon-1507-0F9D58-nodesc</styleUrl>
        <Point>
          <coordinates>
            -58.592398,-32.970992,0
          </coordinates>
        </Point>
      </Placemark>
      <Placemark>
        <name>Quinta wanelen</name>
        <styleUrl>#icon-1507-0F9D58-nodesc</styleUrl>
        <Point>
          <coordinates>
            -60.459339,-31.75539,0
          </coordinates>
        </Point>
      </Placemark>
      <Placemark>
        <name>Camping Balneario Municipal Puerto Yerua</name>
        <styleUrl>#icon-1507-0F9D58-nodesc</styleUrl>
        <Point>
          <coordinates>
            -58.0077056,-31.5390248,0
          </coordinates>
        </Point>
      </Placemark>
      <Placemark>
        <name>Camping Balneario Delio Panizza</name>
        <styleUrl>#icon-1507-0F9D58-nodesc</styleUrl>
        <Point>
          <coordinates>
            -59.0768886,-32.3094366,0
          </coordinates>
        </Point>
      </Placemark>
      <Placemark>
        <name>Camping Balneario San José</name>
        <styleUrl>#icon-1507-0F9D58-nodesc</styleUrl>
        <Point>
          <coordinates>
            -58.160362,-32.1902646,0
          </coordinates>
        </Point>
      </Placemark>
      <Placemark>
        <name>Camping Municipal de Santa Ana</name>
        <styleUrl>#icon-1507-0F9D58-nodesc</styleUrl>
        <Point>
          <coordinates>
            -57.9266736,-30.9132853,0
          </coordinates>
        </Point>
      </Placemark>
      <Placemark>
        <name>La Muela - Santa Ana</name>
        <styleUrl>#icon-1507-0F9D58-nodesc</styleUrl>
        <Point>
          <coordinates>
            -57.8918029,-30.9003497,0
          </coordinates>
        </Point>
      </Placemark>
      <Placemark>
        <name>Camping Drewanz</name>
        <styleUrl>#icon-1507-0F9D58-nodesc</styleUrl>
        <Point>
          <coordinates>
            -57.9516102,-30.8991703,0
          </coordinates>
        </Point>
      </Placemark>
      <Placemark>
        <name>Colinas de Baco</name>
        <styleUrl>#icon-1507-0F9D58-nodesc</styleUrl>
        <Point>
          <coordinates>
            -60.1700859,-32.6141318,0
          </coordinates>
        </Point>
      </Placemark>
      <Placemark>
        <name>Camping Municipal Villaguay</name>
        <styleUrl>#icon-1507-0F9D58-nodesc</styleUrl>
        <Point>
          <coordinates>
            -59.0036984,-31.8656958,0
          </coordinates>
        </Point>
      </Placemark>
      <Placemark>
        <name>Camping la dolores</name>
        <styleUrl>#icon-1507-0F9D58-nodesc</styleUrl>
        <Point>
          <coordinates>
            -58.6492585,-33.7136392,0
          </coordinates>
        </Point>
      </Placemark>
      <Placemark>
        <name>Top malo - Hostelling International</name>
        <styleUrl>#icon-1507-0F9D58-nodesc</styleUrl>
        <Point>
          <coordinates>
            -58.6810015,-33.7192554,0
          </coordinates>
        </Point>
      </Placemark>
      <Placemark>
        <name>Camping Villa Urquiza</name>
        <styleUrl>#icon-1507-0F9D58-nodesc</styleUrl>
        <Point>
          <coordinates>
            -60.3816845,-31.6435558,0
          </coordinates>
        </Point>
      </Placemark>
      <Placemark>
        <name>Veterinaria Hernández</name>
        <styleUrl>#icon-1624-9C27B0-nodesc</styleUrl>
        <Point>
          <coordinates>
            -57.9931251,-30.7472202,0
          </coordinates>
        </Point>
      </Placemark>
      <Placemark>
        <name>Veterinaria Lila</name>
        <styleUrl>#icon-1624-9C27B0-nodesc</styleUrl>
        <Point>
          <coordinates>
            -57.9995068,-30.7586483,0
          </coordinates>
        </Point>
      </Placemark>
      <Placemark>
        <name>Veterinaria Rio Uruguay</name>
        <styleUrl>#icon-1624-9C27B0-nodesc</styleUrl>
        <Point>
          <coordinates>
            -58.1385193,-32.2262072,0
          </coordinates>
        </Point>
      </Placemark>
      <Placemark>
        <name>Veterinaria Zorzoli</name>
        <styleUrl>#icon-1624-9C27B0-nodesc</styleUrl>
        <Point>
          <coordinates>
            -58.1373814,-32.2183135,0
          </coordinates>
        </Point>
      </Placemark>
      <Placemark>
        <name>Veterinaria Pluto</name>
        <styleUrl>#icon-1624-9C27B0-nodesc</styleUrl>
        <Point>
          <coordinates>
            -58.0157575,-31.4000992,0
          </coordinates>
        </Point>
      </Placemark>
      <Placemark>
        <name>Centro Veterinario Concordia</name>
        <styleUrl>#icon-1624-9C27B0-nodesc</styleUrl>
        <Point>
          <coordinates>
            -58.0103316,-31.395246,0
          </coordinates>
        </Point>
      </Placemark>
      <Placemark>
        <name>VETERINARIA LOS COMPADRES</name>
        <styleUrl>#icon-1624-9C27B0-nodesc</styleUrl>
        <Point>
          <coordinates>
            -57.921212,-30.9862586,0
          </coordinates>
        </Point>
      </Placemark>
      <Placemark>
        <name>Veterinaria Todo Campo</name>
        <styleUrl>#icon-1624-9C27B0-nodesc</styleUrl>
        <Point>
          <coordinates>
            -57.9189814,-30.9869707,0
          </coordinates>
        </Point>
      </Placemark>
      <Placemark>
        <name>Hospital Veterinario Gualeguaychu HVG</name>
        <styleUrl>#icon-1624-9C27B0-nodesc</styleUrl>
        <Point>
          <coordinates>
            -58.5052468,-33.0084945,0
          </coordinates>
        </Point>
      </Placemark>
      <Placemark>
        <name>Veterinaria El Poñaco</name>
        <styleUrl>#icon-1624-9C27B0-nodesc</styleUrl>
        <Point>
          <coordinates>
            -58.5114372,-33.0119633,0
          </coordinates>
        </Point>
      </Placemark>
      <Placemark>
        <name>Clinica Veterinaria Avenida</name>
        <styleUrl>#icon-1624-9C27B0-nodesc</styleUrl>
        <Point>
          <coordinates>
            -60.4841656,-31.7578828,0
          </coordinates>
        </Point>
      </Placemark>
      <Placemark>
        <name>Veterinaria Bienestar Animal</name>
        <styleUrl>#icon-1624-9C27B0-nodesc</styleUrl>
        <Point>
          <coordinates>
            -60.4914719,-31.7253212,0
          </coordinates>
        </Point>
      </Placemark>
      <Placemark>
        <name>Veterinaria Galizzi</name>
        <styleUrl>#icon-1624-9C27B0-nodesc</styleUrl>
        <Point>
          <coordinates>
            -59.1419544,-32.313963,0
          </coordinates>
        </Point>
      </Placemark>
      <Placemark>
        <name>Veterinaria Bava Francisco</name>
        <styleUrl>#icon-1624-9C27B0-nodesc</styleUrl>
        <Point>
          <coordinates>
            -59.1419378,-32.3010638,0
          </coordinates>
        </Point>
      </Placemark>
      <Placemark>
        <name>Tu mascota</name>
        <styleUrl>#icon-1624-9C27B0-nodesc</styleUrl>
        <Point>
          <coordinates>
            -58.66011,-33.7157988,0
          </coordinates>
        </Point>
      </Placemark>
      <Placemark>
        <name>Clinica Veterinaria Grancelli</name>
        <styleUrl>#icon-1624-9C27B0-nodesc</styleUrl>
        <Point>
          <coordinates>
            -60.6383747,-32.0657081,0
          </coordinates>
        </Point>
      </Placemark>
      <Placemark>
        <name>Veterinaria Mi Mundo</name>
        <styleUrl>#icon-1624-9C27B0-nodesc</styleUrl>
        <Point>
          <coordinates>
            -60.6381679,-32.0681499,0
          </coordinates>
        </Point>
      </Placemark>
      <Placemark>
        <name>Camping Del Rio</name>
        <styleUrl>#icon-1507-0F9D58-nodesc</styleUrl>
        <Point>
          <coordinates>
            -64.8576593,-27.5034643,0
          </coordinates>
        </Point>
      </Placemark>
      <Placemark>
        <name>Camping El Paraiso</name>
        <styleUrl>#icon-1507-0F9D58-nodesc</styleUrl>
        <Point>
          <coordinates>
            -64.8553106,-27.5012202,0
          </coordinates>
        </Point>
      </Placemark>
      <Placemark>
        <name>Camping El Mirador. Soy dueño de una cabaña, no del camping</name>
        <styleUrl>#icon-1507-0F9D58-nodesc</styleUrl>
        <Point>
          <coordinates>
            -64.8752211,-27.4849955,0
          </coordinates>
        </Point>
      </Placemark>
      <Placemark>
        <name>Camping la Olla-río Hondo</name>
        <styleUrl>#icon-1507-0F9D58-nodesc</styleUrl>
        <Point>
          <coordinates>
            -64.8581057,-27.5028383,0
          </coordinates>
        </Point>
      </Placemark>
      <Placemark>
        <name>Mi Bonito Deseo</name>
        <styleUrl>#icon-1507-0F9D58-nodesc</styleUrl>
        <Point>
          <coordinates>
            -64.8750916,-27.5230288,0
          </coordinates>
        </Point>
      </Placemark>
      <Placemark>
        <name>Camping El Talar</name>
        <styleUrl>#icon-1507-0F9D58-nodesc</styleUrl>
        <Point>
          <coordinates>
            -57.9524457,-35.6860619,0
          </coordinates>
        </Point>
      </Placemark>
      <Placemark>
        <name>Camping Costa Silvestre</name>
        <styleUrl>#icon-1507-0F9D58-nodesc</styleUrl>
        <Point>
          <coordinates>
            -56.6939733,-36.6413725,0
          </coordinates>
        </Point>
      </Placemark>
      <Placemark>
        <name>Camping Manu-Kai</name>
        <styleUrl>#icon-1507-0F9D58-nodesc</styleUrl>
        <Point>
          <coordinates>
            -56.6912431,-36.6394305,0
          </coordinates>
        </Point>
      </Placemark>
      <Placemark>
        <name>Camping Municipal Azul</name>
        <styleUrl>#icon-1507-0F9D58-nodesc</styleUrl>
        <Point>
          <coordinates>
            -59.8880291,-36.8002302,0
          </coordinates>
        </Point>
      </Placemark>
      <Placemark>
        <name>Camping El Choique</name>
        <styleUrl>#icon-1507-0F9D58-nodesc</styleUrl>
        <Point>
          <coordinates>
            -62.2370288,-40.5539665,0
          </coordinates>
        </Point>
      </Placemark>
      <Placemark>
        <name>Club de Pesca Náutico Baradero</name>
        <styleUrl>#icon-1507-0F9D58-nodesc</styleUrl>
        <Point>
          <coordinates>
            -59.4962451,-33.8013702,0
          </coordinates>
        </Point>
      </Placemark>
      <Placemark>
        <name>Camping El Encuentro</name>
        <styleUrl>#icon-1507-0F9D58-nodesc</styleUrl>
        <Point>
          <coordinates>
            -59.5083986,-33.7866513,0
          </coordinates>
        </Point>
      </Placemark>
      <Placemark>
        <name>Camping Luz y Fuerza</name>
        <styleUrl>#icon-1507-0F9D58-nodesc</styleUrl>
        <Point>
          <coordinates>
            -59.504057,-33.7957723,0
          </coordinates>
        </Point>
      </Placemark>
      <Placemark>
        <name>Camping Municipal la Chacra</name>
        <styleUrl>#icon-1507-0F9D58-nodesc</styleUrl>
        <Point>
          <coordinates>
            -62.7035377,-37.1996512,0
          </coordinates>
        </Point>
      </Placemark>
      <Placemark>
        <name>Camping Municipal Carhué</name>
        <styleUrl>#icon-1507-0F9D58-nodesc</styleUrl>
        <Point>
          <coordinates>
            -62.7697203,-37.1696024,0
          </coordinates>
        </Point>
      </Placemark>
      <Placemark>
        <name>Camping, La Cascada, Castelli, Buenos Aires</name>
        <styleUrl>#icon-1507-0F9D58-nodesc</styleUrl>
        <Point>
          <coordinates>
            -57.7337611,-35.9272547,0
          </coordinates>
        </Point>
      </Placemark>
      <Placemark>
        <name>Casa de Campo La Capilla</name>
        <styleUrl>#icon-1507-0F9D58-nodesc</styleUrl>
        <Point>
          <coordinates>
            -59.9121945,-34.6102245,0
          </coordinates>
        </Point>
      </Placemark>
      <Placemark>
        <name>Proveeduría-Camping-Motel AAP.Anexo caffarena</name>
        <styleUrl>#icon-1507-0F9D58-nodesc</styleUrl>
        <Point>
          <coordinates>
            -58.0641979,-35.5824219,0
          </coordinates>
        </Point>
      </Placemark>
      <Placemark>
        <name>Camping Camino del Sol</name>
        <styleUrl>#icon-1507-0F9D58-nodesc</styleUrl>
        <Point>
          <coordinates>
            -57.9966542,-35.6135564,0
          </coordinates>
        </Point>
      </Placemark>
      <Placemark>
        <name>Camping La Puerta Chascomús</name>
        <styleUrl>#icon-1507-0F9D58-nodesc</styleUrl>
        <Point>
          <coordinates>
            -58.0309529,-35.5646452,0
          </coordinates>
        </Point>
      </Placemark>
      <Placemark>
        <name>Camping ACA</name>
        <styleUrl>#icon-1507-0F9D58-nodesc</styleUrl>
        <Point>
          <coordinates>
            -58.0217628,-35.6241226,0
          </coordinates>
        </Point>
      </Placemark>
      <Placemark>
        <name>Parque Lagunario Martija Camping</name>
        <styleUrl>#icon-1507-0F9D58-nodesc</styleUrl>
        <Point>
          <coordinates>
            -60.1010949,-34.8372931,0
          </coordinates>
        </Point>
      </Placemark>
      <Placemark>
        <name>Camping Bajada de los Pescadores</name>
        <styleUrl>#icon-1507-0F9D58-nodesc</styleUrl>
        <Point>
          <coordinates>
            -60.0863538,-38.8605559,0
          </coordinates>
        </Point>
      </Placemark>
      <Placemark>
        <name>Camping Dunamar</name>
        <styleUrl>#icon-1507-0F9D58-nodesc</styleUrl>
        <Point>
          <coordinates>
            -60.0904845,-38.8580935,0
          </coordinates>
        </Point>
      </Placemark>
      <Placemark>
        <name><![CDATA[Auto Camping Luz y Fuerza "Ricardo Buron"]]></name>
        <styleUrl>#icon-1507-0F9D58-nodesc</styleUrl>
        <Point>
          <coordinates>
            -60.0488318,-38.8561431,0
          </coordinates>
        </Point>
      </Placemark>
      <Placemark>
        <name>Aca Dolores Parrilla</name>
        <styleUrl>#icon-1507-0F9D58-nodesc</styleUrl>
        <Point>
          <coordinates>
            -57.6985806,-36.316544,0
          </coordinates>
        </Point>
      </Placemark>
      <Placemark>
        <name>COMPLEJO ERNESTINA CAMPING-CABAÑAS</name>
        <styleUrl>#icon-1507-0F9D58-nodesc</styleUrl>
        <Point>
          <coordinates>
            -59.5525776,-35.2686257,0
          </coordinates>
        </Point>
      </Placemark>
      <Placemark>
        <name>Parque Municipal Martiniano Charras</name>
        <styleUrl>#icon-1507-0F9D58-nodesc</styleUrl>
        <Point>
          <coordinates>
            -61.8887183,-34.7840211,0
          </coordinates>
        </Point>
      </Placemark>
      <Placemark>
        <name>Balneario Cochicó</name>
        <styleUrl>#icon-1507-0F9D58-nodesc</styleUrl>
        <Point>
          <coordinates>
            -62.3336983,-36.9408603,0
          </coordinates>
        </Point>
      </Placemark>
      <Placemark>
        <name>Camping Laguna Cochicó</name>
        <styleUrl>#icon-1507-0F9D58-nodesc</styleUrl>
        <Point>
          <coordinates>
            -62.3314406,-36.9415914,0
          </coordinates>
        </Point>
      </Placemark>
      <Placemark>
        <name>Camping CHAPAY</name>
        <styleUrl>#icon-1507-0F9D58-nodesc</styleUrl>
        <Point>
          <coordinates>
            -61.0220639,-34.6570855,0
          </coordinates>
        </Point>
      </Placemark>
      <Placemark>
        <name>Camping El Paraíso</name>
        <styleUrl>#icon-1507-0F9D58-nodesc</styleUrl>
        <Point>
          <coordinates>
            -60.8040687,-37.5683718,0
          </coordinates>
        </Point>
      </Placemark>
      <Placemark>
        <name>Autocamping Las Toninas</name>
        <styleUrl>#icon-1507-0F9D58-nodesc</styleUrl>
        <Point>
          <coordinates>
            -56.7097472,-36.4989278,0
          </coordinates>
        </Point>
      </Placemark>
      <Placemark>
        <name>Camping Don Bosco</name>
        <styleUrl>#icon-1507-0F9D58-nodesc</styleUrl>
        <Point>
          <coordinates>
            -56.7086473,-36.5006951,0
          </coordinates>
        </Point>
      </Placemark>
      <Placemark>
        <name>Camping Costa Chica</name>
        <styleUrl>#icon-1507-0F9D58-nodesc</styleUrl>
        <Point>
          <coordinates>
            -56.7059067,-36.5087468,0
          </coordinates>
        </Point>
      </Placemark>
      <Placemark>
        <name>Las toninas</name>
        <styleUrl>#icon-1507-0F9D58-nodesc</styleUrl>
        <Point>
          <coordinates>
            -56.7084699,-36.5019124,0
          </coordinates>
        </Point>
      </Placemark>
      <Placemark>
        <name>Bahía de los Lobos</name>
        <styleUrl>#icon-1507-0F9D58-nodesc</styleUrl>
        <Point>
          <coordinates>
            -59.1369653,-35.2896611,0
          </coordinates>
        </Point>
      </Placemark>
      <Placemark>
        <name>Club de Nautica y Pesca de Magdalena</name>
        <styleUrl>#icon-1507-0F9D58-nodesc</styleUrl>
        <Point>
          <coordinates>
            -57.505115,-35.0315466,0
          </coordinates>
        </Point>
      </Placemark>
      <Placemark>
        <name>Camping Municipal Mar Chiquita</name>
        <styleUrl>#icon-1507-0F9D58-nodesc</styleUrl>
        <Point>
          <coordinates>
            -57.4336049,-37.7424579,0
          </coordinates>
        </Point>
      </Placemark>
      <Placemark>
        <name>Camping Nueva Atlantis - Frente al Mar</name>
        <styleUrl>#icon-1507-0F9D58-nodesc</styleUrl>
        <Point>
          <coordinates>
            -56.6758425,-36.775012,0
          </coordinates>
        </Point>
      </Placemark>
      <Placemark>
        <name>Camping La Terminal</name>
        <styleUrl>#icon-1507-0F9D58-nodesc</styleUrl>
        <Point>
          <coordinates>
            -56.6915288,-36.7333486,0
          </coordinates>
        </Point>
      </Placemark>
      <Placemark>
        <name>Brisas de las Sierras</name>
        <styleUrl>#icon-1507-0F9D58-nodesc</styleUrl>
        <Point>
          <coordinates>
            -57.7652587,-37.9270369,0
          </coordinates>
        </Point>
      </Placemark>
      <Placemark>
        <name>Centro Scout Mar del Plata Autocamping</name>
        <styleUrl>#icon-1507-0F9D58-nodesc</styleUrl>
        <Point>
          <coordinates>
            -57.5523354,-38.096053,0
          </coordinates>
        </Point>
      </Placemark>
      <Placemark>
        <name>CAMPING EL FARO</name>
        <styleUrl>#icon-1507-0F9D58-nodesc</styleUrl>
        <Point>
          <coordinates>
            -57.5523433,-38.0958642,0
          </coordinates>
        </Point>
      </Placemark>
      <Placemark>
        <name>Los Cachorros camping</name>
        <styleUrl>#icon-1507-0F9D58-nodesc</styleUrl>
        <Point>
          <coordinates>
            -57.7570692,-37.926146,0
          </coordinates>
        </Point>
      </Placemark>
      <Placemark>
        <name>Camping la Ponderosa</name>
        <styleUrl>#icon-1507-0F9D58-nodesc</styleUrl>
        <Point>
          <coordinates>
            -58.0014908,-38.3451315,0
          </coordinates>
        </Point>
      </Placemark>
      <Placemark>
        <name>Camping Las Brusquitas</name>
        <styleUrl>#icon-1507-0F9D58-nodesc</styleUrl>
        <Point>
          <coordinates>
            -57.7773568,-38.2337313,0
          </coordinates>
        </Point>
      </Placemark>
      <Placemark>
        <name>Camping Club de Pesca Navarro</name>
        <styleUrl>#icon-1507-0F9D58-nodesc</styleUrl>
        <Point>
          <coordinates>
            -59.2862328,-35.011095,0
          </coordinates>
        </Point>
      </Placemark>
      <Placemark>
        <name>Camping Municipal de Navarro</name>
        <styleUrl>#icon-1507-0F9D58-nodesc</styleUrl>
        <Point>
          <coordinates>
            -59.2807976,-35.0107015,0
          </coordinates>
        </Point>
      </Placemark>
      <Placemark>
        <name>Camping Miguel Lillo</name>
        <styleUrl>#icon-1507-0F9D58-nodesc</styleUrl>
        <Point>
          <coordinates>
            -58.747026,-38.589469,0
          </coordinates>
        </Point>
      </Placemark>
      <Placemark>
        <name>Balneario Puente Blanco</name>
        <styleUrl>#icon-1507-0F9D58-nodesc</styleUrl>
        <Point>
          <coordinates>
            -59.2015737,-38.186156,0
          </coordinates>
        </Point>
      </Placemark>
      <Placemark>
        <name>Din Don El Tradicional</name>
        <styleUrl>#icon-1507-0F9D58-nodesc</styleUrl>
        <Point>
          <coordinates>
            -56.6742013,-36.7446114,0
          </coordinates>
        </Point>
      </Placemark>
      <Placemark>
        <name>Acacias del mar</name>
        <styleUrl>#icon-1507-0F9D58-nodesc</styleUrl>
        <Point>
          <coordinates>
            -56.6916911,-36.763465,0
          </coordinates>
        </Point>
      </Placemark>
      <Placemark>
        <name>Saint Tropez Pinamar</name>
        <styleUrl>#icon-1507-0F9D58-nodesc</styleUrl>
        <Point>
          <coordinates>
            -56.8635311,-37.1243292,0
          </coordinates>
        </Point>
      </Placemark>
      <Placemark>
        <name>Camping UATRE “Clemente Iriarte” Pergamino</name>
        <styleUrl>#icon-1507-0F9D58-nodesc</styleUrl>
        <Point>
          <coordinates>
            -60.5247451,-33.8710884,0
          </coordinates>
        </Point>
      </Placemark>
      <Placemark>
        <name>Camping Peloponeso</name>
        <styleUrl>#icon-1507-0F9D58-nodesc</styleUrl>
        <Point>
          <coordinates>
            -59.7347639,-38.804561,0
          </coordinates>
        </Point>
      </Placemark>
      <Placemark>
        <name>Camping Don Horacio-pehuen Co</name>
        <styleUrl>#icon-1507-0F9D58-nodesc</styleUrl>
        <Point>
          <coordinates>
            -61.5398094,-38.9990406,0
          </coordinates>
        </Point>
      </Placemark>
      <Placemark>
        <name>Camping Monte Pasubio</name>
        <styleUrl>#icon-1507-0F9D58-nodesc</styleUrl>
        <Point>
          <coordinates>
            -58.6901936,-38.5739797,0
          </coordinates>
        </Point>
      </Placemark>
      <Placemark>
        <name>Camping Laguna de Ranchos</name>
        <styleUrl>#icon-1507-0F9D58-nodesc</styleUrl>
        <Point>
          <coordinates>
            -58.3217889,-35.5109691,0
          </coordinates>
        </Point>
      </Placemark>
      <Placemark>
        <name>Recreo/Camping balneario municipal ramallo</name>
        <styleUrl>#icon-1507-0F9D58-nodesc</styleUrl>
        <Point>
          <coordinates>
            -59.9937948,-33.4823551,0
          </coordinates>
        </Point>
      </Placemark>
      <Placemark>
        <name>Camping Costa Pobre</name>
        <styleUrl>#icon-1507-0F9D58-nodesc</styleUrl>
        <Point>
          <coordinates>
            -60.0209066,-33.4627681,0
          </coordinates>
        </Point>
      </Placemark>
      <Placemark>
        <name>Mi Camping Paraná</name>
        <styleUrl>#icon-1507-0F9D58-nodesc</styleUrl>
        <Point>
          <coordinates>
            -59.9964518,-33.4792673,0
          </coordinates>
        </Point>
      </Placemark>
      <Placemark>
        <name>Camping Municipal Concesionario Familiar</name>
        <styleUrl>#icon-1507-0F9D58-nodesc</styleUrl>
        <Point>
          <coordinates>
            -59.9938263,-33.4823883,0
          </coordinates>
        </Point>
      </Placemark>
      <Placemark>
        <name>Recreo Abanderada Isleña</name>
        <styleUrl>#icon-1507-0F9D58-nodesc</styleUrl>
        <Point>
          <coordinates>
            -59.9928403,-33.4830061,0
          </coordinates>
        </Point>
      </Placemark>
      <Placemark>
        <name><![CDATA[Recreo "Haras Camping Arroyo Las Hermanas"]]></name>
        <styleUrl>#icon-1507-0F9D58-nodesc</styleUrl>
        <Point>
          <coordinates>
            -60.0254915,-33.5186166,0
          </coordinates>
        </Point>
      </Placemark>
      <Placemark>
        <name>Camping M Reta</name>
        <styleUrl>#icon-1507-0F9D58-nodesc</styleUrl>
        <Point>
          <coordinates>
            -60.3467315,-38.9003485,0
          </coordinates>
        </Point>
      </Placemark>
      <Placemark>
        <name>Camping Sobrenatural</name>
        <styleUrl>#icon-1507-0F9D58-nodesc</styleUrl>
        <Point>
          <coordinates>
            -58.5809628,-34.124523,0
          </coordinates>
        </Point>
      </Placemark>
      <Placemark>
        <name>Camping Municipal Salto</name>
        <styleUrl>#icon-1507-0F9D58-nodesc</styleUrl>
        <Point>
          <coordinates>
            -60.2584819,-34.2834405,0
          </coordinates>
        </Point>
      </Placemark>
      <Placemark>
        <name>Club Atlético River Plate Areco</name>
        <styleUrl>#icon-1507-0F9D58-nodesc</styleUrl>
        <Point>
          <coordinates>
            -59.4889943,-34.2405181,0
          </coordinates>
        </Point>
      </Placemark>
      <Placemark>
        <name>Camping Dimitri San Bernardo</name>
        <styleUrl>#icon-1507-0F9D58-nodesc</styleUrl>
        <Point>
          <coordinates>
            -56.6902783,-36.6830276,0
          </coordinates>
        </Point>
      </Placemark>
      <Placemark>
        <name>Camping Los Pinares</name>
        <styleUrl>#icon-1507-0F9D58-nodesc</styleUrl>
        <Point>
          <coordinates>
            -59.4375322,-38.7495774,0
          </coordinates>
        </Point>
      </Placemark>
      <Placemark>
        <name>Camping Municipal - San Cayetano</name>
        <styleUrl>#icon-1507-0F9D58-nodesc</styleUrl>
        <Point>
          <coordinates>
            -59.4292665,-38.7422902,0
          </coordinates>
        </Point>
      </Placemark>
      <Placemark>
        <name>Camping Villa Angosta</name>
        <styleUrl>#icon-1507-0F9D58-nodesc</styleUrl>
        <Point>
          <coordinates>
            -59.4366497,-38.7493199,0
          </coordinates>
        </Point>
      </Placemark>
      <Placemark>
        <name>Camping Martin Reta</name>
        <styleUrl>#icon-1507-0F9D58-nodesc</styleUrl>
        <Point>
          <coordinates>
            -58.5717203,-34.7014878,0
          </coordinates>
        </Point>
      </Placemark>
      <Placemark>
        <name>Laguna de Monte, Sindicato Municipal La Matanza</name>
        <styleUrl>#icon-1507-0F9D58-nodesc</styleUrl>
        <Point>
          <coordinates>
            -58.8168885,-35.4627333,0
          </coordinates>
        </Point>
      </Placemark>
      <Placemark>
        <name>Camping San Miguel</name>
        <styleUrl>#icon-1507-0F9D58-nodesc</styleUrl>
        <Point>
          <coordinates>
            -58.8179788,-35.4535748,0
          </coordinates>
        </Point>
      </Placemark>
      <Placemark>
        <name>Camping Balneario América</name>
        <styleUrl>#icon-1507-0F9D58-nodesc</styleUrl>
        <Point>
          <coordinates>
            -59.669537,-33.668139,0
          </coordinates>
        </Point>
      </Placemark>
      <Placemark>
        <name>Cooperativa Las Canaletas</name>
        <styleUrl>#icon-1507-0F9D58-nodesc</styleUrl>
        <Point>
          <coordinates>
            -59.6744689,-33.6671676,0
          </coordinates>
        </Point>
      </Placemark>
      <Placemark>
        <name>Complejo Tiro Federal San Pedro</name>
        <styleUrl>#icon-1507-0F9D58-nodesc</styleUrl>
        <Point>
          <coordinates>
            -59.6539751,-33.6779472,0
          </coordinates>
        </Point>
      </Placemark>
      <Placemark>
        <name>Estancia El Carmen</name>
        <styleUrl>#icon-1507-0F9D58-nodesc</styleUrl>
        <Point>
          <coordinates>
            -56.6897235,-36.5272155,0
          </coordinates>
        </Point>
      </Placemark>
      <Placemark>
        <name>Camping Splash</name>
        <styleUrl>#icon-1507-0F9D58-nodesc</styleUrl>
        <Point>
          <coordinates>
            -56.6934708,-36.5269438,0
          </coordinates>
        </Point>
      </Placemark>
      <Placemark>
        <name>Camping ASIMRA</name>
        <styleUrl>#icon-1507-0F9D58-nodesc</styleUrl>
        <Point>
          <coordinates>
            -60.2389079,-33.3386548,0
          </coordinates>
        </Point>
      </Placemark>
      <Placemark>
        <name>Camping Fire Camp</name>
        <styleUrl>#icon-1507-0F9D58-nodesc</styleUrl>
        <Point>
          <coordinates>
            -61.800006,-38.1217424,0
          </coordinates>
        </Point>
      </Placemark>
      <Placemark>
        <name>Villa Don Bosco</name>
        <styleUrl>#icon-1507-0F9D58-nodesc</styleUrl>
        <Point>
          <coordinates>
            -61.816062,-38.103282,0
          </coordinates>
        </Point>
      </Placemark>
      <Placemark>
        <name>Camping Yamila</name>
        <styleUrl>#icon-1507-0F9D58-nodesc</styleUrl>
        <Point>
          <coordinates>
            -61.7940315,-38.1309106,0
          </coordinates>
        </Point>
      </Placemark>
      <Placemark>
        <name>Camping Chacra El Centinela</name>
        <styleUrl>#icon-1507-0F9D58-nodesc</styleUrl>
        <Point>
          <coordinates>
            -59.1714083,-37.3430335,0
          </coordinates>
        </Point>
      </Placemark>
      <Placemark>
        <name>Camping del Fuerte</name>
        <styleUrl>#icon-1507-0F9D58-nodesc</styleUrl>
        <Point>
          <coordinates>
            -59.1282105,-37.3464032,0
          </coordinates>
        </Point>
      </Placemark>
      <Placemark>
        <name>Camping Quinta Belen</name>
        <styleUrl>#icon-1507-0F9D58-nodesc</styleUrl>
        <Point>
          <coordinates>
            -59.1703282,-37.3470808,0
          </coordinates>
        </Point>
      </Placemark>
      <Placemark>
        <name>Camping tandil</name>
        <styleUrl>#icon-1507-0F9D58-nodesc</styleUrl>
        <Point>
          <coordinates>
            -59.1718761,-37.3473021,0
          </coordinates>
        </Point>
      </Placemark>
      <Placemark>
        <name>Camping Municipal</name>
        <styleUrl>#icon-1507-0F9D58-nodesc</styleUrl>
        <Point>
          <coordinates>
            -60.0350495,-36.347303,0
          </coordinates>
        </Point>
      </Placemark>
      <Placemark>
        <name>Camping Municipal</name>
        <styleUrl>#icon-1507-0F9D58-nodesc</styleUrl>
        <Point>
          <coordinates>
            -63.0069389,-35.0446655,0
          </coordinates>
        </Point>
      </Placemark>
      <Placemark>
        <name>Camping Pichina</name>
        <styleUrl>#icon-1507-0F9D58-nodesc</styleUrl>
        <Point>
          <coordinates>
            -59.027569,-34.074846,0
          </coordinates>
        </Point>
      </Placemark>
      <Placemark>
        <name>Camping Santa Susana</name>
        <styleUrl>#icon-1507-0F9D58-nodesc</styleUrl>
        <Point>
          <coordinates>
            -58.9621354,-33.9516593,0
          </coordinates>
        </Point>
      </Placemark>
      <Placemark>
        <name>Veterinaria Osella</name>
        <styleUrl>#icon-1624-9C27B0-nodesc</styleUrl>
        <Point>
          <coordinates>
            -56.6845449,-36.6941573,0
          </coordinates>
        </Point>
      </Placemark>
      <Placemark>
        <name>Las Tranqueras Veterinaria</name>
        <styleUrl>#icon-1624-9C27B0-nodesc</styleUrl>
        <Point>
          <coordinates>
            -56.6784036,-36.6790701,0
          </coordinates>
        </Point>
      </Placemark>
      <Placemark>
        <name>Veterinaria Dra. Noelia Lucía Gonzalez</name>
        <styleUrl>#icon-1624-9C27B0-nodesc</styleUrl>
        <Point>
          <coordinates>
            -56.6815421,-36.6614845,0
          </coordinates>
        </Point>
      </Placemark>
      <Placemark>
        <name>Veterinaria San Bernardo</name>
        <styleUrl>#icon-1624-9C27B0-nodesc</styleUrl>
        <Point>
          <coordinates>
            -56.677337,-36.6978032,0
          </coordinates>
        </Point>
      </Placemark>
      <Placemark>
        <name>Veterinaria San Narciso</name>
        <styleUrl>#icon-1624-9C27B0-nodesc</styleUrl>
        <Point>
          <coordinates>
            -56.6915718,-36.5408937,0
          </coordinates>
        </Point>
      </Placemark>
      <Placemark>
        <name>Consultorio veterinario de La Costa</name>
        <styleUrl>#icon-1624-9C27B0-nodesc</styleUrl>
        <Point>
          <coordinates>
            -56.7013218,-36.5680827,0
          </coordinates>
        </Point>
      </Placemark>
      <Placemark>
        <name>Veterinaria El Gran Danes</name>
        <styleUrl>#icon-1624-9C27B0-nodesc</styleUrl>
        <Point>
          <coordinates>
            -56.6958817,-36.4944637,0
          </coordinates>
        </Point>
      </Placemark>
      <Placemark>
        <name>Kaiser Veterinaria</name>
        <styleUrl>#icon-1624-9C27B0-nodesc</styleUrl>
        <Point>
          <coordinates>
            -56.6893892,-36.5911473,0
          </coordinates>
        </Point>
      </Placemark>
      <Placemark>
        <name>Consultorio Veterinario Miguel Corti</name>
        <styleUrl>#icon-1624-9C27B0-nodesc</styleUrl>
        <Point>
          <coordinates>
            -56.6840954,-36.6983487,0
          </coordinates>
        </Point>
      </Placemark>
      <Placemark>
        <name>El Gran Danes Veterinaria</name>
        <styleUrl>#icon-1624-9C27B0-nodesc</styleUrl>
        <Point>
          <coordinates>
            -56.6903809,-36.5736034,0
          </coordinates>
        </Point>
      </Placemark>
      <Placemark>
        <name>Veterinaria El Vasco</name>
        <styleUrl>#icon-1624-9C27B0-nodesc</styleUrl>
        <Point>
          <coordinates>
            -59.8550006,-36.7897348,0
          </coordinates>
        </Point>
      </Placemark>
      <Placemark>
        <name>Veterinaria Dr Marcelo Costantini Pequeños Animales</name>
        <styleUrl>#icon-1624-9C27B0-nodesc</styleUrl>
        <Point>
          <coordinates>
            -59.8552216,-36.786047,0
          </coordinates>
        </Point>
      </Placemark>
      <Placemark>
        <name>Clínica Veterinaria</name>
        <styleUrl>#icon-1624-9C27B0-nodesc</styleUrl>
        <Point>
          <coordinates>
            -59.5037566,-33.8044739,0
          </coordinates>
        </Point>
      </Placemark>
      <Placemark>
        <name><![CDATA[Veterinaria Medi-pet's]]></name>
        <styleUrl>#icon-1624-9C27B0-nodesc</styleUrl>
        <Point>
          <coordinates>
            -59.5014433,-33.806866,0
          </coordinates>
        </Point>
      </Placemark>
      <Placemark>
        <name>Clinica Veterinaria Di Salvo</name>
        <styleUrl>#icon-1624-9C27B0-nodesc</styleUrl>
        <Point>
          <coordinates>
            -59.5044202,-33.8076035,0
          </coordinates>
        </Point>
      </Placemark>
      <Placemark>
        <name>Veterinaria Alsua</name>
        <styleUrl>#icon-1624-9C27B0-nodesc</styleUrl>
        <Point>
          <coordinates>
            -59.5,-36.383247,0
          </coordinates>
        </Point>
      </Placemark>
      <Placemark>
        <name>Patitas Pet Shop</name>
        <styleUrl>#icon-1502-FFEA00-nodesc</styleUrl>
        <Point>
          <coordinates>
            -62.7585669,-37.1758681,0
          </coordinates>
        </Point>
      </Placemark>
      <Placemark>
        <name>Veterinaria Zavalia</name>
        <styleUrl>#icon-1624-9C27B0-nodesc</styleUrl>
        <Point>
          <coordinates>
            -62.7548871,-37.177467,0
          </coordinates>
        </Point>
      </Placemark>
      <Placemark>
        <name>Veterinaria Volpe</name>
        <styleUrl>#icon-1624-9C27B0-nodesc</styleUrl>
        <Point>
          <coordinates>
            -62.7617969,-37.1829056,0
          </coordinates>
        </Point>
      </Placemark>
      <Placemark>
        <name>Veterinaria Medi-can</name>
        <styleUrl>#icon-1624-9C27B0-nodesc</styleUrl>
        <Point>
          <coordinates>
            -62.2975769,-38.7010345,0
          </coordinates>
        </Point>
      </Placemark>
      <Placemark>
        <name>Veterinaria “El Retorno”</name>
        <styleUrl>#icon-1624-9C27B0-nodesc</styleUrl>
        <Point>
          <coordinates>
            -60.2753332,-38.3889315,0
          </coordinates>
        </Point>
      </Placemark>
      <Placemark>
        <name>Veterinaria Álvarez</name>
        <styleUrl>#icon-1624-9C27B0-nodesc</styleUrl>
        <Point>
          <coordinates>
            -61.9365304,-37.0608215,0
          </coordinates>
        </Point>
      </Placemark>
      <Placemark>
        <name>Veterinaria EL RODEO de Pitta,Jose L.</name>
        <styleUrl>#icon-1624-9C27B0-nodesc</styleUrl>
        <Point>
          <coordinates>
            -63.0864115,-36.5707836,0
          </coordinates>
        </Point>
      </Placemark>
      <Placemark>
        <name>Veterinaria Castelli</name>
        <styleUrl>#icon-1624-9C27B0-nodesc</styleUrl>
        <Point>
          <coordinates>
            -57.8046683,-36.0904175,0
          </coordinates>
        </Point>
      </Placemark>
      <Placemark>
        <name>Veterinaria</name>
        <styleUrl>#icon-1624-9C27B0-nodesc</styleUrl>
        <Point>
          <coordinates>
            -58.2397766,-35.1699405,0
          </coordinates>
        </Point>
      </Placemark>
      <Placemark>
        <name>Veterinaria Los Talas de Carlos Eduardo Rodriguez</name>
        <styleUrl>#icon-1624-9C27B0-nodesc</styleUrl>
        <Point>
          <coordinates>
            -58.0169876,-35.5781406,0
          </coordinates>
        </Point>
      </Placemark>
      <Placemark>
        <name>Veterinaria Iseas</name>
        <styleUrl>#icon-1624-9C27B0-nodesc</styleUrl>
        <Point>
          <coordinates>
            -58.0142984,-35.5726583,0
          </coordinates>
        </Point>
      </Placemark>
      <Placemark>
        <name>Veterinaria Mitre, casa central</name>
        <styleUrl>#icon-1624-9C27B0-nodesc</styleUrl>
        <Point>
          <coordinates>
            -58.0131603,-35.5806967,0
          </coordinates>
        </Point>
      </Placemark>
      <Placemark>
        <name>Veterinaria La Loma</name>
        <styleUrl>#icon-1624-9C27B0-nodesc</styleUrl>
        <Point>
          <coordinates>
            -60.0315727,-34.8870921,0
          </coordinates>
        </Point>
      </Placemark>
      <Placemark>
        <name>CIVet</name>
        <styleUrl>#icon-1624-9C27B0-nodesc</styleUrl>
        <Point>
          <coordinates>
            -60.0169748,-34.8870648,0
          </coordinates>
        </Point>
      </Placemark>
      <Placemark>
        <name>Veterinaria Las Cañas Claromeco</name>
        <styleUrl>#icon-1624-9C27B0-nodesc</styleUrl>
        <Point>
          <coordinates>
            -60.0760544,-38.8542252,0
          </coordinates>
        </Point>
      </Placemark>
      <Placemark>
        <name>Veterinaria El Ovejero.</name>
        <styleUrl>#icon-1624-9C27B0-nodesc</styleUrl>
        <Point>
          <coordinates>
            -57.6875067,-36.3202367,0
          </coordinates>
        </Point>
      </Placemark>
      <Placemark>
        <name>Agro Veterinaria Don Donato</name>
        <styleUrl>#icon-1624-9C27B0-nodesc</styleUrl>
        <Point>
          <coordinates>
            -57.6815021,-36.3196819,0
          </coordinates>
        </Point>
      </Placemark>
      <Placemark>
        <name>Veterinaria</name>
        <styleUrl>#icon-1624-9C27B0-nodesc</styleUrl>
        <Point>
          <coordinates>
            -59.3320929,-35.3993224,0
          </coordinates>
        </Point>
      </Placemark>
      <Placemark>
        <name><![CDATA[Agroveterinaria "De campo en campo"]]></name>
        <styleUrl>#icon-1624-9C27B0-nodesc</styleUrl>
        <Point>
          <coordinates>
            -59.6320926,-35.269455,0
          </coordinates>
        </Point>
      </Placemark>
      <Placemark>
        <name><![CDATA[Veterinaria "Finito"]]></name>
        <styleUrl>#icon-1624-9C27B0-nodesc</styleUrl>
        <Point>
          <coordinates>
            -59.6274243,-35.2630264,0
          </coordinates>
        </Point>
      </Placemark>
      <Placemark>
        <name>Veterinaria medican</name>
        <styleUrl>#icon-1624-9C27B0-nodesc</styleUrl>
        <Point>
          <coordinates>
            -61.8904822,-34.7670012,0
          </coordinates>
        </Point>
      </Placemark>
      <Placemark>
        <name>Veterinaria Pehuen</name>
        <styleUrl>#icon-1624-9C27B0-nodesc</styleUrl>
        <Point>
          <coordinates>
            -60.9569905,-34.5976498,0
          </coordinates>
        </Point>
      </Placemark>
      <Placemark>
        <name>Centro Veterinario Junin</name>
        <styleUrl>#icon-1624-9C27B0-nodesc</styleUrl>
        <Point>
          <coordinates>
            -60.9466754,-34.5975113,0
          </coordinates>
        </Point>
      </Placemark>
      <Placemark>
        <name>Veterinaria Zoo de Alejandro F Panet</name>
        <styleUrl>#icon-1624-9C27B0-nodesc</styleUrl>
        <Point>
          <coordinates>
            -60.943413,-34.5922815,0
          </coordinates>
        </Point>
      </Placemark>
      <Placemark>
        <name>Veterinaria El Fortin de Santiago Alvarez Castillo</name>
        <styleUrl>#icon-1624-9C27B0-nodesc</styleUrl>
        <Point>
          <coordinates>
            -60.8000525,-37.550042,0
          </coordinates>
        </Point>
      </Placemark>
      <Placemark>
        <name>Veterinaria La Rinconada</name>
        <styleUrl>#icon-1624-9C27B0-nodesc</styleUrl>
        <Point>
          <coordinates>
            -60.7950665,-37.55005,0
          </coordinates>
        </Point>
      </Placemark>
      <Placemark>
        <name>Veterinaria Martín Fierro</name>
        <styleUrl>#icon-1624-9C27B0-nodesc</styleUrl>
        <Point>
          <coordinates>
            -60.804078,-37.547317,0
          </coordinates>
        </Point>
      </Placemark>
      <Placemark>
        <name>La Casa de India Petshop</name>
        <styleUrl>#icon-1502-FFEA00-nodesc</styleUrl>
        <Point>
          <coordinates>
            -59.0946584,-35.1675287,0
          </coordinates>
        </Point>
      </Placemark>
      <Placemark>
        <name>Veterinaria La Legua</name>
        <styleUrl>#icon-1624-9C27B0-nodesc</styleUrl>
        <Point>
          <coordinates>
            -59.0971293,-35.1894281,0
          </coordinates>
        </Point>
      </Placemark>
      <Placemark>
        <name>Veterinaria Fénix</name>
        <styleUrl>#icon-1624-9C27B0-nodesc</styleUrl>
        <Point>
          <coordinates>
            -59.0944044,-35.1772724,0
          </coordinates>
        </Point>
      </Placemark>
      <Placemark>
        <name>Veterinaria</name>
        <styleUrl>#icon-1624-9C27B0-nodesc</styleUrl>
        <Point>
          <coordinates>
            -57.5197278,-35.0753397,0
          </coordinates>
        </Point>
      </Placemark>
      <Placemark>
        <name>VETERINARIA INTEGRAL</name>
        <styleUrl>#icon-1624-9C27B0-nodesc</styleUrl>
        <Point>
          <coordinates>
            -57.5113993,-35.0889665,0
          </coordinates>
        </Point>
      </Placemark>
      <Placemark>
        <name>Veterinaria Mascotas</name>
        <styleUrl>#icon-1624-9C27B0-nodesc</styleUrl>
        <Point>
          <coordinates>
            -57.5142423,-35.0771572,0
          </coordinates>
        </Point>
      </Placemark>
      <Placemark>
        <name><![CDATA[Veterinaria "Del Sur"]]></name>
        <styleUrl>#icon-1624-9C27B0-nodesc</styleUrl>
        <Point>
          <coordinates>
            -57.550574,-38.034428,0
          </coordinates>
        </Point>
      </Placemark>
      <Placemark>
        <name>Veterinaria Zatza</name>
        <styleUrl>#icon-1624-9C27B0-nodesc</styleUrl>
        <Point>
          <coordinates>
            -57.4586362,-37.7709032,0
          </coordinates>
        </Point>
      </Placemark>
      <Placemark>
        <name>Veterinario Dr.Luis Gallardo Urgencias Y Cirugías 24hs</name>
        <styleUrl>#icon-1624-9C27B0-nodesc</styleUrl>
        <Point>
          <coordinates>
            -57.5038187,-37.8399389,0
          </coordinates>
        </Point>
      </Placemark>
      <Placemark>
        <name>Simona petshop</name>
        <styleUrl>#icon-1502-FFEA00-nodesc</styleUrl>
        <Point>
          <coordinates>
            -56.6772654,-36.7291625,0
          </coordinates>
        </Point>
      </Placemark>
      <Placemark>
        <name>Veterinaria Perdices</name>
        <styleUrl>#icon-1624-9C27B0-nodesc</styleUrl>
        <Point>
          <coordinates>
            -56.6832666,-36.7290094,0
          </coordinates>
        </Point>
      </Placemark>
      <Placemark>
        <name>Veterinaria Pachiani</name>
        <styleUrl>#icon-1624-9C27B0-nodesc</styleUrl>
        <Point>
          <coordinates>
            -56.6782043,-36.7247202,0
          </coordinates>
        </Point>
      </Placemark>
      <Placemark>
        <name>Flora Pet Shop</name>
        <styleUrl>#icon-1502-FFEA00-nodesc</styleUrl>
        <Point>
          <coordinates>
            -56.6826396,-36.7099476,0
          </coordinates>
        </Point>
      </Placemark>
      <Placemark>
        <name>Rossotti Veterinaria</name>
        <styleUrl>#icon-1624-9C27B0-nodesc</styleUrl>
        <Point>
          <coordinates>
            -57.5619746,-38.0671676,0
          </coordinates>
        </Point>
      </Placemark>
      <Placemark>
        <name>VETERINARIA CRENA</name>
        <styleUrl>#icon-1624-9C27B0-nodesc</styleUrl>
        <Point>
          <coordinates>
            -57.5936476,-37.9747868,0
          </coordinates>
        </Point>
      </Placemark>
      <Placemark>
        <name>Autocamping Casablanca</name>
        <styleUrl>#icon-1507-0F9D58-nodesc</styleUrl>
        <Point>
          <coordinates>
            -57.0111908,-37.3130007,0
          </coordinates>
        </Point>
      </Placemark>
      <Placemark>
        <name>Veterinaria Del Sur</name>
        <styleUrl>#icon-1624-9C27B0-nodesc</styleUrl>
        <Point>
          <coordinates>
            -56.9945018,-37.2876067,0
          </coordinates>
        </Point>
      </Placemark>
      <Placemark>
        <name>Valvet</name>
        <styleUrl>#icon-1624-9C27B0-nodesc</styleUrl>
        <Point>
          <coordinates>
            -57.0311418,-37.3386615,0
          </coordinates>
        </Point>
      </Placemark>
      <Placemark>
        <name>Agroveterinaria Gato y Mancha</name>
        <styleUrl>#icon-1624-9C27B0-nodesc</styleUrl>
        <Point>
          <coordinates>
            -57.9936929,-38.3427623,0
          </coordinates>
        </Point>
      </Placemark>
      <Placemark>
        <name>Veterinaria del parque</name>
        <styleUrl>#icon-1624-9C27B0-nodesc</styleUrl>
        <Point>
          <coordinates>
            -57.8293967,-38.2624115,0
          </coordinates>
        </Point>
      </Placemark>
      <Placemark>
        <name>Veterinaria Ampin</name>
        <styleUrl>#icon-1507-9C27B0-nodesc</styleUrl>
        <Point>
          <coordinates>
            -57.8400971,-38.2632006,0
          </coordinates>
        </Point>
      </Placemark>
      <Placemark>
        <name>Agroveterinaria Castan</name>
        <styleUrl>#icon-1624-9C27B0-nodesc</styleUrl>
        <Point>
          <coordinates>
            -57.8444063,-38.2659103,0
          </coordinates>
        </Point>
      </Placemark>
      <Placemark>
        <name>El Sauce Veterinaria</name>
        <styleUrl>#icon-1624-9C27B0-nodesc</styleUrl>
        <Point>
          <coordinates>
            -59.2759633,-35.0058117,0
          </coordinates>
        </Point>
      </Placemark>
      <Placemark>
        <name>Veterinaria el Gaucho</name>
        <styleUrl>#icon-1624-9C27B0-nodesc</styleUrl>
        <Point>
          <coordinates>
            -59.2801223,-35.0034841,0
          </coordinates>
        </Point>
      </Placemark>
      <Placemark>
        <name>Veterinaria de la Costa</name>
        <styleUrl>#icon-1624-9C27B0-nodesc</styleUrl>
        <Point>
          <coordinates>
            -58.7299719,-38.5777289,0
          </coordinates>
        </Point>
      </Placemark>
      <Placemark>
        <name>Veterinaria barbas</name>
        <styleUrl>#icon-1624-9C27B0-nodesc</styleUrl>
        <Point>
          <coordinates>
            -58.7316983,-38.5665986,0
          </coordinates>
        </Point>
      </Placemark>
      <Placemark>
        <name>Veterinaria Gomez</name>
        <styleUrl>#icon-1624-9C27B0-nodesc</styleUrl>
        <Point>
          <coordinates>
            -58.7274876,-38.5632129,0
          </coordinates>
        </Point>
      </Placemark>
      <Placemark>
        <name>Consultorio Veterinario del Faro</name>
        <styleUrl>#icon-1624-9C27B0-nodesc</styleUrl>
        <Point>
          <coordinates>
            -58.6989206,-38.5696064,0
          </coordinates>
        </Point>
      </Placemark>
      <Placemark>
        <name>Veterinaria</name>
        <styleUrl>#icon-1624-9C27B0-nodesc</styleUrl>
        <Point>
          <coordinates>
            -56.8660903,-37.1130877,0
          </coordinates>
        </Point>
      </Placemark>
      <Placemark>
        <name>Veterinaria lo del Toto</name>
        <styleUrl>#icon-1624-9C27B0-nodesc</styleUrl>
        <Point>
          <coordinates>
            -56.8958916,-37.1295641,0
          </coordinates>
        </Point>
      </Placemark>
      <Placemark>
        <name>VETERINARIA PERGAMINO S.R.L</name>
        <styleUrl>#icon-1624-9C27B0-nodesc</styleUrl>
        <Point>
          <coordinates>
            -60.5553126,-33.8949172,0
          </coordinates>
        </Point>
      </Placemark>
      <Placemark>
        <name><![CDATA[Forrajeria veterinaria B & V]]></name>
        <styleUrl>#icon-1624-9C27B0-nodesc</styleUrl>
        <Point>
          <coordinates>
            -60.5615911,-33.8867394,0
          </coordinates>
        </Point>
      </Placemark>
      <Placemark>
        <name>clinica veterinaria Cuyinhue</name>
        <styleUrl>#icon-1624-9C27B0-nodesc</styleUrl>
        <Point>
          <coordinates>
            -62.077419,-38.880812,0
          </coordinates>
        </Point>
      </Placemark>
      <Placemark>
        <name>Agroveterinaria El Retorno</name>
        <styleUrl>#icon-1624-9C27B0-nodesc</styleUrl>
        <Point>
          <coordinates>
            -58.3239038,-35.5152582,0
          </coordinates>
        </Point>
      </Placemark>
      <Placemark>
        <name>Veterinaria Lo De Andrea</name>
        <styleUrl>#icon-1624-9C27B0-nodesc</styleUrl>
        <Point>
          <coordinates>
            -58.3169693,-35.5164458,0
          </coordinates>
        </Point>
      </Placemark>
      <Placemark>
        <name>Veterinaria Ciccale</name>
        <styleUrl>#icon-1624-9C27B0-nodesc</styleUrl>
        <Point>
          <coordinates>
            -60.0064673,-33.4823013,0
          </coordinates>
        </Point>
      </Placemark>
      <Placemark>
        <name>Veterinaria Armoa</name>
        <styleUrl>#icon-1624-9C27B0-nodesc</styleUrl>
        <Point>
          <coordinates>
            -60.0053859,-33.4842743,0
          </coordinates>
        </Point>
      </Placemark>
      <Placemark>
        <name>Veterinaria Guerrina.</name>
        <styleUrl>#icon-1624-9C27B0-nodesc</styleUrl>
        <Point>
          <coordinates>
            -60.0059172,-33.4869983,0
          </coordinates>
        </Point>
      </Placemark>
      <Placemark>
        <name>Vida animal</name>
        <styleUrl>#icon-1624-9C27B0-nodesc</styleUrl>
        <Point>
          <coordinates>
            -60.0607143,-33.4980483,0
          </coordinates>
        </Point>
      </Placemark>
      <Placemark>
        <name>Veterinaria SAN ROQUE</name>
        <styleUrl>#icon-1624-9C27B0-nodesc</styleUrl>
        <Point>
          <coordinates>
            -60.0607755,-33.497847,0
          </coordinates>
        </Point>
      </Placemark>
      <Placemark>
        <name>Veterinaria RIO</name>
        <styleUrl>#icon-1899-9C27B0-nodesc</styleUrl>
        <Point>
          <coordinates>
            -60.5121279,-31.757839,0
          </coordinates>
        </Point>
      </Placemark>
      <Placemark>
        <name>Veterinaria Rio</name>
        <styleUrl>#icon-1624-9C27B0-nodesc</styleUrl>
        <Point>
          <coordinates>
            -60.5264111,-31.7334264,0
          </coordinates>
        </Point>
      </Placemark>
      <Placemark>
        <name>Veterinaria Cimarrón</name>
        <styleUrl>#icon-1624-9C27B0-nodesc</styleUrl>
        <Point>
          <coordinates>
            -57.966265,-31.3699471,0
          </coordinates>
        </Point>
      </Placemark>
      <Placemark>
        <name>PuntoVet 1</name>
        <styleUrl>#icon-1624-9C27B0-nodesc</styleUrl>
        <Point>
          <coordinates>
            -57.9498895,-31.3686091,0
          </coordinates>
        </Point>
      </Placemark>
      <Placemark>
        <name>Mi Campeón Centro Veterinario.</name>
        <styleUrl>#icon-1624-9C27B0-nodesc</styleUrl>
        <Point>
          <coordinates>
            -57.9690054,-31.3777844,0
          </coordinates>
        </Point>
      </Placemark>
      <Placemark>
        <name><![CDATA["San Roque"]]></name>
        <styleUrl>#icon-1624-9C27B0-nodesc</styleUrl>
        <Point>
          <coordinates>
            -59.4763792,-34.2433162,0
          </coordinates>
        </Point>
      </Placemark>
      <Placemark>
        <name>Veterinaria Areco</name>
        <styleUrl>#icon-1624-9C27B0-nodesc</styleUrl>
        <Point>
          <coordinates>
            -59.4741532,-34.2452004,0
          </coordinates>
        </Point>
      </Placemark>
      <Placemark>
        <name>CENTRO ATENCIÓN VETERINARIA Dr M Laurens</name>
        <styleUrl>#icon-1624-9C27B0-nodesc</styleUrl>
        <Point>
          <coordinates>
            -59.4757832,-34.2479069,0
          </coordinates>
        </Point>
      </Placemark>
      <Placemark>
        <name>Pet Shops la Delfina</name>
        <styleUrl>#icon-1502-FFEA00-nodesc</styleUrl>
        <Point>
          <coordinates>
            -56.6842893,-36.6894462,0
          </coordinates>
        </Point>
      </Placemark>
      <Placemark>
        <name>Al Agua Perro</name>
        <styleUrl>#icon-1624-9C27B0-nodesc</styleUrl>
        <Point>
          <coordinates>
            -56.6785576,-36.6820391,0
          </coordinates>
        </Point>
      </Placemark>
      <Placemark>
        <name>VETERINARIA EL GALGO</name>
        <styleUrl>#icon-1624-9C27B0-nodesc</styleUrl>
        <Point>
          <coordinates>
            -59.6103132,-38.3492001,0
          </coordinates>
        </Point>
      </Placemark>
      <Placemark>
        <name>VETERINARIA EL LUCERO</name>
        <styleUrl>#icon-1624-9C27B0-nodesc</styleUrl>
        <Point>
          <coordinates>
            -59.6130515,-38.3418927,0
          </coordinates>
        </Point>
      </Placemark>
      <Placemark>
        <name>El bunker de las mascotas</name>
        <styleUrl>#icon-1502-FFEA00-nodesc</styleUrl>
        <Point>
          <coordinates>
            -56.7174052,-36.3719258,0
          </coordinates>
        </Point>
      </Placemark>
      <Placemark>
        <name>Veterinaria El Badajo</name>
        <styleUrl>#icon-1624-9C27B0-nodesc</styleUrl>
        <Point>
          <coordinates>
            -56.7158839,-36.3686449,0
          </coordinates>
        </Point>
      </Placemark>
      <Placemark>
        <name><![CDATA[Claudio Bonnet "Veterinaria"]]></name>
        <styleUrl>#icon-1624-9C27B0-nodesc</styleUrl>
        <Point>
          <coordinates>
            -56.718025,-36.3653657,0
          </coordinates>
        </Point>
      </Placemark>
      <Placemark>
        <name>Don Carlos</name>
        <styleUrl>#icon-1502-FFEA00-nodesc</styleUrl>
        <Point>
          <coordinates>
            -56.7197217,-36.3652726,0
          </coordinates>
        </Point>
      </Placemark>
      <Placemark>
        <name>Veterinaria Pocas Pulgas</name>
        <styleUrl>#icon-1624-9C27B0-nodesc</styleUrl>
        <Point>
          <coordinates>
            -58.5584946,-34.6942058,0
          </coordinates>
        </Point>
      </Placemark>
      <Placemark>
        <name>Veterinaria Santamaria</name>
        <styleUrl>#icon-1624-9C27B0-nodesc</styleUrl>
        <Point>
          <coordinates>
            -58.5619517,-34.6822705,0
          </coordinates>
        </Point>
      </Placemark>
      <Placemark>
        <name>Veterinaria el Palenque</name>
        <styleUrl>#icon-1624-9C27B0-nodesc</styleUrl>
        <Point>
          <coordinates>
            -58.8,-35.449917,0
          </coordinates>
        </Point>
      </Placemark>
      <Placemark>
        <name>Veterinaria El Palenque</name>
        <styleUrl>#icon-1624-9C27B0-nodesc</styleUrl>
        <Point>
          <coordinates>
            -58.8027155,-35.4426872,0
          </coordinates>
        </Point>
      </Placemark>
      <Placemark>
        <name>CLINICA VETERINARIA SANTA RITA</name>
        <styleUrl>#icon-1624-9C27B0-nodesc</styleUrl>
        <Point>
          <coordinates>
            -58.8060406,-35.4408624,0
          </coordinates>
        </Point>
      </Placemark>
      <Placemark>
        <name>VETERINARIA PATITAS</name>
        <styleUrl>#icon-1624-9C27B0-nodesc</styleUrl>
        <Point>
          <coordinates>
            -59.6689495,-33.6774234,0
          </coordinates>
        </Point>
      </Placemark>
      <Placemark>
        <name>Centro Veterinario San Francisco</name>
        <styleUrl>#icon-1624-9C27B0-nodesc</styleUrl>
        <Point>
          <coordinates>
            -59.6566633,-33.6816733,0
          </coordinates>
        </Point>
      </Placemark>
      <Placemark>
        <name>VETERINARIA VETSALUD</name>
        <styleUrl>#icon-1624-9C27B0-nodesc</styleUrl>
        <Point>
          <coordinates>
            -59.6648049,-33.6752985,0
          </coordinates>
        </Point>
      </Placemark>
      <Placemark>
        <name>Veterinaria Flavet</name>
        <styleUrl>#icon-1624-9C27B0-nodesc</styleUrl>
        <Point>
          <coordinates>
            -56.6929941,-36.5355969,0
          </coordinates>
        </Point>
      </Placemark>
      <Placemark>
        <name>Dr.Sergio</name>
        <styleUrl>#icon-1624-9C27B0-nodesc</styleUrl>
        <Point>
          <coordinates>
            -56.6991599,-36.5344441,0
          </coordinates>
        </Point>
      </Placemark>
      <Placemark>
        <name>Lo de Male - pet shop</name>
        <styleUrl>#icon-1502-FFEA00-nodesc</styleUrl>
        <Point>
          <coordinates>
            -56.7116619,-36.5334396,0
          </coordinates>
        </Point>
      </Placemark>
      <Placemark>
        <name>Veterinaria El Regreso</name>
        <styleUrl>#icon-1624-9C27B0-nodesc</styleUrl>
        <Point>
          <coordinates>
            -56.709033,-36.5339179,0
          </coordinates>
        </Point>
      </Placemark>
      <Placemark>
        <name>VETERINARIA DE LA ESTACIÓN</name>
        <styleUrl>#icon-1624-9C27B0-nodesc</styleUrl>
        <Point>
          <coordinates>
            -60.2267055,-33.342855,0
          </coordinates>
        </Point>
      </Placemark>
      <Placemark>
        <name>Veterinaria Alvear</name>
        <styleUrl>#icon-1624-9C27B0-nodesc</styleUrl>
        <Point>
          <coordinates>
            -60.2234662,-33.3387917,0
          </coordinates>
        </Point>
      </Placemark>
      <Placemark>
        <name>Veterinaria a domicilio de La Paz</name>
        <styleUrl>#icon-1624-9C27B0-nodesc</styleUrl>
        <Point>
          <coordinates>
            -60.2379864,-33.3505369,0
          </coordinates>
        </Point>
      </Placemark>
      <Placemark>
        <name>VETERINARIA TRES PICOS</name>
        <styleUrl>#icon-1624-9C27B0-nodesc</styleUrl>
        <Point>
          <coordinates>
            -61.7999395,-38.131761,0
          </coordinates>
        </Point>
      </Placemark>
      <Placemark>
        <name>Veterinaria La Guachera</name>
        <styleUrl>#icon-1624-9C27B0-nodesc</styleUrl>
        <Point>
          <coordinates>
            -61.7960496,-38.1397861,0
          </coordinates>
        </Point>
      </Placemark>
      <Placemark>
        <name>Clínica Veterinaria Paula Ribas</name>
        <styleUrl>#icon-1624-9C27B0-nodesc</styleUrl>
        <Point>
          <coordinates>
            -59.1282264,-37.3374827,0
          </coordinates>
        </Point>
      </Placemark>
      <Placemark>
        <name>VETERINARIA AMAIKE</name>
        <styleUrl>#icon-1624-9C27B0-nodesc</styleUrl>
        <Point>
          <coordinates>
            -59.1262465,-37.3320164,0
          </coordinates>
        </Point>
      </Placemark>
      <Placemark>
        <name>Veterinaria Tandil</name>
        <styleUrl>#icon-1624-9C27B0-nodesc</styleUrl>
        <Point>
          <coordinates>
            -59.1413665,-37.3192817,0
          </coordinates>
        </Point>
      </Placemark>
      <Placemark>
        <name>Veterinaria Las Heras</name>
        <styleUrl>#icon-1624-9C27B0-nodesc</styleUrl>
        <Point>
          <coordinates>
            -59.1359083,-37.3188344,0
          </coordinates>
        </Point>
      </Placemark>
      <Placemark>
        <name><![CDATA[VETERINARIA "PULIHUEN"]]></name>
        <styleUrl>#icon-1624-9C27B0-nodesc</styleUrl>
        <Point>
          <coordinates>
            -60.0278491,-36.3550812,0
          </coordinates>
        </Point>
      </Placemark>
      <Placemark>
        <name>Veterinaria Segura</name>
        <styleUrl>#icon-1624-9C27B0-nodesc</styleUrl>
        <Point>
          <coordinates>
            -60.0267355,-36.3552784,0
          </coordinates>
        </Point>
      </Placemark>
      <Placemark>
        <name><![CDATA[Agroveterinaria "Don Enrique"]]></name>
        <styleUrl>#icon-1502-FFEA00-nodesc</styleUrl>
        <Point>
          <coordinates>
            -60.0265587,-36.3563648,0
          </coordinates>
        </Point>
      </Placemark>
      <Placemark>
        <name><![CDATA[Veterinaria "Di Claudio"]]></name>
        <styleUrl>#icon-1624-9C27B0-nodesc</styleUrl>
        <Point>
          <coordinates>
            -60.0180025,-36.3616749,0
          </coordinates>
        </Point>
      </Placemark>
      <Placemark>
        <name>Polivet</name>
        <styleUrl>#icon-1624-9C27B0-nodesc</styleUrl>
        <Point>
          <coordinates>
            -56.9918467,-37.2838095,0
          </coordinates>
        </Point>
      </Placemark>
      <Placemark>
        <name>Veterinaria Sáez</name>
        <styleUrl>#icon-1624-9C27B0-nodesc</styleUrl>
        <Point>
          <coordinates>
            -56.977402,-37.266989,0
          </coordinates>
        </Point>
      </Placemark>
      <Placemark>
        <name>Veterinaria Las Nereidas</name>
        <styleUrl>#icon-1624-9C27B0-nodesc</styleUrl>
        <Point>
          <coordinates>
            -59.0371628,-34.0867356,0
          </coordinates>
        </Point>
      </Placemark>
      <Placemark>
        <name>Agronomía y Veterinaria Delta</name>
        <styleUrl>#icon-1624-9C27B0-nodesc</styleUrl>
        <Point>
          <coordinates>
            -59.0310676,-34.0987002,0
          </coordinates>
        </Point>
      </Placemark>
      <Placemark>
        <name>Veterinaria Droopy</name>
        <styleUrl>#icon-1624-9C27B0-nodesc</styleUrl>
        <Point>
          <coordinates>
            -59.0172192,-34.1012689,0
          </coordinates>
        </Point>
      </Placemark>
      <Placemark>
        <name>Clínica Veterinaria Panda</name>
        <styleUrl>#icon-1624-9C27B0-nodesc</styleUrl>
        <Point>
          <coordinates>
            -59.0212367,-34.1021152,0
          </coordinates>
        </Point>
      </Placemark>
      <Placemark>
        <name>Camping El Montañés</name>
        <styleUrl>#icon-1507-0F9D58-nodesc</styleUrl>
        <Point>
          <coordinates>
            -69.2380741,-32.9709698,0
          </coordinates>
        </Point>
      </Placemark>
      <Placemark>
        <name>Camping - Pileta Los Pinos</name>
        <styleUrl>#icon-1507-0F9D58-nodesc</styleUrl>
        <Point>
          <coordinates>
            -64.4915976,-31.4106162,0
          </coordinates>
        </Point>
      </Placemark>
      <Placemark>
        <name>Camping Mar y Sol</name>
        <styleUrl>#icon-1507-0F9D58-nodesc</styleUrl>
        <Point>
          <coordinates>
            -56.6741327,-36.7459749,0
          </coordinates>
        </Point>
      </Placemark>
      <Placemark>
        <name>Camping El Pinar</name>
        <styleUrl>#icon-1507-0F9D58-nodesc</styleUrl>
        <Point>
          <coordinates>
            -61.8857363,-38.0644424,0
          </coordinates>
        </Point>
      </Placemark>
      <Placemark>
        <name>Camping de Ingenieros Villa Gesell</name>
        <styleUrl>#icon-1507-0F9D58-nodesc</styleUrl>
        <Point>
          <coordinates>
            -57.0368059,-37.3511819,0
          </coordinates>
        </Point>
      </Placemark>
      <Placemark>
        <name>Camping La Calera</name>
        <styleUrl>#icon-1507-0F9D58-nodesc</styleUrl>
        <Point>
          <coordinates>
            -64.452849,-31.3646595,0
          </coordinates>
        </Point>
      </Placemark>
      <Placemark>
        <name>Paraiso Brazo Largo</name>
        <styleUrl>#icon-1507-0F9D58-nodesc</styleUrl>
        <Point>
          <coordinates>
            -58.8826875,-33.8646875,0
          </coordinates>
        </Point>
      </Placemark>
      <Placemark>
        <name>Camping El Bosque</name>
        <styleUrl>#icon-1507-0F9D58-nodesc</styleUrl>
        <Point>
          <coordinates>
            -64.5988358,-31.3592566,0
          </coordinates>
        </Point>
      </Placemark>
      <Placemark>
        <name>Camping Paz y Bien</name>
        <styleUrl>#icon-1507-0F9D58-nodesc</styleUrl>
        <Point>
          <coordinates>
            -64.5220703,-31.4772989,0
          </coordinates>
        </Point>
      </Placemark>
      <Placemark>
        <name>Camping La Elsi</name>
        <styleUrl>#icon-1507-0F9D58-nodesc</styleUrl>
        <Point>
          <coordinates>
            -64.5749384,-31.9218719,0
          </coordinates>
        </Point>
      </Placemark>
      <Placemark>
        <name>Complejo Turístico Panaholma - Camping - Habitaciones y Casillas</name>
        <styleUrl>#icon-1507-0F9D58-nodesc</styleUrl>
        <Point>
          <coordinates>
            -65.0073912,-31.7117368,0
          </coordinates>
        </Point>
      </Placemark>
      <Placemark>
        <name>Camping San Buenaventura</name>
        <styleUrl>#icon-1507-0F9D58-nodesc</styleUrl>
        <Point>
          <coordinates>
            -64.523415,-31.2349317,0
          </coordinates>
        </Point>
      </Placemark>
      <Placemark>
        <name>Camping y Cabañas Piedras Rosadas</name>
        <styleUrl>#icon-1507-0F9D58-nodesc</styleUrl>
        <Point>
          <coordinates>
            -65.05284,-31.623127,0
          </coordinates>
        </Point>
      </Placemark>
      <Placemark>
        <name>CAMPING ICHO CRUZ</name>
        <styleUrl>#icon-1507-0F9D58-nodesc</styleUrl>
        <Point>
          <coordinates>
            -64.5658735,-31.4776276,0
          </coordinates>
        </Point>
      </Placemark>
      <Placemark>
        <name>Camping Aguas Verdes</name>
        <styleUrl>#icon-1507-0F9D58-nodesc</styleUrl>
        <Point>
          <coordinates>
            -56.6897634,-36.6397593,0
          </coordinates>
        </Point>
      </Placemark>
      <Placemark>
        <name>CAMPING MEDANO 40 - BALNEARIO ORENSE</name>
        <styleUrl>#icon-1507-0F9D58-nodesc</styleUrl>
        <Point>
          <coordinates>
            -59.739912,-38.80991,0
          </coordinates>
        </Point>
      </Placemark>
      <Placemark>
        <name>Eco-Camping Cuesta Blanca</name>
        <styleUrl>#icon-1507-0F9D58-nodesc</styleUrl>
        <Point>
          <coordinates>
            -64.584009,-31.480233,0
          </coordinates>
        </Point>
      </Placemark>
      <Placemark>
        <name>Camping La Mesada</name>
        <styleUrl>#icon-1507-0F9D58-nodesc</styleUrl>
        <Point>
          <coordinates>
            -64.7244159,-32.6834191,0
          </coordinates>
        </Point>
      </Placemark>
      <Placemark>
        <name>CAMPING EL CHINO</name>
        <styleUrl>#icon-1507-0F9D58-nodesc</styleUrl>
        <Point>
          <coordinates>
            -64.3763359,-32.1626621,0
          </coordinates>
        </Point>
      </Placemark>
      <Placemark>
        <name>Camping Municipal Cachari</name>
        <styleUrl>#icon-1507-0F9D58-nodesc</styleUrl>
        <Point>
          <coordinates>
            -59.4935494,-36.3871425,0
          </coordinates>
        </Point>
      </Placemark>
      <Placemark>
        <name>Camping CANYP Embalse</name>
        <styleUrl>#icon-1507-0F9D58-nodesc</styleUrl>
        <Point>
          <coordinates>
            -64.4047915,-32.1971477,0
          </coordinates>
        </Point>
      </Placemark>
      <Placemark>
        <name>Camping C.E.C.</name>
        <styleUrl>#icon-1507-0F9D58-nodesc</styleUrl>
        <Point>
          <coordinates>
            -68.4197184,-33.0611051,0
          </coordinates>
        </Point>
      </Placemark>
      <Placemark>
        <name>Camping Río de Los Sauces</name>
        <styleUrl>#icon-1507-0F9D58-nodesc</styleUrl>
        <Point>
          <coordinates>
            -64.5889446,-32.5301104,0
          </coordinates>
        </Point>
      </Placemark>
      <Placemark>
        <name><![CDATA[Recreo Municipal "La Rosita"]]></name>
        <styleUrl>#icon-1507-0F9D58-nodesc</styleUrl>
        <Point>
          <coordinates>
            -57.7984823,-36.0995582,0
          </coordinates>
        </Point>
      </Placemark>
      <Placemark>
        <name>Camping Peña Encantada</name>
        <styleUrl>#icon-1507-0F9D58-nodesc</styleUrl>
        <Point>
          <coordinates>
            -65.4006752,-23.5774992,0
          </coordinates>
        </Point>
      </Placemark>
      <Placemark>
        <name>Complejo Turístico Laguna Totora</name>
        <styleUrl>#icon-1507-0F9D58-nodesc</styleUrl>
        <Point>
          <coordinates>
            -58.5075724,-27.370562,0
          </coordinates>
        </Point>
      </Placemark>
      <Placemark>
        <name>Camping Movimiento Familiar Cristiano</name>
        <styleUrl>#icon-1507-0F9D58-nodesc</styleUrl>
        <Point>
          <coordinates>
            -68.4132657,-34.7634264,0
          </coordinates>
        </Point>
      </Placemark>
      <Placemark>
        <name>Balneario - Camping Carlos Xamena</name>
        <styleUrl>#icon-1507-0F9D58-nodesc</styleUrl>
        <Point>
          <coordinates>
            -65.4181121,-24.8145914,0
          </coordinates>
        </Point>
      </Placemark>
      <Placemark>
        <name>Hospedaje -Camping Luna Garcia</name>
        <styleUrl>#icon-1507-0F9D58-nodesc</styleUrl>
        <Point>
          <coordinates>
            -65.5095537,-23.7399784,0
          </coordinates>
        </Point>
      </Placemark>
      <Placemark>
        <name>Camping Uno</name>
        <styleUrl>#icon-1507-0F9D58-nodesc</styleUrl>
        <Point>
          <coordinates>
            -62.2246055,-40.5559101,0
          </coordinates>
        </Point>
      </Placemark>
      <Placemark>
        <name>Veterinaria Huesos</name>
        <styleUrl>#icon-1624-9C27B0-nodesc</styleUrl>
        <Point>
          <coordinates>
            -67.4812454,-45.8339821,0
          </coordinates>
        </Point>
      </Placemark>
      <Placemark>
        <name>Camping Don Antonio</name>
        <styleUrl>#icon-1507-0F9D58-nodesc</styleUrl>
        <Point>
          <coordinates>
            -62.2257899,-40.5561746,0
          </coordinates>
        </Point>
      </Placemark>
      <Placemark>
        <name>Yaku Totoral</name>
        <styleUrl>#icon-1507-0F9D58-nodesc</styleUrl>
        <Point>
          <coordinates>
            -64.0898966,-30.7025959,0
          </coordinates>
        </Point>
      </Placemark>
      <Placemark>
        <name>Camping Puesta del Sol</name>
        <styleUrl>#icon-1507-0F9D58-nodesc</styleUrl>
        <Point>
          <coordinates>
            -64.6146509,-32.047935,0
          </coordinates>
        </Point>
      </Placemark>
      <Placemark>
        <name>Estancia La Victoria - Cabañas, Dormis y Camping</name>
        <styleUrl>#icon-1507-0F9D58-nodesc</styleUrl>
        <Point>
          <coordinates>
            -64.747466,-32.1923542,0
          </coordinates>
        </Point>
      </Placemark>
      <Placemark>
        <name>Camping los mistoles</name>
        <styleUrl>#icon-1507-0F9D58-nodesc</styleUrl>
        <Point>
          <coordinates>
            -63.9279949,-30.0962306,0
          </coordinates>
        </Point>
      </Placemark>
      <Placemark>
        <name>Camping Cabalango</name>
        <styleUrl>#icon-1507-0F9D58-nodesc</styleUrl>
        <Point>
          <coordinates>
            -64.550599,-31.4012339,0
          </coordinates>
        </Point>
      </Placemark>
      <Placemark>
        <name>Camping El Molino</name>
        <styleUrl>#icon-1507-0F9D58-nodesc</styleUrl>
        <Point>
          <coordinates>
            -58.1284509,-32.2290847,0
          </coordinates>
        </Point>
      </Placemark>
      <Placemark>
        <name><![CDATA[38°52'43.2"S 71°11'20.5"W]]></name>
        <styleUrl>#icon-1507-0F9D58-nodesc</styleUrl>
        <Point>
          <coordinates>
            -71.1890277777778,-38.8786666666667,0
          </coordinates>
        </Point>
      </Placemark>
      <Placemark>
        <name>Complejo Turístico Colonia San Miguel</name>
        <styleUrl>#icon-1507-0F9D58-nodesc</styleUrl>
        <Point>
          <coordinates>
            -60.1065702,-36.9524364,0
          </coordinates>
        </Point>
      </Placemark>
      <Placemark>
        <name>Camping Recreo Keidel</name>
        <styleUrl>#icon-1507-0F9D58-nodesc</styleUrl>
        <Point>
          <coordinates>
            -58.9126396,-33.8930036,0
          </coordinates>
        </Point>
      </Placemark>
      <Placemark>
        <name>Camping LUYABA</name>
        <styleUrl>#icon-1507-0F9D58-nodesc</styleUrl>
        <Point>
          <coordinates>
            -65.0479239,-32.1471543,0
          </coordinates>
        </Point>
      </Placemark>
      <Placemark>
        <name>CAMPING ABBA</name>
        <styleUrl>#icon-1507-0F9D58-nodesc</styleUrl>
        <Point>
          <coordinates>
            -65.0316878,-32.3057598,0
          </coordinates>
        </Point>
      </Placemark>
      <Placemark>
        <name>Camping El Pucará</name>
        <styleUrl>#icon-1507-0F9D58-nodesc</styleUrl>
        <Point>
          <coordinates>
            -56.95398,-37.2406047,0
          </coordinates>
        </Point>
      </Placemark>
      <Placemark>
        <name><![CDATA[37°15'17.2"S 61°13'43.8"W]]></name>
        <styleUrl>#icon-1507-0F9D58-nodesc</styleUrl>
        <Point>
          <coordinates>
            -61.2288333333333,-37.2547777777778,0
          </coordinates>
        </Point>
      </Placemark>
      <Placemark>
        <name>Predio del Bicentenario (Las 33 Héctareas)</name>
        <styleUrl>#icon-1507-0F9D58-nodesc</styleUrl>
        <Point>
          <coordinates>
            -59.3318393,-35.384777,0
          </coordinates>
        </Point>
      </Placemark>
      <Placemark>
        <name>Camping Villanueva (Rio Salado)</name>
        <styleUrl>#icon-1507-0F9D58-nodesc</styleUrl>
        <Point>
          <coordinates>
            -58.4497944,-35.6959915,0
          </coordinates>
        </Point>
      </Placemark>
      <Placemark>
        <name><![CDATA[Camping "Paloma Araucana"]]></name>
        <styleUrl>#icon-1507-0F9D58-nodesc</styleUrl>
        <Point>
          <coordinates>
            -71.3575943,-40.6680901,0
          </coordinates>
        </Point>
      </Placemark>
      <Placemark>
        <name>Camping ACA Luján</name>
        <styleUrl>#icon-1507-0F9D58-nodesc</styleUrl>
        <Point>
          <coordinates>
            -59.0542814,-34.58391,0
          </coordinates>
        </Point>
      </Placemark>
      <Placemark>
        <name>Camping UnTER</name>
        <styleUrl>#icon-1507-0F9D58-nodesc</styleUrl>
        <Point>
          <coordinates>
            -65.0276679,-41.6350895,0
          </coordinates>
        </Point>
      </Placemark>
      <Placemark>
        <name>Altos de Jofre Glamping</name>
        <styleUrl>#icon-1507-0F9D58-nodesc</styleUrl>
        <Point>
          <coordinates>
            -59.3421516,-34.6684455,0
          </coordinates>
        </Point>
      </Placemark>
      <Placemark>
        <name>Recreo Mutual Bomberos</name>
        <styleUrl>#icon-1507-0F9D58-nodesc</styleUrl>
        <Point>
          <coordinates>
            -58.7344706,-34.2465856,0
          </coordinates>
        </Point>
      </Placemark>
      <Placemark>
        <name>Camping Balneario Carmen De Areco</name>
        <styleUrl>#icon-1507-0F9D58-nodesc</styleUrl>
        <Point>
          <coordinates>
            -59.81944,-34.353144,0
          </coordinates>
        </Point>
      </Placemark>
      <Placemark>
        <name>Camping Municipal Puerto San Martin</name>
        <styleUrl>#icon-1507-0F9D58-nodesc</styleUrl>
        <Point>
          <coordinates>
            -60.7747755,-32.7109527,0
          </coordinates>
        </Point>
      </Placemark>
      <Placemark>
        <name>Camping Doña Layda</name>
        <styleUrl>#icon-1507-0F9D58-nodesc</styleUrl>
        <Point>
          <coordinates>
            -64.7710126,-32.1687313,0
          </coordinates>
        </Point>
      </Placemark>
      <Placemark>
        <name>Hotel de los Arcos Catriel</name>
        <styleUrl>#icon-1602-0F9D58-nodesc</styleUrl>
        <Point>
          <coordinates>
            -67.7913185,-37.8697507,0
          </coordinates>
        </Point>
      </Placemark>
      <Placemark>
        <name>Camping Bomberos Voluntarios</name>
        <styleUrl>#icon-1507-0F9D58-nodesc</styleUrl>
        <Point>
          <coordinates>
            -65.4876975,-43.2902235,0
          </coordinates>
        </Point>
      </Placemark>
      <Placemark>
        <name>Camping Municipal</name>
        <styleUrl>#icon-1507-0F9D58-nodesc</styleUrl>
        <Point>
          <coordinates>
            -62.4272682,-37.0094286,0
          </coordinates>
        </Point>
      </Placemark>
      <Placemark>
        <name>Camping Los Dos Puentes</name>
        <styleUrl>#icon-1507-0F9D58-nodesc</styleUrl>
        <Point>
          <coordinates>
            -60.8667289,-32.6749039,0
          </coordinates>
        </Point>
      </Placemark>
      <Placemark>
        <name><![CDATA[Clínica veterinaria "La Perruquería de Andino]]></name>
        <styleUrl>#icon-1624-9C27B0-nodesc</styleUrl>
        <Point>
          <coordinates>
            -60.8705601,-32.6760906,0
          </coordinates>
        </Point>
      </Placemark>
      <Placemark>
        <name>Camping Municipal</name>
        <styleUrl>#icon-1507-0F9D58-nodesc</styleUrl>
        <Point>
          <coordinates>
            -65.7080282,-44.8003562,0
          </coordinates>
        </Point>
      </Placemark>
      <Placemark>
        <name>Veterinaria AIKEN</name>
        <styleUrl>#icon-1624-9C27B0-nodesc</styleUrl>
        <Point>
          <coordinates>
            -65.7090604,-44.7942222,0
          </coordinates>
        </Point>
      </Placemark>
      <Placemark>
        <name><![CDATA[Recreo Camping "Club Náutico"]]></name>
        <styleUrl>#icon-1507-0F9D58-nodesc</styleUrl>
        <Point>
          <coordinates>
            -64.9281747,-40.726832,0
          </coordinates>
        </Point>
      </Placemark>
      <Placemark>
        <name>Clinica Veterinaria Nahuel</name>
        <styleUrl>#icon-1624-9C27B0-nodesc</styleUrl>
        <Point>
          <coordinates>
            -64.9388206,-40.7307661,0
          </coordinates>
        </Point>
      </Placemark>
      <Placemark>
        <name>Veterinaria El Palenque</name>
        <styleUrl>#icon-1624-9C27B0-nodesc</styleUrl>
        <Point>
          <coordinates>
            -64.9410498,-40.7307965,0
          </coordinates>
        </Point>
      </Placemark>
      <Placemark>
        <name>Camping ATSA</name>
        <styleUrl>#icon-1507-0F9D58-nodesc</styleUrl>
        <Point>
          <coordinates>
            -58.8007161,-38.604949,0
          </coordinates>
        </Point>
      </Placemark>
      <Placemark>
        <name>Camping la Tapera</name>
        <styleUrl>#icon-1507-0F9D58-nodesc</styleUrl>
        <Point>
          <coordinates>
            -71.4066049,-39.7552734,0
          </coordinates>
        </Point>
      </Placemark>
      <Placemark>
        <name>Camping Piedra Mala</name>
        <styleUrl>#icon-1507-0F9D58-nodesc</styleUrl>
        <Point>
          <coordinates>
            -71.5244934,-39.72328,0
          </coordinates>
        </Point>
      </Placemark>
      <Placemark>
        <name>Cabañas Trayenco</name>
        <styleUrl>#icon-1507-0F9D58-nodesc</styleUrl>
        <Point>
          <coordinates>
            -71.5439555,-39.7155458,0
          </coordinates>
        </Point>
      </Placemark>
      <Placemark>
        <name>Cámping Mari Mari Che</name>
        <styleUrl>#icon-1507-0F9D58-nodesc</styleUrl>
        <Point>
          <coordinates>
            -71.5441794,-39.7143535,0
          </coordinates>
        </Point>
      </Placemark>
      <Placemark>
        <name>Camping Pto. Pirámides</name>
        <styleUrl>#icon-1507-0F9D58-nodesc</styleUrl>
        <Point>
          <coordinates>
            -64.2799836,-42.573024,0
          </coordinates>
        </Point>
      </Placemark>
      <Placemark>
        <name>Camping Municipal Naturaleza Pura General Conesa</name>
        <styleUrl>#icon-1507-0F9D58-nodesc</styleUrl>
        <Point>
          <coordinates>
            -64.470452,-40.0810986,0
          </coordinates>
        </Point>
      </Placemark>
      <Placemark>
        <name>Camping El Vado de Pancho</name>
        <styleUrl>#icon-1507-0F9D58-nodesc</styleUrl>
        <Point>
          <coordinates>
            -71.299733,-40.3702538,0
          </coordinates>
        </Point>
      </Placemark>
      <Placemark>
        <name>Camping Lolen</name>
        <styleUrl>#icon-1507-0F9D58-nodesc</styleUrl>
        <Point>
          <coordinates>
            -71.4074087,-40.1749494,0
          </coordinates>
        </Point>
      </Placemark>
      <Placemark>
        <name>Camping Cabañas Del Mar</name>
        <styleUrl>#icon-1899-0F9D58-nodesc</styleUrl>
        <Point>
          <coordinates>
            -56.6900083,-36.5956733,0
          </coordinates>
        </Point>
      </Placemark>
      <Placemark>
        <name>Camping Manantiales</name>
        <styleUrl>#icon-1507-0F9D58-nodesc</styleUrl>
        <Point>
          <coordinates>
            -64.7300697,-32.6810879,0
          </coordinates>
        </Point>
      </Placemark>
      <Placemark>
        <name><![CDATA[Complejo de Mar & Camping - Arenas Verdes]]></name>
        <styleUrl>#icon-1507-0F9D58-nodesc</styleUrl>
        <Point>
          <coordinates>
            -58.5579637,-38.5454449,0
          </coordinates>
        </Point>
      </Placemark>
      <Placemark>
        <name>Camping Cabañas Del Mar</name>
        <styleUrl>#icon-1507-0F9D58-nodesc</styleUrl>
        <Point>
          <coordinates>
            -56.6900083,-36.5956733,0
          </coordinates>
        </Point>
      </Placemark>
      <Placemark>
        <name>Balneario Comunal</name>
        <styleUrl>#icon-1507-0F9D58-nodesc</styleUrl>
        <Point>
          <coordinates>
            -63.2296346,-40.7247144,0
          </coordinates>
        </Point>
      </Placemark>
      <Placemark>
        <name>Camping Municipal Larroude</name>
        <styleUrl>#icon-1507-0F9D58-nodesc</styleUrl>
        <Point>
          <coordinates>
            -63.5866274,-35.0273187,0
          </coordinates>
        </Point>
      </Placemark>
      <Placemark>
        <name>Camping Municipal Mari Mari Curru Leuvu</name>
        <styleUrl>#icon-1507-0F9D58-nodesc</styleUrl>
        <Point>
          <coordinates>
            -63.6791936,-40.4367843,0
          </coordinates>
        </Point>
      </Placemark>
      <Placemark>
        <name>Camping Los Alamos</name>
        <styleUrl>#icon-1507-0F9D58-nodesc</styleUrl>
        <Point>
          <coordinates>
            -64.5688578,-32.0572041,0
          </coordinates>
        </Point>
      </Placemark>
      <Placemark>
        <name>Camping Ruka Kalkin</name>
        <styleUrl>#icon-1507-0F9D58-nodesc</styleUrl>
        <Point>
          <coordinates>
            -70.9467233,-39.1231709,0
          </coordinates>
        </Point>
      </Placemark>
      <Placemark>
        <name>Playa Luna Azul</name>
        <styleUrl>#icon-1507-0F9D58-nodesc</styleUrl>
        <Point>
          <coordinates>
            -57.5349743,-37.9489611,0
          </coordinates>
        </Point>
      </Placemark>
      <Placemark>
        <name>ACA</name>
        <styleUrl>#icon-1507-0F9D58-nodesc</styleUrl>
        <Point>
          <coordinates>
            -60.2698585,-33.2876735,0
          </coordinates>
        </Point>
      </Placemark>
      <Placemark>
        <name>Camping de montaña Kelenkeskes</name>
        <styleUrl>#icon-1507-0F9D58-nodesc</styleUrl>
        <Point>
          <coordinates>
            -68.2787402,-54.7693759,0
          </coordinates>
        </Point>
      </Placemark>
      <Placemark>
        <name>Parque Sarmiento Carcaraña</name>
        <styleUrl>#icon-1507-0F9D58-nodesc</styleUrl>
        <Point>
          <coordinates>
            -61.1395606,-32.841646,0
          </coordinates>
        </Point>
      </Placemark>
      <Placemark>
        <name>Guarderia Gatuna Katzemau</name>
        <styleUrl>#icon-1502-FFEA00-nodesc</styleUrl>
        <Point>
          <coordinates>
            -62.2780636,-38.6623005,0
          </coordinates>
        </Point>
      </Placemark>
      <Placemark>
        <name>Camping Bahía creek</name>
        <styleUrl>#icon-1507-0F9D58-nodesc</styleUrl>
        <Point>
          <coordinates>
            -63.9307089,-41.0834352,0
          </coordinates>
        </Point>
      </Placemark>
      <Placemark>
        <name>Camping Río Olivia</name>
        <styleUrl>#icon-1507-0F9D58-nodesc</styleUrl>
        <Point>
          <coordinates>
            -68.1943597,-54.7625091,0
          </coordinates>
        </Point>
      </Placemark>
      <Placemark>
        <name>Camping Rio Grande de Nono</name>
        <styleUrl>#icon-1507-0F9D58-nodesc</styleUrl>
        <Point>
          <coordinates>
            -65.008256,-31.7941303,0
          </coordinates>
        </Point>
      </Placemark>
      <Placemark>
        <name><![CDATA[32°10'09.6"S 64°23'01.2"W]]></name>
        <styleUrl>#icon-1507-0F9D58-nodesc</styleUrl>
        <Point>
          <coordinates>
            -64.3836666666667,-32.1693333333333,0
          </coordinates>
        </Point>
      </Placemark>
      <Placemark>
        <name><![CDATA["Tunquelen" (lugar de descanso) camping,cabañas,comedor]]></name>
        <styleUrl>#icon-1507-0F9D58-nodesc</styleUrl>
        <Point>
          <coordinates>
            -67.2552314,-40.4927391,0
          </coordinates>
        </Point>
      </Placemark>
      <Placemark>
        <name>Camping NUEVO COSTERO SUR</name>
        <styleUrl>#icon-1507-0F9D58-nodesc</styleUrl>
        <Point>
          <coordinates>
            -58.1272121,-32.2315309,0
          </coordinates>
        </Point>
      </Placemark>
      <Placemark>
        <name>Camping Municipal Las Chacras</name>
        <styleUrl>#icon-1507-0F9D58-nodesc</styleUrl>
        <Point>
          <coordinates>
            -65.7598042,-32.5441771,0
          </coordinates>
        </Point>
      </Placemark>
      <Placemark>
        <name>Complejo Calasanz</name>
        <styleUrl>#icon-1507-0F9D58-nodesc</styleUrl>
        <Point>
          <coordinates>
            -57.5599158,-37.9442708,0
          </coordinates>
        </Point>
      </Placemark>
      <Placemark>
        <name>Camping Bahía Los Cipreses VLA</name>
        <styleUrl>#icon-1507-0F9D58-nodesc</styleUrl>
        <Point>
          <coordinates>
            -71.4056671,-40.9359041,0
          </coordinates>
        </Point>
      </Placemark>
      <Placemark>
        <name>AutoCamping NO ME OLVIDES</name>
        <styleUrl>#icon-1507-0F9D58-nodesc</styleUrl>
        <Point>
          <coordinates>
            -71.5249828,-41.9774103,0
          </coordinates>
        </Point>
      </Placemark>
      <Placemark>
        <name>Camping De San Ignacio</name>
        <styleUrl>#icon-1507-0F9D58-nodesc</styleUrl>
        <Point>
          <coordinates>
            -64.9567251,-32.6365623,0
          </coordinates>
        </Point>
      </Placemark>
      <Placemark>
        <name>Camping Municipal</name>
        <styleUrl>#icon-1507-0F9D58-nodesc</styleUrl>
        <Point>
          <coordinates>
            -66.0730819,-26.8051493,0
          </coordinates>
        </Point>
      </Placemark>
      <Placemark>
        <name>Camping Rincón de la Ensenada</name>
        <styleUrl>#icon-1507-0F9D58-nodesc</styleUrl>
        <Point>
          <coordinates>
            -68.5097977,-34.8237853,0
          </coordinates>
        </Point>
      </Placemark>
      <Placemark>
        <name>Camping Ayum Elun</name>
        <styleUrl>#icon-1507-0F9D58-nodesc</styleUrl>
        <Point>
          <coordinates>
            -68.4473542,-34.8211639,0
          </coordinates>
        </Point>
      </Placemark>
      <Placemark>
        <name><![CDATA[38°59'14.6"S 61°21'01.1"W]]></name>
        <styleUrl>#icon-1507-0F9D58-nodesc</styleUrl>
        <Point>
          <coordinates>
            -61.3503055555556,-38.9873888888889,0
          </coordinates>
        </Point>
      </Placemark>
      <Placemark>
        <name>Camping con Cabañas el Tigre</name>
        <styleUrl>#icon-1507-0F9D58-nodesc</styleUrl>
        <Point>
          <coordinates>
            -68.6081104,-34.6061501,0
          </coordinates>
        </Point>
      </Placemark>
      <Placemark>
        <name>Camping Sitracyt</name>
        <styleUrl>#icon-1507-0F9D58-nodesc</styleUrl>
        <Point>
          <coordinates>
            -65.08321,-40.8049502,0
          </coordinates>
        </Point>
      </Placemark>
      <Placemark>
        <name>Camping Río Colorado</name>
        <styleUrl>#icon-1507-0F9D58-nodesc</styleUrl>
        <Point>
          <coordinates>
            -64.1089588,-38.9773234,0
          </coordinates>
        </Point>
      </Placemark>
      <Placemark>
        <name>Parque Los Pisaderos</name>
        <styleUrl>#icon-1507-0F9D58-nodesc</styleUrl>
        <Point>
          <coordinates>
            -65.441824,-36.2120266,0
          </coordinates>
        </Point>
      </Placemark>
      <Placemark>
        <name>Camping Mutual Policia de Rio Negro</name>
        <styleUrl>#icon-1507-0F9D58-nodesc</styleUrl>
        <Point>
          <coordinates>
            -65.0840651,-40.8052785,0
          </coordinates>
        </Point>
      </Placemark>
      <Placemark>
        <name>Camping Patagonia</name>
        <styleUrl>#icon-1507-0F9D58-nodesc</styleUrl>
        <Point>
          <coordinates>
            -65.0262821,-41.6352248,0
          </coordinates>
        </Point>
      </Placemark>
      <Placemark>
        <name>CAMPING MUNICIPAL</name>
        <styleUrl>#icon-1507-0F9D58-nodesc</styleUrl>
        <Point>
          <coordinates>
            -64.3066458,-36.6253245,0
          </coordinates>
        </Point>
      </Placemark>
      <Placemark>
        <name>Camping Upcn</name>
        <styleUrl>#icon-1507-0F9D58-nodesc</styleUrl>
        <Point>
          <coordinates>
            -62.8307888,-41.0507803,0
          </coordinates>
        </Point>
      </Placemark>
      <Placemark>
        <name>Club de Pescadores Punta Verde</name>
        <styleUrl>#icon-1507-0F9D58-nodesc</styleUrl>
        <Point>
          <coordinates>
            -64.8506431,-40.8273755,0
          </coordinates>
        </Point>
      </Placemark>
      <Placemark>
        <name>Playa Las Conchillas</name>
        <styleUrl>#icon-1507-0F9D58-nodesc</styleUrl>
        <Point>
          <coordinates>
            -64.8136657,-40.8220667,0
          </coordinates>
        </Point>
      </Placemark>
      <Placemark>
        <name>Playa Perdices, San Antonio Este</name>
        <styleUrl>#icon-1507-0F9D58-nodesc</styleUrl>
        <Point>
          <coordinates>
            -64.8425357,-40.7845315,0
          </coordinates>
        </Point>
      </Placemark>
      <Placemark>
        <name>Camping Municipal Dique Florentino Ameguino</name>
        <styleUrl>#icon-1507-0F9D58-nodesc</styleUrl>
        <Point>
          <coordinates>
            -66.472549,-43.6974044,0
          </coordinates>
        </Point>
      </Placemark>
      <Placemark>
        <name>Camping Los Horneros</name>
        <styleUrl>#icon-1507-0F9D58-nodesc</styleUrl>
        <Point>
          <coordinates>
            -58.2619235,-34.8336662,0
          </coordinates>
        </Point>
      </Placemark>
      <Placemark>
        <name>Camping Municipal Rada Tilly</name>
        <styleUrl>#icon-1507-0F9D58-nodesc</styleUrl>
        <Point>
          <coordinates>
            -67.551556,-45.9177411,0
          </coordinates>
        </Point>
      </Placemark>
      <Placemark>
        <name>Camping Arroyo La Maquina</name>
        <styleUrl>#icon-1507-0F9D58-nodesc</styleUrl>
        <Point>
          <coordinates>
            -71.3623102,-40.6653676,0
          </coordinates>
        </Point>
      </Placemark>
      <Placemark>
        <name>Camping La Selva</name>
        <styleUrl>#icon-1507-0F9D58-nodesc</styleUrl>
        <Point>
          <coordinates>
            -65.007669,-31.7150391,0
          </coordinates>
        </Point>
      </Placemark>
      <Placemark>
        <name>CAMPING REFUGIO LAS VEGAS</name>
        <styleUrl>#icon-1507-0F9D58-nodesc</styleUrl>
        <Point>
          <coordinates>
            -69.2847402,-33.0186058,0
          </coordinates>
        </Point>
      </Placemark>
      <Placemark>
        <name>Camping CECU</name>
        <styleUrl>#icon-1507-0F9D58-nodesc</styleUrl>
        <Point>
          <coordinates>
            -68.4254907,-54.8294795,0
          </coordinates>
        </Point>
      </Placemark>
      <Placemark>
        <name>Camping Valle Verde</name>
        <styleUrl>#icon-1507-0F9D58-nodesc</styleUrl>
        <Point>
          <coordinates>
            -66.4610551,-43.6990159,0
          </coordinates>
        </Point>
      </Placemark>
      <Placemark>
        <name>Camping Playa Dorada</name>
        <styleUrl>#icon-1507-0F9D58-nodesc</styleUrl>
        <Point>
          <coordinates>
            -57.5320097,-37.8676891,0
          </coordinates>
        </Point>
      </Placemark>
      <Placemark>
        <name>Camping Río Chubut</name>
        <styleUrl>#icon-1507-0F9D58-nodesc</styleUrl>
        <Point>
          <coordinates>
            -66.4775909,-43.6988402,0
          </coordinates>
        </Point>
      </Placemark>
      <Placemark>
        <name>Camping Seros</name>
        <styleUrl>#icon-1507-0F9D58-nodesc</styleUrl>
        <Point>
          <coordinates>
            -65.0466163,-43.3133291,0
          </coordinates>
        </Point>
      </Placemark>
      <Placemark>
        <name>Camping Municipal</name>
        <styleUrl>#icon-1507-0F9D58-nodesc</styleUrl>
        <Point>
          <coordinates>
            -68.4233793,-54.8322942,0
          </coordinates>
        </Point>
      </Placemark>
      <Placemark>
        <name>Camping En Villa Traful</name>
        <styleUrl>#icon-1507-0F9D58-nodesc</styleUrl>
        <Point>
          <coordinates>
            -71.4390919,-40.6453376,0
          </coordinates>
        </Point>
      </Placemark>
      <Placemark>
        <name>San Rafael Camping Capilla Del Monte</name>
        <styleUrl>#icon-1507-0F9D58-nodesc</styleUrl>
        <Point>
          <coordinates>
            -64.493735,-30.86325,0
          </coordinates>
        </Point>
      </Placemark>
      <Placemark>
        <name><![CDATA[Complejo & Camping El Pinar]]></name>
        <styleUrl>#icon-1507-0F9D58-nodesc</styleUrl>
        <Point>
          <coordinates>
            -64.51345,-31.4471322,0
          </coordinates>
        </Point>
      </Placemark>
      <Placemark>
        <name>Lagoamar Camping</name>
        <styleUrl>#icon-1507-0F9D58-nodesc</styleUrl>
        <Point>
          <coordinates>
            -48.622913,-28.020773,0
          </coordinates>
        </Point>
      </Placemark>
      <Placemark>
        <name>CAMPING DE CASILLAS Y MOTORHOME - DEPARTAMENTOS SMATA RIO NEGRO</name>
        <styleUrl>#icon-1507-0F9D58-nodesc</styleUrl>
        <Point>
          <coordinates>
            -65.0642762,-40.7953124,0
          </coordinates>
        </Point>
      </Placemark>
      <Placemark>
        <name>Camping Daniela</name>
        <styleUrl>#icon-1507-0F9D58-nodesc</styleUrl>
        <Point>
          <coordinates>
            -65.4000322,-28.3441995,0
          </coordinates>
        </Point>
      </Placemark>
      <Placemark>
        <name>Camping Balneario Fighiera</name>
        <styleUrl>#icon-1507-0F9D58-nodesc</styleUrl>
        <Point>
          <coordinates>
            -60.4237744,-33.22506,0
          </coordinates>
        </Point>
      </Placemark>
      <Placemark>
        <name>Betymar</name>
        <styleUrl>#icon-1507-0F9D58-nodesc</styleUrl>
        <Point>
          <coordinates>
            -56.6742504,-36.7465059,0
          </coordinates>
        </Point>
      </Placemark>
      <Placemark>
        <name>Camping el Sausal</name>
        <styleUrl>#icon-1507-0F9D58-nodesc</styleUrl>
        <Point>
          <coordinates>
            -71.4227796,-42.5052328,0
          </coordinates>
        </Point>
      </Placemark>
      <Placemark>
        <name>Camping Municipal de Carpinteria</name>
        <styleUrl>#icon-1507-0F9D58-nodesc</styleUrl>
        <Point>
          <coordinates>
            -64.9785241,-32.4123763,0
          </coordinates>
        </Point>
      </Placemark>
      <Placemark>
        <name>Camping Potrero De Los Funes</name>
        <styleUrl>#icon-1507-0F9D58-nodesc</styleUrl>
        <Point>
          <coordinates>
            -66.2312742,-33.2119608,0
          </coordinates>
        </Point>
      </Placemark>
      <Placemark>
        <name>Camping Arco Iris Habitaciones Con Baño Privado</name>
        <styleUrl>#icon-1507-0F9D58-nodesc</styleUrl>
        <Point>
          <coordinates>
            -61.3146161,-38.9842997,0
          </coordinates>
        </Point>
      </Placemark>
      <Placemark>
        <name>camping3marias Agreste</name>
        <styleUrl>#icon-1507-0F9D58-nodesc</styleUrl>
        <Point>
          <coordinates>
            -71.4433438,-40.6443059,0
          </coordinates>
        </Point>
      </Placemark>
      <Placemark>
        <name>Camping UOM San Nicolás</name>
        <styleUrl>#icon-1507-0F9D58-nodesc</styleUrl>
        <Point>
          <coordinates>
            -60.1797148,-33.4217582,0
          </coordinates>
        </Point>
      </Placemark>
      <Placemark>
        <name>Camping Ave Fénix</name>
        <styleUrl>#icon-1507-0F9D58-nodesc</styleUrl>
        <Point>
          <coordinates>
            -71.546644,-41.9598912,0
          </coordinates>
        </Point>
      </Placemark>
      <Placemark>
        <name>Pesquero Don Eduardo</name>
        <styleUrl>#icon-1507-0F9D58-nodesc</styleUrl>
        <Point>
          <coordinates>
            -57.8510575,-35.9609568,0
          </coordinates>
        </Point>
      </Placemark>
      <Placemark>
        <name>Camping Lago Hermoso</name>
        <styleUrl>#icon-1507-0F9D58-nodesc</styleUrl>
        <Point>
          <coordinates>
            -71.4734104,-40.3562995,0
          </coordinates>
        </Point>
      </Placemark>
      <Placemark>
        <name>El camping de richard</name>
        <styleUrl>#icon-1507-0F9D58-nodesc</styleUrl>
        <Point>
          <coordinates>
            -71.4505448,-40.6406091,0
          </coordinates>
        </Point>
      </Placemark>
      <Placemark>
        <name>Camping Mirando Al Cerro</name>
        <styleUrl>#icon-1507-0F9D58-nodesc</styleUrl>
        <Point>
          <coordinates>
            -71.5259551,-41.96794,0
          </coordinates>
        </Point>
      </Placemark>
      <Placemark>
        <name>Camping Municipal El Sarandí</name>
        <styleUrl>#icon-1507-0F9D58-nodesc</styleUrl>
        <Point>
          <coordinates>
            -57.2661921,-35.2356653,0
          </coordinates>
        </Point>
      </Placemark>
      <Placemark>
        <name><![CDATA[Parque Plaza Montero "La Laguna"]]></name>
        <styleUrl>#icon-1507-0F9D58-nodesc</styleUrl>
        <Point>
          <coordinates>
            -59.076944,-36.0053757,0
          </coordinates>
        </Point>
      </Placemark>
      <Placemark>
        <name>COMPLEJO TURISTICO Y CAMPING CERRO DE ORO</name>
        <styleUrl>#icon-1507-0F9D58-nodesc</styleUrl>
        <Point>
          <coordinates>
            -64.9897913,-32.3728024,0
          </coordinates>
        </Point>
      </Placemark>
      <Placemark>
        <name>Camping Don Jacinto, Villa Llanquín</name>
        <styleUrl>#icon-1507-0F9D58-nodesc</styleUrl>
        <Point>
          <coordinates>
            -71.0378864,-40.8885156,0
          </coordinates>
        </Point>
      </Placemark>
      <Placemark>
        <name>Camping Don Vallejo</name>
        <styleUrl>#icon-1507-0F9D58-nodesc</styleUrl>
        <Point>
          <coordinates>
            -56.7099629,-27.5939288,0
          </coordinates>
        </Point>
      </Placemark>
      <Placemark>
        <name>Cabañas Tunkelen</name>
        <styleUrl>#icon-1507-0F9D58-nodesc</styleUrl>
        <Point>
          <coordinates>
            -57.2309411,-35.2827365,0
          </coordinates>
        </Point>
      </Placemark>
      <Placemark>
        <name>camping municipal La Cruz</name>
        <styleUrl>#icon-1507-0F9D58-nodesc</styleUrl>
        <Point>
          <coordinates>
            -64.4801939,-32.2983201,0
          </coordinates>
        </Point>
      </Placemark>
      <Placemark>
        <name>Mountain Camping</name>
        <styleUrl>#icon-1507-0F9D58-nodesc</styleUrl>
        <Point>
          <coordinates>
            -71.2423221,-40.3979983,0
          </coordinates>
        </Point>
      </Placemark>
      <Placemark>
        <name>Camping Mario</name>
        <styleUrl>#icon-1507-0F9D58-nodesc</styleUrl>
        <Point>
          <coordinates>
            -71.1531583,-38.8909404,0
          </coordinates>
        </Point>
      </Placemark>
      <Placemark>
        <name>Camping La Tradición</name>
        <styleUrl>#icon-1507-0F9D58-nodesc</styleUrl>
        <Point>
          <coordinates>
            -71.5353004,-41.8692023,0
          </coordinates>
        </Point>
      </Placemark>
      <Placemark>
        <name>Dique Los Reyunos San Rafael Mendoza</name>
        <styleUrl>#icon-1507-0F9D58-nodesc</styleUrl>
        <Point>
          <coordinates>
            -68.641683,-34.602347,0
          </coordinates>
        </Point>
      </Placemark>
      <Placemark>
        <name>Camping Los Reyunos</name>
        <styleUrl>#icon-1507-0F9D58-nodesc</styleUrl>
        <Point>
          <coordinates>
            -68.705896,-34.5777411,0
          </coordinates>
        </Point>
      </Placemark>
      <Placemark>
        <name>Rancho Movil Club San Luis</name>
        <styleUrl>#icon-1507-0F9D58-nodesc</styleUrl>
        <Point>
          <coordinates>
            -66.0323928,-33.1258413,0
          </coordinates>
        </Point>
      </Placemark>
      <Placemark>
        <name>Campo Base Hielo Azul Chacra Repuyen</name>
        <styleUrl>#icon-1507-0F9D58-nodesc</styleUrl>
        <Point>
          <coordinates>
            -71.5588517,-41.9382642,0
          </coordinates>
        </Point>
      </Placemark>
      <Placemark>
        <name>COMPLEJO Don Cirilo</name>
        <styleUrl>#icon-1507-0F9D58-nodesc</styleUrl>
        <Point>
          <coordinates>
            -71.1495206,-38.8912158,0
          </coordinates>
        </Point>
      </Placemark>
      <Placemark>
        <name>Camping Bosque Encantado</name>
        <styleUrl>#icon-1507-0F9D58-nodesc</styleUrl>
        <Point>
          <coordinates>
            -61.5970106,-38.9964247,0
          </coordinates>
        </Point>
      </Placemark>
      <Placemark>
        <name>Villa Pinar de la Sierra</name>
        <styleUrl>#icon-1507-0F9D58-nodesc</styleUrl>
        <Point>
          <coordinates>
            -59.1472855,-37.3595793,0
          </coordinates>
        </Point>
      </Placemark>
      <Placemark>
        <name>Camping Los Campitos</name>
        <styleUrl>#icon-1507-0F9D58-nodesc</styleUrl>
        <Point>
          <coordinates>
            -71.563541,-41.9582241,0
          </coordinates>
        </Point>
      </Placemark>
      <Placemark>
        <name>Balneario de Pampayasta Sud</name>
        <styleUrl>#icon-1507-0F9D58-nodesc</styleUrl>
        <Point>
          <coordinates>
            -63.6508934,-32.2437914,0
          </coordinates>
        </Point>
      </Placemark>
      <Placemark>
        <name>Bahia Bonita</name>
        <styleUrl>#icon-1507-0F9D58-nodesc</styleUrl>
        <Point>
          <coordinates>
            -68.4552512,-38.6469288,0
          </coordinates>
        </Point>
      </Placemark>
      <Placemark>
        <name>Camping Y Restaurante Corona</name>
        <styleUrl>#icon-1507-0F9D58-nodesc</styleUrl>
        <Point>
          <coordinates>
            -70.5967601,-37.1622441,0
          </coordinates>
        </Point>
      </Placemark>
      <Placemark>
        <name>Camping Pichirichi</name>
        <styleUrl>#icon-1507-0F9D58-nodesc</styleUrl>
        <Point>
          <coordinates>
            -64.5569395,-32.0592329,0
          </coordinates>
        </Point>
      </Placemark>
      <Placemark>
        <name>Complejo Las Sierras</name>
        <styleUrl>#icon-1507-0F9D58-nodesc</styleUrl>
        <Point>
          <coordinates>
            -65.0053447,-31.8028013,0
          </coordinates>
        </Point>
      </Placemark>
      <Placemark>
        <name>Camping Balneario Achiras</name>
        <styleUrl>#icon-1507-0F9D58-nodesc</styleUrl>
        <Point>
          <coordinates>
            -64.9813303,-33.1581259,0
          </coordinates>
        </Point>
      </Placemark>
      <Placemark>
        <name>Camping Agreste Colon Entre Rios</name>
        <styleUrl>#icon-1507-0F9D58-nodesc</styleUrl>
        <Point>
          <coordinates>
            -58.1255057,-32.2348343,0
          </coordinates>
        </Point>
      </Placemark>
      <Placemark>
        <name>Camping 1923 rn40</name>
        <styleUrl>#icon-1507-0F9D58-nodesc</styleUrl>
        <Point>
          <coordinates>
            -71.5105077,-41.9060367,0
          </coordinates>
        </Point>
      </Placemark>
      <Placemark>
        <name>Camping Tiro Federal Baradero</name>
        <styleUrl>#icon-1507-0F9D58-nodesc</styleUrl>
        <Point>
          <coordinates>
            -59.4958741,-33.8039352,0
          </coordinates>
        </Point>
      </Placemark>
      <Placemark>
        <name>Club Danes Patagonia</name>
        <styleUrl>#icon-1507-0F9D58-nodesc</styleUrl>
        <Point>
          <coordinates>
            -71.168715,-41.0837072,0
          </coordinates>
        </Point>
      </Placemark>
      <Placemark>
        <name>camping municipal</name>
        <styleUrl>#icon-1507-0F9D58-nodesc</styleUrl>
        <Point>
          <coordinates>
            -60.4645825,-35.0862552,0
          </coordinates>
        </Point>
      </Placemark>
      <Placemark>
        <name>Parque Idoyaga Molina</name>
        <styleUrl>#icon-1507-0F9D58-nodesc</styleUrl>
        <Point>
          <coordinates>
            -58.3484129,-38.0114164,0
          </coordinates>
        </Point>
      </Placemark>
      <Placemark>
        <name>Camping Los Nogales - Estancia Grande</name>
        <styleUrl>#icon-1507-0F9D58-nodesc</styleUrl>
        <Point>
          <coordinates>
            -66.1785255,-33.2089561,0
          </coordinates>
        </Point>
      </Placemark>
      <Placemark>
        <name>Camping para motorhome y CR</name>
        <styleUrl>#icon-1507-0F9D58-nodesc</styleUrl>
        <Point>
          <coordinates>
            -68.2674011,-34.6456061,0
          </coordinates>
        </Point>
      </Placemark>
      <Placemark>
        <name>Camping las flores familiar</name>
        <styleUrl>#icon-1507-0F9D58-nodesc</styleUrl>
        <Point>
          <coordinates>
            -68.7898891,-39.2603056,0
          </coordinates>
        </Point>
      </Placemark>
      <Placemark>
        <name>Camping Rumipal</name>
        <styleUrl>#icon-1507-0F9D58-nodesc</styleUrl>
        <Point>
          <coordinates>
            -64.4813344,-32.1939759,0
          </coordinates>
        </Point>
      </Placemark>
      <Placemark>
        <name>Balneario Municipal La Cartuja</name>
        <styleUrl>#icon-1507-0F9D58-nodesc</styleUrl>
        <Point>
          <coordinates>
            -64.7813255,-30.752093,0
          </coordinates>
        </Point>
      </Placemark>
      <Placemark>
        <name>Las Chacritas camping</name>
        <styleUrl>#icon-1507-0F9D58-nodesc</styleUrl>
        <Point>
          <coordinates>
            -69.2393459,-32.9685732,0
          </coordinates>
        </Point>
      </Placemark>
      <Placemark>
        <name>Pura isla camping</name>
        <styleUrl>#icon-1507-0F9D58-nodesc</styleUrl>
        <Point>
          <coordinates>
            -60.8266495,-31.7654184,0
          </coordinates>
        </Point>
      </Placemark>
      <Placemark>
        <name>Camping Municipal General Belgrano</name>
        <styleUrl>#icon-1507-0F9D58-nodesc</styleUrl>
        <Point>
          <coordinates>
            -58.499386,-35.7523029,0
          </coordinates>
        </Point>
      </Placemark>
      <Placemark>
        <name>Camping El Triángulo</name>
        <styleUrl>#icon-1507-0F9D58-nodesc</styleUrl>
        <Point>
          <coordinates>
            -59.1213541,-34.5528906,0
          </coordinates>
        </Point>
      </Placemark>
      <Placemark>
        <name>XW2W+R5</name>
        <styleUrl>#icon-1507-0F9D58-nodesc</styleUrl>
        <Point>
          <coordinates>
            -69.0545625,-33.0479375,0
          </coordinates>
        </Point>
      </Placemark>
      <Placemark>
        <name>Camping Laguna Indio Muerto</name>
        <styleUrl>#icon-1507-0F9D58-nodesc</styleUrl>
        <Point>
          <coordinates>
            -59.704333,-35.4800208,0
          </coordinates>
        </Point>
      </Placemark>
      <Placemark>
        <name>Camping Diente De Leon</name>
        <styleUrl>#icon-1507-0F9D58-nodesc</styleUrl>
        <Point>
          <coordinates>
            -68.1505323,-38.964952,0
          </coordinates>
        </Point>
      </Placemark>
      <Placemark>
        <name>Cámping Ángeles Nocturnos</name>
        <styleUrl>#icon-1507-0F9D58-nodesc</styleUrl>
        <Point>
          <coordinates>
            -66.2798567,-33.2984653,0
          </coordinates>
        </Point>
      </Placemark>
      <Placemark>
        <name>Camping la Casona</name>
        <styleUrl>#icon-1507-0F9D58-nodesc</styleUrl>
        <Point>
          <coordinates>
            -58.0560685,-35.5531487,0
          </coordinates>
        </Point>
      </Placemark>
      <Placemark>
        <name>Las Araucarias Camping</name>
        <styleUrl>#icon-1507-0F9D58-nodesc</styleUrl>
        <Point>
          <coordinates>
            -68.1909035,-38.9597634,0
          </coordinates>
        </Point>
      </Placemark>
      <Placemark>
        <name>Camping Don Osvaldo</name>
        <styleUrl>#icon-1507-0F9D58-nodesc</styleUrl>
        <Point>
          <coordinates>
            -62.6828381,-30.9246044,0
          </coordinates>
        </Point>
      </Placemark>
      <Placemark>
        <name>Camping Nuevo Falkner</name>
        <styleUrl>#icon-1507-0F9D58-nodesc</styleUrl>
        <Point>
          <coordinates>
            -71.5337844,-40.438926,0
          </coordinates>
        </Point>
      </Placemark>
    </Folder>
  </Document>
</kml>
