<?xml version="1.0" encoding="UTF-8"?>
<kml xmlns="http://www.opengis.net/kml/2.2">
  <Document>
    <name>Talleres mecánicos y auxilios de remolque en ruta </name>
<description/>
    <Style id="icon-1522-558B2F-normal">
      <IconStyle>
        <color>ff2f8b55</color>
        <scale>1</scale>
        <Icon>
          <href>https://www.gstatic.com/mapspro/images/stock/503-wht-blank_maps.png</href>
        </Icon>
      </IconStyle>
      <LabelStyle>
        <scale>0</scale>
      </LabelStyle>
    </Style>
    <Style id="icon-1522-558B2F-highlight">
      <IconStyle>
        <color>ff2f8b55</color>
        <scale>1</scale>
        <Icon>
          <href>https://www.gstatic.com/mapspro/images/stock/503-wht-blank_maps.png</href>
        </Icon>
      </IconStyle>
      <LabelStyle>
        <scale>1</scale>
      </LabelStyle>
    </Style>
    <StyleMap id="icon-1522-558B2F">
      <Pair>
        <key>normal</key>
        <styleUrl>#icon-1522-558B2F-normal</styleUrl>
      </Pair>
      <Pair>
        <key>highlight</key>
        <styleUrl>#icon-1522-558B2F-highlight</styleUrl>
      </Pair>
    </StyleMap>
    <Style id="icon-1522-558B2F-nodesc-normal">
      <IconStyle>
        <color>ff2f8b55</color>
        <scale>1</scale>
        <Icon>
          <href>https://www.gstatic.com/mapspro/images/stock/503-wht-blank_maps.png</href>
        </Icon>
      </IconStyle>
      <LabelStyle>
        <scale>0</scale>
      </LabelStyle>
      <BalloonStyle>
        <text><![CDATA[<h3>$[name]</h3>]]></text>
      </BalloonStyle>
    </Style>
    <Style id="icon-1522-558B2F-nodesc-highlight">
      <IconStyle>
        <color>ff2f8b55</color>
        <scale>1</scale>
        <Icon>
          <href>https://www.gstatic.com/mapspro/images/stock/503-wht-blank_maps.png</href>
        </Icon>
      </IconStyle>
      <LabelStyle>
        <scale>1</scale>
      </LabelStyle>
      <BalloonStyle>
        <text><![CDATA[<h3>$[name]</h3>]]></text>
      </BalloonStyle>
    </Style>
    <StyleMap id="icon-1522-558B2F-nodesc">
      <Pair>
        <key>normal</key>
        <styleUrl>#icon-1522-558B2F-nodesc-normal</styleUrl>
      </Pair>
      <Pair>
        <key>highlight</key>
        <styleUrl>#icon-1522-558B2F-nodesc-highlight</styleUrl>
      </Pair>
    </StyleMap>
    <Style id="icon-1590-0288D1-normal">
      <IconStyle>
        <color>ffd18802</color>
        <scale>1</scale>
        <Icon>
          <href>https://www.gstatic.com/mapspro/images/stock/503-wht-blank_maps.png</href>
        </Icon>
      </IconStyle>
      <LabelStyle>
        <scale>0</scale>
      </LabelStyle>
    </Style>
    <Style id="icon-1590-0288D1-highlight">
      <IconStyle>
        <color>ffd18802</color>
        <scale>1</scale>
        <Icon>
          <href>https://www.gstatic.com/mapspro/images/stock/503-wht-blank_maps.png</href>
        </Icon>
      </IconStyle>
      <LabelStyle>
        <scale>1</scale>
      </LabelStyle>
    </Style>
    <StyleMap id="icon-1590-0288D1">
      <Pair>
        <key>normal</key>
        <styleUrl>#icon-1590-0288D1-normal</styleUrl>
      </Pair>
      <Pair>
        <key>highlight</key>
        <styleUrl>#icon-1590-0288D1-highlight</styleUrl>
      </Pair>
    </StyleMap>
    <Style id="icon-1590-0288D1-nodesc-normal">
      <IconStyle>
        <color>ffd18802</color>
        <scale>1</scale>
        <Icon>
          <href>https://www.gstatic.com/mapspro/images/stock/503-wht-blank_maps.png</href>
        </Icon>
      </IconStyle>
      <LabelStyle>
        <scale>0</scale>
      </LabelStyle>
      <BalloonStyle>
        <text><![CDATA[<h3>$[name]</h3>]]></text>
      </BalloonStyle>
    </Style>
    <Style id="icon-1590-0288D1-nodesc-highlight">
      <IconStyle>
        <color>ffd18802</color>
        <scale>1</scale>
        <Icon>
          <href>https://www.gstatic.com/mapspro/images/stock/503-wht-blank_maps.png</href>
        </Icon>
      </IconStyle>
      <LabelStyle>
        <scale>1</scale>
      </LabelStyle>
      <BalloonStyle>
        <text><![CDATA[<h3>$[name]</h3>]]></text>
      </BalloonStyle>
    </Style>
    <StyleMap id="icon-1590-0288D1-nodesc">
      <Pair>
        <key>normal</key>
        <styleUrl>#icon-1590-0288D1-nodesc-normal</styleUrl>
      </Pair>
      <Pair>
        <key>highlight</key>
        <styleUrl>#icon-1590-0288D1-nodesc-highlight</styleUrl>
      </Pair>
    </StyleMap>
    <Style id="icon-1590-A52714-normal">
      <IconStyle>
        <color>ff1427a5</color>
        <scale>1</scale>
        <Icon>
          <href>https://www.gstatic.com/mapspro/images/stock/503-wht-blank_maps.png</href>
        </Icon>
      </IconStyle>
      <LabelStyle>
        <scale>0</scale>
      </LabelStyle>
    </Style>
    <Style id="icon-1590-A52714-highlight">
      <IconStyle>
        <color>ff1427a5</color>
        <scale>1</scale>
        <Icon>
          <href>https://www.gstatic.com/mapspro/images/stock/503-wht-blank_maps.png</href>
        </Icon>
      </IconStyle>
      <LabelStyle>
        <scale>1</scale>
      </LabelStyle>
    </Style>
    <StyleMap id="icon-1590-A52714">
      <Pair>
        <key>normal</key>
        <styleUrl>#icon-1590-A52714-normal</styleUrl>
      </Pair>
      <Pair>
        <key>highlight</key>
        <styleUrl>#icon-1590-A52714-highlight</styleUrl>
      </Pair>
    </StyleMap>
    <Style id="icon-1590-DB4436-normal">
      <IconStyle>
        <color>ff3644db</color>
        <scale>1</scale>
        <Icon>
          <href>https://www.gstatic.com/mapspro/images/stock/503-wht-blank_maps.png</href>
        </Icon>
      </IconStyle>
      <LabelStyle>
        <scale>0</scale>
      </LabelStyle>
    </Style>
    <Style id="icon-1590-DB4436-highlight">
      <IconStyle>
        <color>ff3644db</color>
        <scale>1</scale>
        <Icon>
          <href>https://www.gstatic.com/mapspro/images/stock/503-wht-blank_maps.png</href>
        </Icon>
      </IconStyle>
      <LabelStyle>
        <scale>1</scale>
      </LabelStyle>
    </Style>
    <StyleMap id="icon-1590-DB4436">
      <Pair>
        <key>normal</key>
        <styleUrl>#icon-1590-DB4436-normal</styleUrl>
      </Pair>
      <Pair>
        <key>highlight</key>
        <styleUrl>#icon-1590-DB4436-highlight</styleUrl>
      </Pair>
    </StyleMap>
    <Style id="icon-1633-0288D1-normal">
      <IconStyle>
        <color>ffd18802</color>
        <scale>1</scale>
        <Icon>
          <href>https://www.gstatic.com/mapspro/images/stock/503-wht-blank_maps.png</href>
        </Icon>
      </IconStyle>
      <LabelStyle>
        <scale>0</scale>
      </LabelStyle>
    </Style>
    <Style id="icon-1633-0288D1-highlight">
      <IconStyle>
        <color>ffd18802</color>
        <scale>1</scale>
        <Icon>
          <href>https://www.gstatic.com/mapspro/images/stock/503-wht-blank_maps.png</href>
        </Icon>
      </IconStyle>
      <LabelStyle>
        <scale>1</scale>
      </LabelStyle>
    </Style>
    <StyleMap id="icon-1633-0288D1">
      <Pair>
        <key>normal</key>
        <styleUrl>#icon-1633-0288D1-normal</styleUrl>
      </Pair>
      <Pair>
        <key>highlight</key>
        <styleUrl>#icon-1633-0288D1-highlight</styleUrl>
      </Pair>
    </StyleMap>
    <Style id="icon-1633-0288D1-nodesc-normal">
      <IconStyle>
        <color>ffd18802</color>
        <scale>1</scale>
        <Icon>
          <href>https://www.gstatic.com/mapspro/images/stock/503-wht-blank_maps.png</href>
        </Icon>
      </IconStyle>
      <LabelStyle>
        <scale>0</scale>
      </LabelStyle>
      <BalloonStyle>
        <text><![CDATA[<h3>$[name]</h3>]]></text>
      </BalloonStyle>
    </Style>
    <Style id="icon-1633-0288D1-nodesc-highlight">
      <IconStyle>
        <color>ffd18802</color>
        <scale>1</scale>
        <Icon>
          <href>https://www.gstatic.com/mapspro/images/stock/503-wht-blank_maps.png</href>
        </Icon>
      </IconStyle>
      <LabelStyle>
        <scale>1</scale>
      </LabelStyle>
      <BalloonStyle>
        <text><![CDATA[<h3>$[name]</h3>]]></text>
      </BalloonStyle>
    </Style>
    <StyleMap id="icon-1633-0288D1-nodesc">
      <Pair>
        <key>normal</key>
        <styleUrl>#icon-1633-0288D1-nodesc-normal</styleUrl>
      </Pair>
      <Pair>
        <key>highlight</key>
        <styleUrl>#icon-1633-0288D1-nodesc-highlight</styleUrl>
      </Pair>
    </StyleMap>
    <Style id="icon-1633-558B2F-nodesc-normal">
      <IconStyle>
        <color>ff2f8b55</color>
        <scale>1</scale>
        <Icon>
          <href>https://www.gstatic.com/mapspro/images/stock/503-wht-blank_maps.png</href>
        </Icon>
      </IconStyle>
      <LabelStyle>
        <scale>0</scale>
      </LabelStyle>
      <BalloonStyle>
        <text><![CDATA[<h3>$[name]</h3>]]></text>
      </BalloonStyle>
    </Style>
    <Style id="icon-1633-558B2F-nodesc-highlight">
      <IconStyle>
        <color>ff2f8b55</color>
        <scale>1</scale>
        <Icon>
          <href>https://www.gstatic.com/mapspro/images/stock/503-wht-blank_maps.png</href>
        </Icon>
      </IconStyle>
      <LabelStyle>
        <scale>1</scale>
      </LabelStyle>
      <BalloonStyle>
        <text><![CDATA[<h3>$[name]</h3>]]></text>
      </BalloonStyle>
    </Style>
    <StyleMap id="icon-1633-558B2F-nodesc">
      <Pair>
        <key>normal</key>
        <styleUrl>#icon-1633-558B2F-nodesc-normal</styleUrl>
      </Pair>
      <Pair>
        <key>highlight</key>
        <styleUrl>#icon-1633-558B2F-nodesc-highlight</styleUrl>
      </Pair>
    </StyleMap>
    <Style id="icon-1754-0288D1-nodesc-normal">
      <IconStyle>
        <color>ffd18802</color>
        <scale>1</scale>
        <Icon>
          <href>https://www.gstatic.com/mapspro/images/stock/503-wht-blank_maps.png</href>
        </Icon>
      </IconStyle>
      <LabelStyle>
        <scale>0</scale>
      </LabelStyle>
      <BalloonStyle>
        <text><![CDATA[<h3>$[name]</h3>]]></text>
      </BalloonStyle>
    </Style>
    <Style id="icon-1754-0288D1-nodesc-highlight">
      <IconStyle>
        <color>ffd18802</color>
        <scale>1</scale>
        <Icon>
          <href>https://www.gstatic.com/mapspro/images/stock/503-wht-blank_maps.png</href>
        </Icon>
      </IconStyle>
      <LabelStyle>
        <scale>1</scale>
      </LabelStyle>
      <BalloonStyle>
        <text><![CDATA[<h3>$[name]</h3>]]></text>
      </BalloonStyle>
    </Style>
    <StyleMap id="icon-1754-0288D1-nodesc">
      <Pair>
        <key>normal</key>
        <styleUrl>#icon-1754-0288D1-nodesc-normal</styleUrl>
      </Pair>
      <Pair>
        <key>highlight</key>
        <styleUrl>#icon-1754-0288D1-nodesc-highlight</styleUrl>
      </Pair>
    </StyleMap>
    <Style id="icon-1859-0288D1-normal">
      <IconStyle>
        <color>ffd18802</color>
        <scale>1</scale>
        <Icon>
          <href>https://www.gstatic.com/mapspro/images/stock/503-wht-blank_maps.png</href>
        </Icon>
      </IconStyle>
      <LabelStyle>
        <scale>0</scale>
      </LabelStyle>
    </Style>
    <Style id="icon-1859-0288D1-highlight">
      <IconStyle>
        <color>ffd18802</color>
        <scale>1</scale>
        <Icon>
          <href>https://www.gstatic.com/mapspro/images/stock/503-wht-blank_maps.png</href>
        </Icon>
      </IconStyle>
      <LabelStyle>
        <scale>1</scale>
      </LabelStyle>
    </Style>
    <StyleMap id="icon-1859-0288D1">
      <Pair>
        <key>normal</key>
        <styleUrl>#icon-1859-0288D1-normal</styleUrl>
      </Pair>
      <Pair>
        <key>highlight</key>
        <styleUrl>#icon-1859-0288D1-highlight</styleUrl>
      </Pair>
    </StyleMap>
    <Style id="icon-1859-0288D1-nodesc-normal">
      <IconStyle>
        <color>ffd18802</color>
        <scale>1</scale>
        <Icon>
          <href>https://www.gstatic.com/mapspro/images/stock/503-wht-blank_maps.png</href>
        </Icon>
      </IconStyle>
      <LabelStyle>
        <scale>0</scale>
      </LabelStyle>
      <BalloonStyle>
        <text><![CDATA[<h3>$[name]</h3>]]></text>
      </BalloonStyle>
    </Style>
    <Style id="icon-1859-0288D1-nodesc-highlight">
      <IconStyle>
        <color>ffd18802</color>
        <scale>1</scale>
        <Icon>
          <href>https://www.gstatic.com/mapspro/images/stock/503-wht-blank_maps.png</href>
        </Icon>
      </IconStyle>
      <LabelStyle>
        <scale>1</scale>
      </LabelStyle>
      <BalloonStyle>
        <text><![CDATA[<h3>$[name]</h3>]]></text>
      </BalloonStyle>
    </Style>
    <StyleMap id="icon-1859-0288D1-nodesc">
      <Pair>
        <key>normal</key>
        <styleUrl>#icon-1859-0288D1-nodesc-normal</styleUrl>
      </Pair>
      <Pair>
        <key>highlight</key>
        <styleUrl>#icon-1859-0288D1-nodesc-highlight</styleUrl>
      </Pair>
    </StyleMap>
    <Style id="icon-1899-DB4436-normal">
      <IconStyle>
        <color>ff3644db</color>
        <scale>1</scale>
        <Icon>
          <href>https://www.gstatic.com/mapspro/images/stock/503-wht-blank_maps.png</href>
        </Icon>
        <hotSpot x="32" xunits="pixels" y="64" yunits="insetPixels"/>
      </IconStyle>
      <LabelStyle>
        <scale>0</scale>
      </LabelStyle>
    </Style>
    <Style id="icon-1899-DB4436-highlight">
      <IconStyle>
        <color>ff3644db</color>
        <scale>1</scale>
        <Icon>
          <href>https://www.gstatic.com/mapspro/images/stock/503-wht-blank_maps.png</href>
        </Icon>
        <hotSpot x="32" xunits="pixels" y="64" yunits="insetPixels"/>
      </IconStyle>
      <LabelStyle>
        <scale>1</scale>
      </LabelStyle>
    </Style>
    <StyleMap id="icon-1899-DB4436">
      <Pair>
        <key>normal</key>
        <styleUrl>#icon-1899-DB4436-normal</styleUrl>
      </Pair>
      <Pair>
        <key>highlight</key>
        <styleUrl>#icon-1899-DB4436-highlight</styleUrl>
      </Pair>
    </StyleMap>
    <Style id="icon-1899-DB4436-nodesc-normal">
      <IconStyle>
        <color>ff3644db</color>
        <scale>1</scale>
        <Icon>
          <href>https://www.gstatic.com/mapspro/images/stock/503-wht-blank_maps.png</href>
        </Icon>
        <hotSpot x="32" xunits="pixels" y="64" yunits="insetPixels"/>
      </IconStyle>
      <LabelStyle>
        <scale>0</scale>
      </LabelStyle>
      <BalloonStyle>
        <text><![CDATA[<h3>$[name]</h3>]]></text>
      </BalloonStyle>
    </Style>
    <Style id="icon-1899-DB4436-nodesc-highlight">
      <IconStyle>
        <color>ff3644db</color>
        <scale>1</scale>
        <Icon>
          <href>https://www.gstatic.com/mapspro/images/stock/503-wht-blank_maps.png</href>
        </Icon>
        <hotSpot x="32" xunits="pixels" y="64" yunits="insetPixels"/>
      </IconStyle>
      <LabelStyle>
        <scale>1</scale>
      </LabelStyle>
      <BalloonStyle>
        <text><![CDATA[<h3>$[name]</h3>]]></text>
      </BalloonStyle>
    </Style>
    <StyleMap id="icon-1899-DB4436-nodesc">
      <Pair>
        <key>normal</key>
        <styleUrl>#icon-1899-DB4436-nodesc-normal</styleUrl>
      </Pair>
      <Pair>
        <key>highlight</key>
        <styleUrl>#icon-1899-DB4436-nodesc-highlight</styleUrl>
      </Pair>
    </StyleMap>
    <Folder>
      <name>Talleres mecánicos</name>
      <Placemark>
        <name>Taller Mecanico El Angel</name>
        <description><![CDATA[Las Heras 271, Y4604 San Salvador de Jujuy, Jujuy<br>+54 388 596-7228  Ver en mapas<br>https://www.google.com/maps/place/Taller+Mecanico+El+Angel/@-24.1931352,-65.2916133,17z/data=!4m6!3m5!1s0x941b0fe0fa8d2765:0xa75d5944f18dffe!8m2!3d-24.1931352!4d-65.2916026!16s%2Fg%2F11f62ss7jz?entry=ttu]]></description>
        <styleUrl>#icon-1590-0288D1</styleUrl>
        <Point>
          <coordinates>
            -65.2916026,-24.1931352,0
          </coordinates>
        </Point>
      </Placemark>
      <Placemark>
        <name>Taller Puerto Argentino - GNC y Mecánica Integral</name>
        <description>Ver en Google Maps   https://www.google.com/maps/place/Taller+Puerto+Argentino+-+GNC+y+Mec%C3%A1nica+Integral/@-34.6297241,-58.690781,17z/data=!3m1!4b1!4m6!3m5!1s0x95bcbf0097f2244f:0x97168be47daff47f!8m2!3d-34.6297241!4d-58.690781!16s%2Fg%2F11c3k6cl6b?entry=ttu</description>
        <styleUrl>#icon-1590-0288D1</styleUrl>
        <Point>
          <coordinates>
            -58.690781,-34.6297241,0
          </coordinates>
        </Point>
      </Placemark>
      <Placemark>
        <name>CarKrafts - Taller Mecánico - Fabricación de Ford Cobra Argentina</name>
        <description>Ver en google maps       https://www.google.com/maps?cid=14733035619288232440</description>
        <styleUrl>#icon-1590-0288D1</styleUrl>
        <Point>
          <coordinates>
            -58.6278885,-34.4632325,0
          </coordinates>
        </Point>
      </Placemark>
      <Placemark>
        <name>GPS Taller - Taller El Progreso</name>
        <description>Ver en Google Maps     https://www.google.com/maps/place/GPS+Taller+-+Taller+El+Progreso/@-34.6920825,-58.372294,17z/data=!3m1!4b1!4m6!3m5!1s0x95bcccd52f6786c9:0x72e874a1e914415a!8m2!3d-34.6920825!4d-58.372294!16s%2Fg%2F11bbrj3409?entry=ttu</description>
        <styleUrl>#icon-1590-0288D1</styleUrl>
        <Point>
          <coordinates>
            -58.372294,-34.6920825,0
          </coordinates>
        </Point>
      </Placemark>
      <Placemark>
        <name>GPS Taller - Taller Mecánico Demarco</name>
        <description>Ver en Google Maps               https://www.google.com/maps/place/GPS+Taller+-+Taller+Mec%C3%A1nico+Demarco/@-34.6170658,-58.4856457,17z/data=!3m1!4b1!4m6!3m5!1s0x95bcc9e7fe9b26b5:0x3e6a4a306c39de04!8m2!3d-34.6170658!4d-58.4856457!16s%2Fg%2F1q66678qw?entry=ttu</description>
        <styleUrl>#icon-1590-0288D1</styleUrl>
        <Point>
          <coordinates>
            -58.4856457,-34.6170658,0
          </coordinates>
        </Point>
      </Placemark>
      <Placemark>
        <name>Taller Mecanico Cordoba</name>
        <description>Ver en Google Maps               https://www.google.com/maps/place/Taller+Mecanico+Cordoba/@-31.4011967,-64.2206251,17z/data=!3m1!4b1!4m6!3m5!1s0x943298bfb0d5c8bd:0x88f4dcf6a9a3e25d!8m2!3d-31.4011967!4d-64.2206251!16s%2Fg%2F1hc37vl_1?entry=ttu</description>
        <styleUrl>#icon-1590-0288D1</styleUrl>
        <Point>
          <coordinates>
            -64.2206251,-31.4011967,0
          </coordinates>
        </Point>
      </Placemark>
      <Placemark>
        <name>Taller Mecánico Ariel Camacho</name>
        <description>Ver en Google            https://www.google.com/maps/place/Taller+Mec%C3%A1nico+Ariel+Camacho/@-31.4064846,-64.1680297,17z/data=!3m1!4b1!4m6!3m5!1s0x9432980a54d332c5:0xeaca1a98381de1c9!8m2!3d-31.4064846!4d-64.1680297!16s%2Fg%2F1vzn6ng4?entry=ttu  </description>
        <styleUrl>#icon-1590-0288D1</styleUrl>
        <Point>
          <coordinates>
            -64.1680297,-31.4064846,0
          </coordinates>
        </Point>
      </Placemark>
      <Placemark>
        <name>Taller Mecánico</name>
        <description>Ver en Google          https://www.google.com/maps/place/Taller+Mec%C3%A1nico/@-31.4299799,-64.1930937,17z/data=!3m1!4b1!4m6!3m5!1s0x9432a28bd4a63a5f:0x8dbb944daa7e6444!8m2!3d-31.4299799!4d-64.1930937!16s%2Fg%2F1tj97hnz?entry=ttu</description>
        <styleUrl>#icon-1590-0288D1</styleUrl>
        <Point>
          <coordinates>
            -64.1930937,-31.4299799,0
          </coordinates>
        </Point>
      </Placemark>
      <Placemark>
        <name>Taller Mecánico Oyola</name>
        <description>Ver en Google                https://www.google.com/maps/place/Taller+Mec%C3%A1nico+Oyola/@-31.5257733,-68.5043647,17z/data=!3m1!4b1!4m6!3m5!1s0x96816b279f55f9e1:0xf7f7297d9b3a1bff!8m2!3d-31.5257733!4d-68.5043647!16s%2Fg%2F11qptnx5lj?entry=ttu</description>
        <styleUrl>#icon-1590-0288D1</styleUrl>
        <Point>
          <coordinates>
            -68.5043647,-31.5257733,0
          </coordinates>
        </Point>
      </Placemark>
      <Placemark>
        <name>Taller mecánico el ruso</name>
        <description>Ver en Google      https://www.google.com/maps/place/Taller+mec%C3%A1nico+el+ruso/@-31.6304003,-69.4623741,17z/data=!3m1!4b1!4m6!3m5!1s0x96869114fccc7d71:0xc5c96c2443ae10de!8m2!3d-31.6304003!4d-69.4623741!16s%2Fg%2F11mqw3x67y?entry=ttu</description>
        <styleUrl>#icon-1590-0288D1</styleUrl>
        <Point>
          <coordinates>
            -69.4623741,-31.6304003,0
          </coordinates>
        </Point>
      </Placemark>
      <Placemark>
        <name>Los Pits servicio mecanico</name>
        <description>Ver en Google                  https://www.google.com/maps/place/Los+Pits+servicio+mecanico/@-42.0099285,-71.5750346,17z/data=!3m1!4b1!4m6!3m5!1s0x961beb6e3f11fc85:0x6ede4b4c3d56160!8m2!3d-42.0099285!4d-71.5750346!16s%2Fg%2F11ng2mg42b?entry=ttu</description>
        <styleUrl>#icon-1590-0288D1</styleUrl>
        <Point>
          <coordinates>
            -71.5750346,-42.0099285,0
          </coordinates>
        </Point>
      </Placemark>
      <Placemark>
        <name>Taller Mecanico Aurora</name>
        <description>Ver en Google          https://www.google.com/maps/place/Taller+Mecanico+Aurora/@-27.4433587,-54.5235521,17z/data=!3m1!4b1!4m6!3m5!1s0x94f90f07e68b329d:0xe05ade1da67922e0!8m2!3d-27.4433587!4d-54.5235521!16s%2Fg%2F11q8tn7g21?entry=ttu</description>
        <styleUrl>#icon-1590-0288D1</styleUrl>
        <Point>
          <coordinates>
            -54.5235521,-27.4433587,0
          </coordinates>
        </Point>
      </Placemark>
      <Placemark>
        <name>Taller Mecanico Del Automotor</name>
        <description>Av. Cocomarola 6388, Posadas, Misiones   No hay nº de te.</description>
        <styleUrl>#icon-1590-0288D1</styleUrl>
        <Point>
          <coordinates>
            -55.9114063,-27.4050135,0
          </coordinates>
        </Point>
      </Placemark>
      <Placemark>
        <name>Mecánica móvil 24hs</name>
        <description><![CDATA[Si están en Misiones y se quedan por la ruta, no duden en comunicarse, volviendo de vacaciones se nos rompió el auto, sábado 14 hs ellos vinieron hacia nosotros sin ningún drama.<br>Hicieron lo imposible para solucionar nuestro inconveniente, no nos dejaron solos ningún momento y nos brindaron tranquilidad y honestidad en su trabajo.<br>Buscaron bajo cielo y tierra la correa que necesitábamos y nos cambiaron la misma un domingo a las 9 de la mañana con lluvia.<br>Gracias chicos, xq me dieron tranquilidad ante una situación extraña para mí y mi familia.<br>Súper recomendados y ojalá tengan todo el éxito y reconocimiento que se merecen, son buenos tipos y lo notamos al instante.<br>Gracias.      N3328 Hipólito Yrigoyen, Misiones    03743457857 ]]></description>
        <styleUrl>#icon-1590-0288D1</styleUrl>
        <Point>
          <coordinates>
            -55.2866156,-27.083819,0
          </coordinates>
        </Point>
      </Placemark>
      <Placemark>
        <name>GPS Taller - Taller Mecanico Chamy</name>
        <description><![CDATA["Muy buena atencion y cumplidores<br>"Muy buena atención, y calidad de los trabajos!"<br>"Excelente, trabajan súper bien y rápido"    HJA, Pres. Arturo Frondizi 537, U9003 Comodoro Rivadavia, Chubut   02974485852]]></description>
        <styleUrl>#icon-1590-0288D1</styleUrl>
        <Point>
          <coordinates>
            -67.5270426,-45.88239,0
          </coordinates>
        </Point>
      </Placemark>
      <Placemark>
        <name>Taller Mecánico El Viejo</name>
        <description>Excelente atención y cordialidad por parte de Don Raúl, te explica todo antes de recibir el vehículo para trabajar. 100% confiable. Lo recomiendo.  Copacabana 157, San Fernando del Valle de Catamarca, Catamarca  03834326889</description>
        <styleUrl>#icon-1590-0288D1</styleUrl>
        <Point>
          <coordinates>
            -65.7493676,-28.4609444,0
          </coordinates>
        </Point>
      </Placemark>
      <Placemark>
        <name>CarBox</name>
        <description><![CDATA["Muy buenos profesionales y honestos."<br>"Muy buena atención y resolución del problema mecanico"<br>"Exelente trato, muy cordial muy responsables, los recomiendo"     Córdoba 89, X5174 Huerta Grande, Córdoba     03548417362]]></description>
        <styleUrl>#icon-1590-0288D1</styleUrl>
        <Point>
          <coordinates>
            -64.4899338,-31.0743116,0
          </coordinates>
        </Point>
      </Placemark>
      <Placemark>
        <name>Taller Mecanico Rubén Aguirre</name>
        <description>Trabaja muy bien. Seriedad y responsabilidad. Lo recomiendo.   Dr. Cano, San Fernando del Valle de Catamarca, Catamarca      03834242614</description>
        <styleUrl>#icon-1590-0288D1</styleUrl>
        <Point>
          <coordinates>
            -65.7571511,-28.4649299,0
          </coordinates>
        </Point>
      </Placemark>
      <Placemark>
        <name>Taller mecanico y venta de repuestos de Carlos y Jose Peralta</name>
        <description>Excelente atención, compromiso y respeto, muy responsables , super recomendado   03834795787</description>
        <styleUrl>#icon-1590-0288D1</styleUrl>
        <Point>
          <coordinates>
            -65.7745056,-28.4555087,0
          </coordinates>
        </Point>
      </Placemark>
      <Placemark>
        <name>El gringo mecanica</name>
        <description>Núñez del Prado 33, K4700 San Fernando del Valle de Catamarca, Catamarca      03525624451</description>
        <styleUrl>#icon-1590-0288D1</styleUrl>
        <Point>
          <coordinates>
            -65.7865255,-28.4662882,0
          </coordinates>
        </Point>
      </Placemark>
      <Placemark>
        <name>Taller Mecánico Toro Racing</name>
        <description>Uno de los mejores talleres de sfv de catamarca. Excelente laburo de su dueño y demás, un lugar donde dejas tu vehículo con tranquilidad responsabilidad y un excelente trabajo.  03834013183</description>
        <styleUrl>#icon-1590-0288D1</styleUrl>
        <Point>
          <coordinates>
            -65.7735487,-28.4286434,0
          </coordinates>
        </Point>
      </Placemark>
      <Placemark>
        <name>Taller Mecánico Amadei</name>
        <description>Excelente Taller Mecánico para todos los vehículos y Marcas y todo tipo de reparación a cargo de PABLO garantía    03541237268</description>
        <styleUrl>#icon-1590-0288D1</styleUrl>
        <Point>
          <coordinates>
            -64.492247,-31.0834806,0
          </coordinates>
        </Point>
      </Placemark>
      <Placemark>
        <name>Prat servicio mecánico</name>
        <description><![CDATA["Buen profesional, prolijo, rápido, eficiente y precio razonable."<br>"Muy correcto en todo , buen precio muy buena atención    0354815419185]]></description>
        <styleUrl>#icon-1590-0288D1</styleUrl>
        <Point>
          <coordinates>
            -64.4860573,-31.0861399,0
          </coordinates>
        </Point>
      </Placemark>
      <Placemark>
        <name>Mecánica Cuello - Competición</name>
        <description><![CDATA[Pésimo servicio. Le llevé mi auto para que lo "arreglara" y no solo que lo hizo mal sino que el mismo volvió con otra falla del cual el no se hizo cargo, siendo que solo el ha tenido el auto en su taller por más de un día. Se le pagó en tiempo y forma, y todo lo que pidió.<br>No recurran a esta gente, la ubicación de su local no lo hace bueno.<br>Comparto mi experiencia para evitar que a otros les suceda lo mismo.<br>Es lamentable cruzarse con gente cómo ésta.   03548577651 ]]></description>
        <styleUrl>#icon-1590-A52714</styleUrl>
        <Point>
          <coordinates>
            -64.4914721,-31.0853117,0
          </coordinates>
        </Point>
      </Placemark>
      <Placemark>
        <name>MECANICA la 25</name>
        <description><![CDATA["Muy buena atención y cordialidad<br>"Hace años que llevo los autos y nunca tuve problemas."<br>"Muy buena,siempre dando una respuesta y responsables en su trabajo"    Formosa 1294, K4702 San Fernando del Valle de Catamarca, Catamarca]]></description>
        <styleUrl>#icon-1590-0288D1</styleUrl>
        <Point>
          <coordinates>
            -65.7705735,-28.4768002,0
          </coordinates>
        </Point>
      </Placemark>
      <Placemark>
        <name>QUALITY CAR SERVICIOS MECANICOS</name>
        <description>Excelente servicio, diagnóstico preciso, precios accesibles, te hacen ver la falla, prueban en vehículo, por eso siempre vuelvo.   03834420323</description>
        <styleUrl>#icon-1590-0288D1</styleUrl>
        <Point>
          <coordinates>
            -65.7709519,-28.4761367,0
          </coordinates>
        </Point>
      </Placemark>
      <Placemark>
        <name>El Bolson Motosur</name>
        <description>C. Eusebio Barría, El Bolsón, Río Negro</description>
        <styleUrl>#icon-1633-0288D1</styleUrl>
        <Point>
          <coordinates>
            -71.5446062,-41.9790241,0
          </coordinates>
        </Point>
      </Placemark>
      <Placemark>
        <name>Mecanica Le Mans</name>
        <description><![CDATA["Unos cracks, rápidos y eficientes"<br>"Perfecto,excelente atención."    03834027762]]></description>
        <styleUrl>#icon-1590-0288D1</styleUrl>
        <Point>
          <coordinates>
            -65.7769498,-28.4614208,0
          </coordinates>
        </Point>
      </Placemark>
      <Placemark>
        <name>SALLES SERVICIOS</name>
        <description><![CDATA["Excelente mecánico, muy buena atención y el mejor servicio"<br>"Recomendable 100x100<br>"Excelente muy buen servicio"    0383154323306]]></description>
        <styleUrl>#icon-1590-0288D1</styleUrl>
        <Point>
          <coordinates>
            -65.7942268,-28.5064912,0
          </coordinates>
        </Point>
      </Placemark>
      <Placemark>
        <name>Taller Mecanico En Gral. Dario Peschiutta</name>
        <description><![CDATA["Muy buena atención y excelente macanico"<br>"No hay número de teléfono para comunicarse."   Buenos Aires 440, K4700 San Fernando del Valle de Catamarca, Catamarca]]></description>
        <styleUrl>#icon-1590-0288D1</styleUrl>
        <Point>
          <coordinates>
            -65.78014,-28.4785866,0
          </coordinates>
        </Point>
      </Placemark>
      <Placemark>
        <name>Taller Mecánico Schellemberg</name>
        <description><![CDATA["Excelente servicio de scaneo, muy buena atención y amabilidad."<br>"Excelente atencion, muy responsables me solucionaron todo."<br>"Fui a la mañana después de esperar 1 hora y media y nunca abrió."    02944327125]]></description>
        <styleUrl>#icon-1590-0288D1</styleUrl>
        <Point>
          <coordinates>
            -71.5432594,-41.9889856,0
          </coordinates>
        </Point>
      </Placemark>
      <Placemark>
        <name>Taller mecanico faltrac</name>
        <description><![CDATA[<br><br>Te. 03757404940]]></description>
        <styleUrl>#icon-1590-0288D1</styleUrl>
<Point>
          <coordinates>
            -54.1980377,-26.6866444,0
          </coordinates>
        </Point>
      </Placemark>
      <Placemark>
        <name>GPS Taller - Pagliero Inyeccion</name>
        <description>Luis María Drago 186, X5016 Córdoba   03514611710 </description>
        <styleUrl>#icon-1590-0288D1</styleUrl>
        <Point>
          <coordinates>
            -64.1968349,-31.4502259,0
          </coordinates>
        </Point>
      </Placemark>
      <Placemark>
        <name>Cordoba Inyeccion</name>
        <description><![CDATA["Excelente lugar, muy recomendable y buena atención."<br>"Excelente servicio.."<br>"Me dejo el auto 10 puntos!!"    02657283261]]></description>
        <styleUrl>#icon-1590-0288D1</styleUrl>
        <Point>
          <coordinates>
            -64.2284022,-31.4410686,0
          </coordinates>
        </Point>
      </Placemark>
      <Placemark>
        <name>RD Mecánica Total Inyección</name>
        <description><![CDATA["Buena atención ,me solucionaron el problema cada vez que fui"<br>"Muy serios y honestos"<br>"Quedo todo el día el auto y ni lo movieron."    03514895764]]></description>
        <styleUrl>#icon-1590-0288D1</styleUrl>
        <Point>
          <coordinates>
            -64.22183,-31.419106,0
          </coordinates>
        </Point>
      </Placemark>
      <Placemark>
        <name>Mundo Inyeccion S.R.L</name>
        <description><![CDATA["Mejor taller de Córdoba, excelente servicio y buenos precios"<br>"Atentos cordiales y sobre todo eficientes"<br>"Muy serios y confiables ."    03514561440]]></description>
        <styleUrl>#icon-1590-0288D1</styleUrl>
        <Point>
          <coordinates>
            -64.1508614,-31.4246704,0
          </coordinates>
        </Point>
      </Placemark>
      <Placemark>
        <name>Cba Inyeccion</name>
        <description><![CDATA["Super responsables y serios"<br>"Muy buena atención buen servicio<br>"Me solucionaron el problema y además me dijo de dnd podría haber venido !"      03517523999]]></description>
        <styleUrl>#icon-1590-0288D1</styleUrl>
        <Point>
          <coordinates>
            -64.1897464,-31.3952794,0
          </coordinates>
        </Point>
      </Placemark>
      <Placemark>
        <name>TecnoInyeccion. Taller de Inyeccion Electronica y Potenciacion</name>
        <description><![CDATA["Muy buena Atención Seriedad excelente atención en el Servicio"<br>"Buen aparato de medición pero pésima calidad de análisis del problema."<br>"Excelente servicio de reparación!!"     0351155331672]]></description>
        <styleUrl>#icon-1590-0288D1</styleUrl>
        <Point>
          <coordinates>
            -64.157029,-31.3954434,0
          </coordinates>
        </Point>
      </Placemark>
      <Placemark>
        <name>AJ DIAGNÓSTICO Taller Mecánico en Córdoba/ GAMA PREMIUM Lubricentro Exclusivo</name>
        <description><![CDATA["Buenísima atención, económicos y de absoluta confianza."<br>"Me hicieron un arreglo en la caja de dirección pq perdía aceite."<br>"Dos veces fui con mí Ford, y las dos veces salí más que conforme!!"    03512293771]]></description>
        <styleUrl>#icon-1590-0288D1</styleUrl>
        <Point>
          <coordinates>
            -64.1715754,-31.3998229,0
          </coordinates>
        </Point>
      </Placemark>
      <Placemark>
        <name>Taller LMH - inyección Diesel y Nafteros, Mecánica General</name>
        <description>Excelente atención y muy buenos mecánicos. Honestos sobre todo!     03515437785</description>
        <styleUrl>#icon-1590-0288D1</styleUrl>
        <Point>
          <coordinates>
            -64.1475935,-31.3697821,0
          </coordinates>
        </Point>
      </Placemark>
      <Placemark>
        <name>Torque racing - Inyeccion Electrónica / Auto detail.</name>
        <description><![CDATA["Increíble atención por parte de los chicos👏 y muy buen trabajo realizaron"<br>"Muy buen lugar y atención."<br>"La vez restante me cobraron un arreglo que no duró 1 día."      03518573733]]></description>
        <styleUrl>#icon-1590-0288D1</styleUrl>
        <Point>
          <coordinates>
            -64.2511925,-31.3458223,0
          </coordinates>
        </Point>
      </Placemark>
      <Placemark>
        <name>GPS Taller - Oliva Mecánica e Inyección Automotriz</name>
        <description>Muy bueno .lugar amplio ,emiten facturas.   0351152068985</description>
        <styleUrl>#icon-1590-0288D1</styleUrl>
        <Point>
          <coordinates>
            -64.267417,-31.3261708,0
          </coordinates>
        </Point>
      </Placemark>
      <Placemark>
        <name>Electromecánica 3G</name>
        <description><![CDATA["Atendido por su dueño."<br>"Buena comida no me gusto la atencion y modismo de atencion"<br>"Muy atento, buena predisposición, puntual y excelente atención."     02664338794]]></description>
        <styleUrl>#icon-1590-0288D1</styleUrl>
        <Point>
          <coordinates>
            -66.3483716,-33.3290001,0
          </coordinates>
        </Point>
      </Placemark>
      <Placemark>
        <name>Taller De Inyeccion Naftera Y Escaneo!</name>
        <description>Super confiable! Encontró la solución del problema de mi auto que en tres talleres no lograron. Muy amable su atención. Lo super recomiendo    02664272657</description>
        <styleUrl>#icon-1590-0288D1</styleUrl>
        <Point>
          <coordinates>
            -66.3166332,-33.3215789,0
          </coordinates>
        </Point>
      </Placemark>
      <Placemark>
        <name>Diesel Samoluk</name>
        <description><![CDATA["Fui muy buen atendido"<br>"Gente responsable buena atención y cordialidad"<br>"Excelente quedó la bomba de gol 1.9 2004."  02664306516]]></description>
        <styleUrl>#icon-1590-0288D1</styleUrl>
        <Point>
          <coordinates>
            -66.3133643,-33.3007283,0
          </coordinates>
        </Point>
      </Placemark>
      <Placemark>
        <name>FULL CAR Repuestos y Servicios Inyección Electrónica</name>
        <description><![CDATA["Responsables en su tarea."<br>"Se consigue todo para un auto, muy linda atencióin"   02664949556]]></description>
        <styleUrl>#icon-1590-0288D1</styleUrl>
        <Point>
          <coordinates>
            -66.317181,-33.29141,0
          </coordinates>
        </Point>
      </Placemark>
      <Placemark>
        <name>Test Point Inyección Electrónica</name>
        <description><![CDATA["Excelente atención y muy responsables!"<br>"Buena atención y servicio"<br>"Buena y rapida atencion"   02664712807]]></description>
        <styleUrl>#icon-1590-0288D1</styleUrl>
        <Point>
          <coordinates>
            -66.3199056,-33.2909702,0
          </coordinates>
        </Point>
      </Placemark>
      <Placemark>
        <name>Taller y Repuestos Prodriver Inyecc. Electrónica</name>
        <description><![CDATA["Trabajan muy bien y súper responsables."<br>"Excelente atención y servicio rápido!"<br>"Rapidez y buena atención"   02664433786]]></description>
        <styleUrl>#icon-1590-0288D1</styleUrl>
        <Point>
          <coordinates>
            -66.3330166,-33.2877984,0
          </coordinates>
        </Point>
      </Placemark>
      <Placemark>
        <name>SRM INYECCION</name>
        <description>Te: 02664022658</description>
        <styleUrl>#icon-1590-0288D1</styleUrl>
        <Point>
          <coordinates>
            -66.3348601,-33.2871247,0
          </coordinates>
        </Point>
      </Placemark>
      <Placemark>
        <name>Inyeccion Electronica Garrido</name>
        <description><![CDATA["Excelente atencion, rapidos y muy honestos los chicos."<br>"Nunca me devolvió la llamada para confirmar turno"    02664573607]]></description>
        <styleUrl>#icon-1590-0288D1</styleUrl>
        <Point>
          <coordinates>
            -66.336889,-33.2862944,0
          </coordinates>
        </Point>
      </Placemark>
      <Placemark>
        <name>Taller San Luis mecánica chapa pintura del automotor</name>
        <description>Buenos trabajos confiables     02664856918</description>
        <styleUrl>#icon-1590-0288D1</styleUrl>
        <Point>
          <coordinates>
            -66.3382053,-33.2812959,0
          </coordinates>
        </Point>
      </Placemark>
      <Placemark>
        <name>Taller</name>
        <description>Excelente atención y calidad de persona sus dueños.  No hay nº de teléfono.</description>
        <styleUrl>#icon-1590-0288D1</styleUrl>
        <Point>
          <coordinates>
            -66.3307979,-33.2758968,0
          </coordinates>
        </Point>
      </Placemark>
      <Placemark>
        <name>Taller Mecánico Gue Competición</name>
        <description><![CDATA["Excelente servicio...unos genios en su profesión...de primera"<br>"Nos cansamos de llamar y nunca nos atendieron."<br>"Precios razonables, honestidad asegurada !!!!"    03624461415]]></description>
        <styleUrl>#icon-1590-0288D1</styleUrl>
        <Point>
          <coordinates>
            -59.0323549,-27.4525788,0
          </coordinates>
        </Point>
      </Placemark>
      <Placemark>
        <name>Taller San Lorenzo</name>
        <description>Excelente atención y muy certero en las fallas y soluciónes    03624137182</description>
        <styleUrl>#icon-1590-0288D1</styleUrl>
        <Point>
          <coordinates>
            -58.9938163,-27.4351714,0
          </coordinates>
        </Point>
      </Placemark>
      <Placemark>
        <name>Taller Mecánico Ramoncin</name>
        <description>Exelente    03624614345</description>
        <styleUrl>#icon-1590-0288D1</styleUrl>
        <Point>
          <coordinates>
            -58.978388,-27.428478,0
          </coordinates>
        </Point>
      </Placemark>
      <Placemark>
        <name><![CDATA[Taller Mecánico "El Pato "]]></name>
        <description>Muy buena la atención, rápida muy precisa,  852, Av. Mac Lean 802, Resistencia, Chaco  No hay nº de te.</description>
        <styleUrl>#icon-1590-0288D1</styleUrl>
        <Point>
          <coordinates>
            -59.0082074,-27.4450783,0
          </coordinates>
        </Point>
      </Placemark>
      <Placemark>
        <name>ARM MECANICA AUTOMOTRIZ</name>
        <description>El Dueño Exelente persona y comprometida con el Servicio inspira confianza y sabe lo que hace  03624612902</description>
        <styleUrl>#icon-1590-0288D1</styleUrl>
        <Point>
          <coordinates>
            -59.0039096,-27.4486152,0
          </coordinates>
        </Point>
      </Placemark>
      <Placemark>
        <name>GS Taller Mecánico multimarcas</name>
        <description>Atención de 9 a 21 de corrido   03624733140</description>
        <styleUrl>#icon-1590-0288D1</styleUrl>
        <Point>
          <coordinates>
            -59.0019306,-27.4524328,0
          </coordinates>
        </Point>
      </Placemark>
      <Placemark>
        <name>Mecánica Bru</name>
        <description><![CDATA["Muy buena atención, personalizada, atendida por sus dueños, arreglo garantizado"<br>"Excelente atención, muy responsables y profesionales, totalmente conforme."<br>"Excelente servicio, cordialidad y responsabilidad."   03624717215]]></description>
        <styleUrl>#icon-1590-0288D1</styleUrl>
        <Point>
          <coordinates>
            -59.0057733,-27.4720454,0
          </coordinates>
        </Point>
      </Placemark>
      <Placemark>
        <name>Taller Mecánico del Auto</name>
        <description><![CDATA[<br><br>"Muy buena atención y predisposición"<br>"Excelente atención y buen precio."     03624369539]]></description>
        <styleUrl>#icon-1590-0288D1</styleUrl>
<Point>
          <coordinates>
            -59.0065377,-27.4780583,0
          </coordinates>
        </Point>
      </Placemark>
      <Placemark>
        <name>Taller de Mecánica Vargas</name>
        <description>Esta completo taller mecánico,electricidad, tapiceria    03624488264</description>
        <styleUrl>#icon-1590-0288D1</styleUrl>
        <Point>
          <coordinates>
            -58.9699425,-27.4781427,0
          </coordinates>
        </Point>
      </Placemark>
      <Placemark>
        <name>Mecánica Integral del Automotor</name>
        <description><![CDATA[Espectacular. El mecánico muy bueno, te convida mates mientras esperas el arreglo.<br><br>Ecxelente atención,calidad, confianza muy recomendable<br><br>Solución inmediata... buena calidad de mano de obra y excelente diagnóstico real de la falla del vehiculo       03624473797]]></description>
        <styleUrl>#icon-1590-0288D1</styleUrl>
        <Point>
          <coordinates>
            -58.96889,-27.470883,0
          </coordinates>
        </Point>
      </Placemark>
      <Placemark>
        <name>Inyeccion Jujuy</name>
        <description>Excelentes trabajos    5931003</description>
        <styleUrl>#icon-1590-0288D1</styleUrl>
        <Point>
          <coordinates>
            -65.2978787,-24.1931565,0
          </coordinates>
        </Point>
      </Placemark>
      <Placemark>
        <name>General Rodríguez Inyección</name>
        <description><![CDATA[Lleve mi auto por primera vez y realizó un excelente trabajo, digno de recomendar !!<br><br>De lo peor, me arruinaron económicamente. Me pusieron repuestos en el auto que supuestamente eran ORIGINALES Y COBRADOS COMO ORIGINALES. Resulta ser que eran GENÉRICOS. NI EL SEÑOR JUAN " MECÁNICO " ni la casa de repuestos se hacen cargo. Realmente Ojo con este taller.<br><br>De lo peor, me tuvo el auto tres meses en el taller, cuando me dijo que era un laburo de una semana solamente, me pasó un presupuesto final del cual se terminó excediendo en $20000!!!.<br>Siempre le di la plata que me pedían en tiempo y forma. Nunca avanzaba nada con mi auto.<br>No sólo eso, sino que con toda la plata y tiempo que me dejó a pata. El auto me terminó quedando COMO EL ORTO      0111561055617]]></description>
        <styleUrl>#icon-1590-0288D1</styleUrl>
        <Point>
          <coordinates>
            -58.9586661,-34.6140954,0
          </coordinates>
        </Point>
      </Placemark>
      <Placemark>
        <name>Inyección-Abel</name>
        <description><![CDATA["Exelente atencion el trabajo que hicieron quedo exelente muy recomendable"<br>"Buena ubicación y buena atención y acesoramiento."<br>"Gracias Abel x el trabajo realizado, 100% recomendables!"         01168341170]]></description>
        <styleUrl>#icon-1590-0288D1</styleUrl>
        <Point>
          <coordinates>
            -58.3465817,-34.8010299,0
          </coordinates>
        </Point>
      </Placemark>
      <Placemark>
        <name>MD Inyección Diesel</name>
        <description><![CDATA["Excelente predisposición a atender las inquietudes."<br>"Muy buena atención y excelentes trabajos"<br>"Muy buena predisposición, compré un aditivo para el sistema de inyección."        01142406791]]></description>
        <styleUrl>#icon-1590-0288D1</styleUrl>
        <Point>
          <coordinates>
            -58.3822545,-34.6905053,0
          </coordinates>
        </Point>
      </Placemark>
      <Placemark>
        <name>Rep-Inyeccion</name>
        <description><![CDATA[<br><br>Abre cuando tiene ganas.espere dos horas en la puerta.<br><br>Conseguí una bomba de nafta difícil de encontrar, y a un precio muy bajo, si funciona bien lo voy a tener como mis salvadores!!      01135411110 ]]></description>
        <styleUrl>#icon-1590-0288D1</styleUrl>
<Point>
          <coordinates>
            -58.4589772,-34.6010137,0
          </coordinates>
        </Point>
      </Placemark>
      <Placemark>
        <name>INYECCIÓN URQUIZA</name>
        <description><![CDATA[<br><br>"Mí marido llevo el auto y quedó muy conforme."<br>"Muy buena atención y asesoramiento soluciono mi problema de inmediato"<br>"Excelente atención rápido precio accesible y puntualidad en la entrega"       01167294081]]></description>
        <styleUrl>#icon-1590-0288D1</styleUrl>
<Point>
          <coordinates>
            -58.4785078,-34.5787126,0
          </coordinates>
        </Point>
      </Placemark>
      <Placemark>
        <name>BC Inyección Electrónica</name>
        <description><![CDATA[<br><br>"Fui para cambiar un repuesto y no tuvoeron ningún problema."<br>"Siempre me atendieron de primera saben de lo que hacen y muy buena gente<br>"Trabajan muy bien, los precios son razonables."    01145842455]]></description>
        <styleUrl>#icon-1590-0288D1</styleUrl>
<Point>
          <coordinates>
            -58.4587719,-34.5970475,0
          </coordinates>
        </Point>
      </Placemark>
      <Placemark>
        <name>Inyección Belgrano</name>
        <styleUrl>#icon-1590-0288D1-nodesc</styleUrl>
        <Point>
          <coordinates>
            -58.4609873,-34.5777485,0
          </coordinates>
        </Point>
      </Placemark>
      <Placemark>
        <name>servicio mecanico inyeccion electronica</name>
        <styleUrl>#icon-1590-0288D1-nodesc</styleUrl>
        <Point>
          <coordinates>
            -67.7197065,-37.7699449,0
          </coordinates>
        </Point>
      </Placemark>
      <Placemark>
        <name>Mecanica Inyeccion Car</name>
        <styleUrl>#icon-1590-0288D1-nodesc</styleUrl>
        <Point>
          <coordinates>
            -64.6015079,-37.3709616,0
          </coordinates>
        </Point>
      </Placemark>
      <Placemark>
        <name>Mecanicar inyección electrónica</name>
        <styleUrl>#icon-1590-0288D1-nodesc</styleUrl>
        <Point>
          <coordinates>
            -64.3076444,-36.6385188,0
          </coordinates>
        </Point>
      </Placemark>
      <Placemark>
        <name>Laboratorio de inyección diesel .TEJEDOR</name>
        <styleUrl>#icon-1590-0288D1-nodesc</styleUrl>
        <Point>
          <coordinates>
            -64.2954268,-36.6392125,0
          </coordinates>
        </Point>
      </Placemark>
      <Placemark>
        <name>Inyectruck</name>
        <styleUrl>#icon-1590-0288D1-nodesc</styleUrl>
        <Point>
          <coordinates>
            -64.2815808,-36.631459,0
          </coordinates>
        </Point>
      </Placemark>
      <Placemark>
        <name>TG Inyección Electrónica</name>
        <styleUrl>#icon-1590-0288D1-nodesc</styleUrl>
        <Point>
          <coordinates>
            -64.3114695,-36.6316627,0
          </coordinates>
        </Point>
      </Placemark>
      <Placemark>
        <name>SEIBEL INYECCION ELECTRONICA</name>
        <styleUrl>#icon-1590-0288D1-nodesc</styleUrl>
        <Point>
          <coordinates>
            -64.2826045,-36.6349145,0
          </coordinates>
        </Point>
      </Placemark>
      <Placemark>
        <name>Mecánica Pronotti INYECCIÓN ELECTRÓNICA</name>
        <styleUrl>#icon-1590-0288D1-nodesc</styleUrl>
        <Point>
          <coordinates>
            -64.0063904,-36.5269761,0
          </coordinates>
        </Point>
      </Placemark>
      <Placemark>
        <name>HB Inyeccion Electronica Tableros y ECUs</name>
        <styleUrl>#icon-1590-0288D1-nodesc</styleUrl>
        <Point>
          <coordinates>
            -64.2897763,-36.6173084,0
          </coordinates>
        </Point>
      </Placemark>
      <Placemark>
        <name>CIA INYECCION ELECTRONICA</name>
        <styleUrl>#icon-1590-0288D1-nodesc</styleUrl>
        <Point>
          <coordinates>
            -63.7422356,-35.6666359,0
          </coordinates>
        </Point>
      </Placemark>
      <Placemark>
        <name>Mecánica de camiones y tractores y inyección diesel Cascallares e hijos</name>
        <styleUrl>#icon-1590-0288D1-nodesc</styleUrl>
        <Point>
          <coordinates>
            -62.9983455,-40.8266322,0
          </coordinates>
        </Point>
      </Placemark>
      <Placemark>
        <name>Tito inyeccion</name>
        <styleUrl>#icon-1590-0288D1-nodesc</styleUrl>
        <Point>
          <coordinates>
            -71.5409564,-41.9869756,0
          </coordinates>
        </Point>
      </Placemark>
      <Placemark>
        <name>GPS Taller - Taller El Eddie - Inyeccion Electronica</name>
        <styleUrl>#icon-1590-0288D1-nodesc</styleUrl>
        <Point>
          <coordinates>
            -64.0888581,-38.9954649,0
          </coordinates>
        </Point>
      </Placemark>
      <Placemark>
        <name>Malnis Mecanica E Inyeccion</name>
        <styleUrl>#icon-1590-0288D1-nodesc</styleUrl>
        <Point>
          <coordinates>
            -67.5819092,-39.0375087,0
          </coordinates>
        </Point>
      </Placemark>
      <Placemark>
        <name>INYECSUR SRL - INYECCION ELECTRONICA</name>
        <styleUrl>#icon-1590-0288D1-nodesc</styleUrl>
        <Point>
          <coordinates>
            -67.5799885,-39.0417303,0
          </coordinates>
        </Point>
      </Placemark>
      <Placemark>
        <name>Inyección electrónica del automóvil</name>
        <styleUrl>#icon-1590-0288D1-nodesc</styleUrl>
        <Point>
          <coordinates>
            -67.5700368,-39.0322795,0
          </coordinates>
        </Point>
      </Placemark>
      <Placemark>
        <name>MD Racing mecánica general e inyección electrónica, Lubricentro</name>
        <styleUrl>#icon-1590-0288D1-nodesc</styleUrl>
        <Point>
          <coordinates>
            -67.577106,-39.0212188,0
          </coordinates>
        </Point>
      </Placemark>
      <Placemark>
        <name>P y M Diesel</name>
        <styleUrl>#icon-1590-0288D1-nodesc</styleUrl>
        <Point>
          <coordinates>
            -67.9115702,-38.961911,0
          </coordinates>
        </Point>
      </Placemark>
      <Placemark>
        <name>Servicio mecanico,inyeccion electronica,tren delantero,direcciones hidraulicas</name>
        <styleUrl>#icon-1590-0288D1-nodesc</styleUrl>
        <Point>
          <coordinates>
            -68.0573844,-38.827033,0
          </coordinates>
        </Point>
      </Placemark>
      <Placemark>
        <name>Planta De Inyección Secundaria</name>
        <styleUrl>#icon-1590-0288D1-nodesc</styleUrl>
        <Point>
          <coordinates>
            -67.9476104,-37.9939609,0
          </coordinates>
        </Point>
      </Placemark>
      <Placemark>
        <name>Marcos Rodríguez servicio mecánicos y rectificacion de motores</name>
        <styleUrl>#icon-1590-0288D1-nodesc</styleUrl>
        <Point>
          <coordinates>
            -69.5593414,-35.4787048,0
          </coordinates>
        </Point>
      </Placemark>
      <Placemark>
        <name>Mecánico</name>
        <styleUrl>#icon-1590-0288D1-nodesc</styleUrl>
        <Point>
          <coordinates>
            -69.5681256,-35.4771518,0
          </coordinates>
        </Point>
      </Placemark>
      <Placemark>
        <name>JC servicios Mecanicos y Radiadores</name>
        <styleUrl>#icon-1590-0288D1-nodesc</styleUrl>
        <Point>
          <coordinates>
            -69.593002,-35.480532,0
          </coordinates>
        </Point>
      </Placemark>
      <Placemark>
        <name>Mecanicos a domicilio</name>
        <styleUrl>#icon-1590-0288D1-nodesc</styleUrl>
        <Point>
          <coordinates>
            -69.5685053,-35.4773018,0
          </coordinates>
        </Point>
      </Placemark>
      <Placemark>
        <name>Mecánica Moreno</name>
        <styleUrl>#icon-1590-0288D1-nodesc</styleUrl>
        <Point>
          <coordinates>
            -69.5579983,-35.4774993,0
          </coordinates>
        </Point>
      </Placemark>
      <Placemark>
        <name>Taller Mecanico RODRÍGUEZ</name>
        <styleUrl>#icon-1590-0288D1-nodesc</styleUrl>
        <Point>
          <coordinates>
            -69.5815892,-35.4689428,0
          </coordinates>
        </Point>
      </Placemark>
      <Placemark>
        <name>SCG</name>
        <styleUrl>#icon-1590-0288D1-nodesc</styleUrl>
        <Point>
          <coordinates>
            -69.5873574,-35.4665284,0
          </coordinates>
        </Point>
      </Placemark>
      <Placemark>
        <name>Mecanica Integral Del Automovil</name>
        <styleUrl>#icon-1590-0288D1-nodesc</styleUrl>
        <Point>
          <coordinates>
            -69.5842086,-35.4726595,0
          </coordinates>
        </Point>
      </Placemark>
      <Placemark>
        <name>Taller Mecánico Oscar</name>
        <styleUrl>#icon-1590-0288D1-nodesc</styleUrl>
        <Point>
          <coordinates>
            -69.5810426,-35.4728131,0
          </coordinates>
        </Point>
      </Placemark>
      <Placemark>
        <name><![CDATA[Mecanica N&H]]></name>
        <styleUrl>#icon-1590-0288D1-nodesc</styleUrl>
        <Point>
          <coordinates>
            -68.2931198,-34.7060934,0
          </coordinates>
        </Point>
      </Placemark>
      <Placemark>
        <name>Taller mecánico</name>
        <styleUrl>#icon-1590-0288D1-nodesc</styleUrl>
        <Point>
          <coordinates>
            -68.4490075,-34.5588592,0
          </coordinates>
        </Point>
      </Placemark>
      <Placemark>
        <name>Taller Mecanico Neumatrend JZ</name>
        <styleUrl>#icon-1590-0288D1-nodesc</styleUrl>
        <Point>
          <coordinates>
            -68.3996083,-34.6434827,0
          </coordinates>
        </Point>
      </Placemark>
      <Placemark>
        <name>Taller mecanico</name>
        <styleUrl>#icon-1590-0288D1-nodesc</styleUrl>
        <Point>
          <coordinates>
            -68.3820285,-34.6456333,0
          </coordinates>
        </Point>
      </Placemark>
      <Placemark>
        <name>Taller Mecanico San Rafael</name>
        <styleUrl>#icon-1590-0288D1-nodesc</styleUrl>
        <Point>
          <coordinates>
            -68.30777,-34.6229774,0
          </coordinates>
        </Point>
      </Placemark>
      <Placemark>
        <name>TALLER MECÁNICO</name>
        <styleUrl>#icon-1590-0288D1-nodesc</styleUrl>
        <Point>
          <coordinates>
            -68.3393664,-34.6313273,0
          </coordinates>
        </Point>
      </Placemark>
      <Placemark>
        <name>Taller mecánico</name>
        <styleUrl>#icon-1590-0288D1-nodesc</styleUrl>
        <Point>
          <coordinates>
            -68.2830068,-34.620093,0
          </coordinates>
        </Point>
      </Placemark>
      <Placemark>
        <name>-23.19989, -65.35036</name>
        <description><![CDATA[<br><br>31 de enero de 2024 por deepnorse99 <br>Muy servicial y amigable. Nos ayudó muy bien y por un precio justo. Está en la esquina de esta calle y realmente no tiene ningún cartel. También dijo que tiene alojamiento. No me quedé, pero estoy seguro de que es agradable.<br><br>28 de agosto de 2023 por Familia a Bordo por el Mundo <br>Felipe Gutiérrez reparo la ivecco daylis de unos amigos y lo agregamos por su buen servicio<br><br>22 de agosto de 2022 por dandovueltasfotos.com <br>Carlos y Marcos me ajustaron el cable del freno de mano. Rápido y a un precio razonable.<br><br>21 de enero de 2020 por pérdida29 <br>Mécanicien competente. No desmonté el filtro de partículas para el limpiador. Très bon prix. Eficacia. Aller frapper et demander Daniel Abbalos.<br><br>12 de abril de 2018 por proyectoescafandra <br>Calle Santa Fe NRO. 6 Es la dirección correcta.<br>Nos ayudó con los problemas de arranque de nuestro Renault Traffic. No pudimos llegar al Ornacal con nuestro coche, se calentó Y se paró en el camino.<br>El chato le pidió a un amigo con un auto más grande que nos llevara hasta su casa (eso costó 200 pesos). Luego resolvió el problema bastante rápido. Fue fácil pero definitivamente pudimos notar que era un profesional.<br>Al momento de pagar nos pidió que le diéramos la cantidad que pensáramos que era justa. Le encontramos muy honestidad. Sabía que nos hizo esperar y sabía que no era nada difícil.<br>Gente muy agradable trabajando allí, ¡lo recomendamos!<br><br>nota: ¡tenga en cuenta que se toman su tiempo! Esperamos un día a que viera nuestro auto, ya que no era una emergencia. Aparentemente tienen mucho trabajo, visitamos a otros mecánicos antes Y estaban todos ocupados.]]></description>
        <styleUrl>#icon-1590-0288D1</styleUrl>
<Point>
          <coordinates>
            -65.35036,-23.19989,0
          </coordinates>
        </Point>
      </Placemark>
      <Placemark>
        <name>-23.20907, -65.34672</name>
        <description><![CDATA[<br><br>26 de julio de 2023<br>Taller de soldadura. No sé si a este lugar se le puede llamar taller, ver foto, pero Jaime arregló el portapilas que estaba completamente roto. Comenzó el trabajo inmediatamente y no tuvimos que esperar. Pasé dos horas en el coche por un precio más que razonable.<br><br><br><br>]]></description>
        <styleUrl>#icon-1590-0288D1</styleUrl>
<Point>
          <coordinates>
            -65.34672,-23.20907,0
          </coordinates>
        </Point>
      </Placemark>
      <Placemark>
        <name>-23.57267, -65.39748</name>
        <description><![CDATA[26 de septiembre de 2023 <br>Nuevo número de Guty<br>03884637613<br>Trabajo hasta las 13.00 y después de las 16.00<br>En horario no laborable no atiendo llamadas.<br><br>13 de agosto de 2019 <br>Nos ignoraron al intentar hacer un cambio de aceite. no vengas aqui<br><br>3 de abril de 2019<br>Vine aquí para una reparación de emergencia ya que uno de los rieles de suspensión de mis ruedas delanteras se rompió a mitad de camino.<br>¡Por solo 1200 pesos y 3 horas de trabajo los chicos de este taller lo repararon por completo!<br>muy recomendable.<br><br>27 de marzo de 2019<br>No puedo recomendar este mecánico.<br>donde había temprano en la mañana y no había otros clientes alrededor. Preguntar por cambio de aceite y filtro. Me envió a otro taller 3 km al sur. Pregunté si podía conseguir un contenedor de recolección (había uno en la esquina) y hacerlo yo solo y pagaré. Era demasiado estúpido para aceptar el dinero sin trabajar para él.<br><br>11 de enero de 2017<br>Lubricentro y servicio sobre vía principal, justo enfrente de la gasolinera YPF. No empezamos de la mejor manera ya que por la mañana acordamos regresar a las 4 pm ya que el horario de apertura por la tarde es de 15:30 a 20:30. A las 5 de la tarde tuve que despertar al dueño de la siesta/almuerzo pero desde entonces todo salió perfectamente. Cambiamos aceite de motor, filtro de aceite y bombilla del faro delantero derecho. Nada grave pero bien y correctamente hecho. Por supuesto, tiene una cantidad limitada de aceites YPF, pero también puede ofrecer una cantidad limitada de aceites Castrol, Elf, Total, Ford y muchos otros aceites de mayor calidad. El precio estaba bien, se puede recomendar. Solo efectivo.]]></description>
        <styleUrl>#icon-1899-DB4436</styleUrl>
        <Point>
          <coordinates>
            -65.39748,-23.57267,0
          </coordinates>
        </Point>
      </Placemark>
      <Placemark>
        <name>-23.62937, -65.41376</name>
        <description><![CDATA[25 de julio de 2023<br>taller mecanico, muy responsable y honesto... fuimos y nos atendió con gran cordialidad... genio anibal!<br><br>16 de mayo de 2023<br>Nos gustó mucho Aníbel. Fue muy profesional y arregló mucho lo que nuestro mecánico anterior arruinó. Nos consiguió repuestos desde Tucumán. Llamando a todos los que conocía. Precio muy honesto y muy, muy justo.<br><br>4 de mayo de 2023 <br>Nos dijo el día anterior que sólo necesita dos horas para cambiar dos amortiguadores.<br>Al día siguiente llegó tarde, tardó 9 horas y nos intentó cobrar más de lo negociado. Dos días después de nuestra visita notamos mientras conducíamos un ruido extraño, resulta que no apretó los tornillos del amortiguador y ya los rayaba bastante. No puedo recomendarlo en absoluto.<br><br>30 de mayo de 2019 <br>Mecanico muy honesto.<br>si vienes desde Tilcara quedará a tu derecha en el valle.<br>¡recomendado!]]></description>
        <styleUrl>#icon-1590-0288D1</styleUrl>
        <Point>
          <coordinates>
            -65.41376,-23.62937,0
          </coordinates>
        </Point>
      </Placemark>
      <Placemark>
        <name>-24.17849, -65.33628</name>
        <description><![CDATA[<br><br>23 de agosto de 2023<br>¡De acuerdo con todos! Mecánico realmente agradable que hace un gran trabajo.<br><br>27 de abril de 2023<br>¡El mejor mecánico en nuestro viaje de 6 meses por Sudamérica!<br>Nos ayudaron en cosas que no pudimos conseguir en Argentina+Chile. Tienen excelentes conexiones, también hablan inglés, son súper amigables, lo más rápidos posible, pueden pasar la noche en su caravana si es necesario, tienen un auto adicional para alquilar, wifi.<br><br>Nos alojamos con nuestro bebé en la caravana y nos dieron todo lo que pudimos desear.<br><br>Familia absolutamente increíble y el chef: Carlos es excelente en su trabajo y también como persona.<br><br>No podemos decir suficientes "gracias" ya que podríamos volver a rodar con nuestro viejo Chevi.<br><br>27 de diciembre de 2022<br>Taller mecanico integral vehiculos nacionales e importados, hablamos ingles wifi y alquilamos vehiculos<br><br>7 de noviembre de 2022<br>Fui aquí para revisar el motor. 3000 pesos (10€,-). Servicio rapido<br><br>17 de septiembre de 2022<br>¡¡Lo recomiendo totalmente!!<br>Mecánico amable y capacitado.<br>Llegaron como clientes, se fueron como amigos.<br>Con mucho contacto, encontró un gran lugar donde podíamos arreglar nuestro radiador con fugas. También nos cambió el aceite y el filtro + revisó todo el vehículo. Feliz de explicar lo que hace.<br>Todo por 8000$. Trabaja todo un día entero en ello.<br><br>Pasaremos la noche en su estacionamiento.<br>Nos presentó a sus amigos y a su madre.<br>"Llévanos en taxi" a la tienda donde podremos comprar nosotros mismos las piezas que tiene que ajustar.<br><br>Perfecto<br><br>27 de junio de 2022 <br>Este lugar está en la ubicación incorrecta: está ubicado en -24.17849, -65.33628<br><br>27 de junio de 2022 <br>Sólo puedo dar testimonio de lo que otros dijeron. Gente muy servicial, amable y conocedora.<br><br>Llevé mi Mercedes a una revisión. Compraron las piezas necesarias conmigo en la ciudad y fueron transparentes con lo que se necesitaba. Siempre tuve la última palabra si quería cambiar algo o no.<br><br>Me ofrecieron dormir en el taller durante el servicio.<br><br>Estoy muy feliz de haber encontrado este mecánico y definitivamente lo recomendaré a otros overlanders.<br><br>4 de abril de 2022<br>¡Una empresa familiar muy bonita, seria, competente, honesta y muy acogedora!<br><br>Queríamos comprobar un comportamiento extraño de nuestro motor, así que inspeccionaron el ordenador de a bordo y finalmente adivinaron cuál podría ser el problema. Intentaron encontrar la fuente durante quizás una hora y media, sin éxito. Probablemente lo habrían encontrado, pero como no era crítico conducir, decidimos continuar nuestro camino.<br>Al final, como "no resolvieron nada", no pidieron dinero. Bastante honesto!! :) :) :)<br><br>Que bueno saber, cambiaron la ubicación del garaje, la dirección real es:<br>Quilmes 2265, Y4600 San Salvador de Jujuy, Jujuy, Argentina.<br><br>La entrada es por la parte trasera, en las siguientes coordenadas: -24.178209, -65.336127<br><br>5 de marzo de 2020<br>100% recomendado.<br>Estos muchachos nos ayudaron muy rápido. Sabían lo que estaban haciendo y parecían muy profesionales.<br>Lo llamamos y Serna vino inmediatamente a hacer algunas reparaciones en la carretera para poner el auto en marcha.]]></description>
        <styleUrl>#icon-1590-0288D1</styleUrl>
<Point>
          <coordinates>
            -65.33628,-24.17849,0
          </coordinates>
        </Point>
      </Placemark>
      <Placemark>
        <name>-24.19198, -65.29607</name>
        <description><![CDATA[<br><br>11 de octubre de 2023 instagram.com/fulltime.vanlife <br>Aquí cambiamos nuestros Filtros (traídos por nosotros desde Alemania) y Aceite (comprados aquí) muy rápido. Todos los Filtros y Aceite en 1 hora. Puede traer todas las piezas de las tiendas de piezas de los alrededores.]]></description>
        <styleUrl>#icon-1590-0288D1</styleUrl>
<Point>
          <coordinates>
            -65.29607,-24.19198,0
          </coordinates>
        </Point>
      </Placemark>
      <Placemark>
        <name>-24.17848, -65.34140</name>
        <description><![CDATA[26 de abril de 2024 por openpot76 <br>¡Un lugar increíble! Son muy amables y pueden reparar muchas cosas por un precio justo. Muy recomendable.<br><br>3 de agosto de 2023 por navegandopelaterra <br>Excelente equipo. Muy amables y atentos. Precio justo. Algunos de los servicios que hacen son: alineación, balanceo, suspensión delantera y mecánica general sencilla. El teléfono del lugar es 3884301596, hable con Orlando.]]></description>
        <styleUrl>#icon-1590-0288D1</styleUrl>
        <Point>
          <coordinates>
            -65.3414,-24.17848,0
          </coordinates>
        </Point>
      </Placemark>
      <Placemark>
        <name>-24.37955, -65.11702</name>
        <description><![CDATA[<br><br>4 de septiembre de 2023 Familia a Bordo por el Mundo <br>Tuvimos muy buena experiencia al reparar nuestro radiador, el precio con la calidad de trabajo es muy razonable<br><br>22 de agosto de 2023 Familia a Bordo por el Mundo <br>Servicios de radiadores, refrigeración livianos y pesados.<br><br><br><br>]]></description>
        <styleUrl>#icon-1590-0288D1</styleUrl>
<Point>
          <coordinates>
            -65.11702,-24.37955,0
          </coordinates>
        </Point>
      </Placemark>
      <Placemark>
        <name>-24.79507, -65.42620</name>
        <description><![CDATA[<br><br>29 de septiembre de 2023 viaggio.mundo <br>Taller de reparación de electricidad: los chicos instalaron una barra LED en mi equipo. Realizan todos los trabajos de electricidad y también algunos trabajos mecánicos. Rápido y buen precio. Cobraron 25k ARS por 2h de trabajo instalando la barra led. No fue necesario programar una cita.<br><br>Electricista automotriz que instaló una barra LED en nuestra Van. No necesité pedir cita, llegué y me atendieron. Buen precio y servicio rápido, me cobraron 25k ARS por el servicio. Hacen todo tipo de trabajos eléctricos y también algunos mecánicos.<br><br>]]></description>
        <styleUrl>#icon-1590-0288D1</styleUrl>
<Point>
          <coordinates>
            -65.4262,-24.79507,0
          </coordinates>
        </Point>
      </Placemark>
      <Placemark>
        <name>-24.80637, -65.41638</name>
        <description><![CDATA[<br><br>3 de octubre de 2023 Juliaen42<br>Mecánico increíble! Vine a hacerle un gran chequeo a mi defensor y Guillermo y su equipo saben lo que hacen.<br>Hombre muy amable y honesto, el precio es por horas y súper justo, su hermano Hernán te lleva a las mejores y más baratas tiendas de la zona para las diferentes partes.<br>El horario de apertura es de 9 a 13 h y luego de 16 a 20 h, y me dejaron pasar la noche porque estuve 2 días 👍.<br>Puedo decir con seguridad que es el mejor garaje en el que he estado.<br><br>7 de septiembre de 2023<br>Simplemente perfecto. Vino con un camión Steyr. Se reparó el mecanismo de dirección y la funda de dirección. Problema eléctrico solucionado con el display.<br>Cambio de aceite y filtros. Ayudó a soldar el tubo de escape.<br>Excelente trabajo. Muy amable y servicial. Muchas gracias.<br><br>17 de agosto de 2023<br>Guillermo y su equipo son geniales y nos ayudaron muy rápido con nuestro problema. Venimos de la Ruta 43 y volamos el amortiguador superior de nuestra Sprinter Van. Primero tuvimos que esperar 5 días para conseguir un lugar pero luego Guillermo nos llamó e hizo posible que pudiéramos solucionar nuestro problema al día siguiente. Resultó que no sólo se destruyeron los soportes sino que también se destruyeron nuestros amortiguadores. Recibimos todas las piezas en un día y se reemplazaron todos los amortiguadores. También hicieron una revisión general del auto, para que podamos continuar nuestro viaje. Estamos muy contentos con su servicio y trabajo y podemos recomendar totalmente este lugar.<br><br>9 de junio de 2023  gabcha.familia <br>¡Persona increíble! Despise de gaver el mantenimiento del caro y de cambiar frenos, después de 300kms las luces se encienden, ruido en las llantas y olor de qema. Directo, Guillermo me propongo de venir de salta hasta Tucumán (8 horas ida/vuelta!!!) el día siguiente a las 5 de la mañana!<br><br>Por al final, no un error suyo sino pierda en el ripio!<br><br>¡Qué raro de ser así! Una muy buena persona que recomendamos al 100%!!!<br><br>30 de mayo de 2023  blondinettes-en-voyage.fr <br>¡Por fin un auténtico equipo de profesionales! Espero tener una revisión real en Francia y luego en Chile. Finalmente, aquí es donde realmente se tomaron el tiempo para realizar el mantenimiento de mi vehículo. Este problema es estudiado y resuelto. Hernán, el esposo de Guillermo, me llevó en auto a buscar las piezas necesarias y negoció descuentos para mí. Guillermo me envió videos para mostrarme el progreso y revisó la caravana unos días después.<br><br>¡¡¡El mejor equipo del mundo !!!!<br><br>24 de mayo de 2023<br>Increíble Guillermo. La junta de culata que nos dio se soltó a los 600 km. Nos advirtió que la fabricación local podría ser menos eficiente que una pieza original.<br>Entonces nos ayuda a llevar nuestro J5 a su taller para rehacer una reparación con sellos importados de Francia.. Nos ofrece la obra principal para una semana de trabajo total, viaje en taxi para nosotros y nos acompañará durante 200 km lors de la remise en la ruta de nuestro camión para verificar que toda la marcha sin que el tiempo en nuestro lugar pierda. ruta.<br>increible guillermo!!!<br>Si visitas su casa, no dudes en saludarte cordialmente. Más que un mecánico, es uno más de los amigos de nuestra aventura.<br><br>24 de mayo de 2023  glougloumercedes <br>Excelente taller de reparación de pastillas de frenos y resortes, tienen mucho stock y repuestos. Los precios son muy económicos.<br>Excelente taller de reparación de frenos y ballestas, tienen mucho stock y repuestos los precios son muy económicos.<br><br>12 de mayo de 2023<br>Guillermo travail très bien. Esto le ayudará a muchos pequeños problemas y a rectificar y cambiar las juntas de nuestra clase de J5.<br>Garaje muy limpio, trabajo minucioso y serio. Todo se anuncia con antelación.<br>Posibilidad de dormir una semana en el garaje. De lo contrario, el camping está a 10 minutos a pie con una cabaña a 10.000 pes la noche. Avisar unos días antes de venir, es especialista en autocaravanas.<br>Muy buen servicio postventa<br><br>10 de mayo de 2023 <br>Guillermo y su equipo son<br><br><br><br><br><br><br><br><br><br><br><br><br><br><br><br><br><br><br><br><br><br><br><br><br><br><br><br><br><br><br><br><br><br><br><br><br><br><br><br><br><br><br><br><br><br>]]></description>
        <styleUrl>#icon-1590-0288D1</styleUrl>
<Point>
          <coordinates>
            -65.41638,-24.80637,0
          </coordinates>
        </Point>
      </Placemark>
      <Placemark>
        <name>-24.80820, -65.40737</name>
        <description><![CDATA[<br><br>11 de octubre de 2023<br>Súper especialista en soldadura.<br>Nuestro soporte de aluminio fundido para el amortiguador se rompió y hubo que soldarlo. Peque es el dueño. Hizo un gran trabajo y fue muy amigable. El precio nos pareció justo, equivalente a 13 dólares estadounidenses. Todavía tenía dos tornillos nuestros en su taller. Nos los trajo por la tarde en bicicleta al camping Municipal Xamena.<br><br>En el letrero del taller dice "Guzmán fuga", ver foto del taller.<br><br>También tiene muchos escapes en su taller. Probablemente también pueda ayudar con un escape defectuoso.<br><br>18 de abril de 2023  Se Joga No Mundo <br>Especialista en Soldadura. TIG, MIG, MMA, OFW.<br><br>Soldadura fundición, Bronce, Acero Inoxidable, Cobre.<br><br>AV. Independencia, 656<br><br>@lealsoldaduras<br><br>]]></description>
        <styleUrl>#icon-1590-0288D1</styleUrl>
<Point>
          <coordinates>
            -65.40737,-24.8082,0
          </coordinates>
        </Point>
      </Placemark>
      <Placemark>
        <name>LUBRICENTRO Constitución</name>
        <styleUrl>#icon-1899-DB4436-nodesc</styleUrl>
        <Point>
          <coordinates>
            -65.4025251,-24.7469965,0
          </coordinates>
        </Point>
      </Placemark>
      <Placemark>
        <name>Taller y Lubricentro RG Motos</name>
        <styleUrl>#icon-1590-0288D1-nodesc</styleUrl>
        <Point>
          <coordinates>
            -65.4264837,-24.7910597,0
          </coordinates>
        </Point>
      </Placemark>
      <Placemark>
        <name>LUBRICENTRO LOS ANDES</name>
        <styleUrl>#icon-1899-DB4436-nodesc</styleUrl>
        <Point>
          <coordinates>
            -65.4325749,-24.7996641,0
          </coordinates>
        </Point>
      </Placemark>
      <Placemark>
        <name>Lubricentro Yrigoyen</name>
        <styleUrl>#icon-1899-DB4436-nodesc</styleUrl>
        <Point>
          <coordinates>
            -65.3982973,-24.7993665,0
          </coordinates>
        </Point>
      </Placemark>
      <Placemark>
        <name>Lubricentro Rudy</name>
        <styleUrl>#icon-1899-DB4436-nodesc</styleUrl>
        <Point>
          <coordinates>
            -65.4179915,-24.801874,0
          </coordinates>
        </Point>
      </Placemark>
      <Placemark>
        <name>Lubricentro</name>
        <styleUrl>#icon-1899-DB4436-nodesc</styleUrl>
        <Point>
          <coordinates>
            -65.4153238,-24.8042259,0
          </coordinates>
        </Point>
      </Placemark>
      <Placemark>
        <name>Lubricentro El Tano</name>
        <styleUrl>#icon-1899-DB4436-nodesc</styleUrl>
        <Point>
          <coordinates>
            -65.4103315,-24.8116426,0
          </coordinates>
        </Point>
      </Placemark>
      <Placemark>
        <name>Lubricentro</name>
        <styleUrl>#icon-1899-DB4436-nodesc</styleUrl>
        <Point>
          <coordinates>
            -65.4003173,-24.8139494,0
          </coordinates>
        </Point>
      </Placemark>
      <Placemark>
        <name><![CDATA["EL YUTO" LUBRICENTRO- TALLER - LAVADERO.]]></name>
        <styleUrl>#icon-1899-DB4436-nodesc</styleUrl>
        <Point>
          <coordinates>
            -65.4897722,-24.9673561,0
          </coordinates>
        </Point>
      </Placemark>
      <Placemark>
        <name>Lubricentro Santa Rosa</name>
        <styleUrl>#icon-1899-DB4436-nodesc</styleUrl>
        <Point>
          <coordinates>
            -65.582375,-24.98031,0
          </coordinates>
        </Point>
      </Placemark>
      <Placemark>
        <name>Don Luis Lubricentro y Servicios</name>
        <styleUrl>#icon-1899-DB4436-nodesc</styleUrl>
        <Point>
          <coordinates>
            -63.7549807,-35.6620812,0
          </coordinates>
        </Point>
      </Placemark>
      <Placemark>
        <name>Lubricentro Escorpión</name>
        <styleUrl>#icon-1899-DB4436-nodesc</styleUrl>
        <Point>
          <coordinates>
            -64.2866928,-36.637406,0
          </coordinates>
        </Point>
      </Placemark>
      <Placemark>
        <name>Lubricentro Don Luis</name>
        <styleUrl>#icon-1899-DB4436-nodesc</styleUrl>
        <Point>
          <coordinates>
            -67.7145082,-37.7721462,0
          </coordinates>
        </Point>
      </Placemark>
      <Placemark>
        <name>LUBRICENTRO EL NANO</name>
        <styleUrl>#icon-1899-DB4436-nodesc</styleUrl>
        <Point>
          <coordinates>
            -64.284877,-36.6137831,0
          </coordinates>
        </Point>
      </Placemark>
      <Placemark>
        <name>Lubricentro Edgardo</name>
        <styleUrl>#icon-1899-DB4436-nodesc</styleUrl>
        <Point>
          <coordinates>
            -64.2825317,-36.6432924,0
          </coordinates>
        </Point>
      </Placemark>
      <Placemark>
        <name>Lubricentro Mazzoni</name>
        <styleUrl>#icon-1899-DB4436-nodesc</styleUrl>
        <Point>
          <coordinates>
            -64.286433,-36.6252702,0
          </coordinates>
        </Point>
      </Placemark>
      <Placemark>
        <name>Lubricentro Spinetto</name>
        <styleUrl>#icon-1899-DB4436-nodesc</styleUrl>
        <Point>
          <coordinates>
            -64.2810306,-36.6134552,0
          </coordinates>
        </Point>
      </Placemark>
      <Placemark>
        <name>Lubricentro Rodai</name>
        <styleUrl>#icon-1899-DB4436-nodesc</styleUrl>
        <Point>
          <coordinates>
            -64.2814502,-36.608735,0
          </coordinates>
        </Point>
      </Placemark>
      <Placemark>
        <name>Boxes Lubri-Service</name>
        <styleUrl>#icon-1899-DB4436-nodesc</styleUrl>
        <Point>
          <coordinates>
            -64.2862099,-36.6000614,0
          </coordinates>
        </Point>
      </Placemark>
      <Placemark>
        <name>Lubricentro El Triunfo</name>
        <styleUrl>#icon-1899-DB4436-nodesc</styleUrl>
        <Point>
          <coordinates>
            -64.295561,-36.5913233,0
          </coordinates>
        </Point>
      </Placemark>
      <Placemark>
        <name>Lubricentro Chubut</name>
        <styleUrl>#icon-1899-DB4436-nodesc</styleUrl>
        <Point>
          <coordinates>
            -67.5206568,-45.8672472,0
          </coordinates>
        </Point>
      </Placemark>
      <Placemark>
        <name>Lubricentro Patagonia</name>
        <styleUrl>#icon-1899-DB4436-nodesc</styleUrl>
        <Point>
          <coordinates>
            -67.5184428,-45.869955,0
          </coordinates>
        </Point>
      </Placemark>
      <Placemark>
        <name>Full Stock Lubricentros</name>
        <styleUrl>#icon-1899-DB4436-nodesc</styleUrl>
        <Point>
          <coordinates>
            -67.4971561,-45.8642654,0
          </coordinates>
        </Point>
      </Placemark>
      <Placemark>
        <name>Lubricentro del Golfo</name>
        <styleUrl>#icon-1899-DB4436-nodesc</styleUrl>
        <Point>
          <coordinates>
            -65.0463349,-42.7656239,0
          </coordinates>
        </Point>
      </Placemark>
      <Placemark>
        <name>Lubricentro Km Sur</name>
        <styleUrl>#icon-1899-DB4436-nodesc</styleUrl>
        <Point>
          <coordinates>
            -65.509879,-43.282156,0
          </coordinates>
        </Point>
      </Placemark>
      <Placemark>
        <name>Lubritotal lubricentro y repuestos</name>
        <styleUrl>#icon-1899-DB4436-nodesc</styleUrl>
        <Point>
          <coordinates>
            -65.0857774,-43.2973651,0
          </coordinates>
        </Point>
      </Placemark>
      <Placemark>
        <name><![CDATA[Lubricentro "DARIO"]]></name>
        <styleUrl>#icon-1899-DB4436-nodesc</styleUrl>
        <Point>
          <coordinates>
            -65.3251586,-43.2581693,0
          </coordinates>
        </Point>
      </Placemark>
      <Placemark>
        <name>Ligera Lubricentro</name>
        <styleUrl>#icon-1899-DB4436-nodesc</styleUrl>
        <Point>
          <coordinates>
            -65.3098426,-43.2460202,0
          </coordinates>
        </Point>
      </Placemark>
      <Placemark>
        <name>Lubricentro</name>
        <styleUrl>#icon-1899-DB4436-nodesc</styleUrl>
        <Point>
          <coordinates>
            -65.3149761,-43.2491951,0
          </coordinates>
        </Point>
      </Placemark>
      <Placemark>
        <name>Lubricentro Sol</name>
        <styleUrl>#icon-1899-DB4436-nodesc</styleUrl>
        <Point>
          <coordinates>
            -65.2994003,-43.2325592,0
          </coordinates>
        </Point>
      </Placemark>
      <Placemark>
        <name>GPS Taller - Taller Mecanico Toto Sosa</name>
        <styleUrl>#icon-1590-0288D1-nodesc</styleUrl>
        <Point>
          <coordinates>
            -58.844551,-27.4797181,0
          </coordinates>
        </Point>
      </Placemark>
      <Placemark>
        <name>Taller Mecanico Zeniquel</name>
        <styleUrl>#icon-1590-0288D1-nodesc</styleUrl>
        <Point>
          <coordinates>
            -58.840371,-27.4848086,0
          </coordinates>
        </Point>
      </Placemark>
      <Placemark>
        <name>GPS Taller - Mecanica Integral del Automotor S.P.</name>
        <styleUrl>#icon-1590-0288D1-nodesc</styleUrl>
        <Point>
          <coordinates>
            -58.825295,-27.482882,0
          </coordinates>
        </Point>
      </Placemark>
      <Placemark>
        <name>Taller Mecánico David Pérez</name>
        <styleUrl>#icon-1590-0288D1-nodesc</styleUrl>
        <Point>
          <coordinates>
            -58.8192876,-27.4848613,0
          </coordinates>
        </Point>
      </Placemark>
      <Placemark>
        <name>GPS Taller - Taller Pachi</name>
        <styleUrl>#icon-1590-0288D1-nodesc</styleUrl>
        <Point>
          <coordinates>
            -58.8134173,-27.4731514,0
          </coordinates>
        </Point>
      </Placemark>
      <Placemark>
        <name>Mecánica Armenia S.R.L.</name>
        <styleUrl>#icon-1590-0288D1-nodesc</styleUrl>
        <Point>
          <coordinates>
            -58.8094045,-27.4674334,0
          </coordinates>
        </Point>
      </Placemark>
      <Placemark>
        <name>GPS Taller - Taller Mecanico Los Gigantes</name>
        <styleUrl>#icon-1590-0288D1-nodesc</styleUrl>
        <Point>
          <coordinates>
            -58.7819557,-27.4889753,0
          </coordinates>
        </Point>
      </Placemark>
      <Placemark>
        <name>Taller Mecanico. Hnos Canteros.</name>
        <styleUrl>#icon-1590-0288D1-nodesc</styleUrl>
        <Point>
          <coordinates>
            -58.7747798,-27.4797923,0
          </coordinates>
        </Point>
      </Placemark>
      <Placemark>
        <name>Taller Mecanico Julio</name>
        <styleUrl>#icon-1590-0288D1-nodesc</styleUrl>
        <Point>
          <coordinates>
            -58.7700916,-27.49704,0
          </coordinates>
        </Point>
      </Placemark>
      <Placemark>
        <name>Mecánica TEL KA</name>
        <styleUrl>#icon-1590-0288D1-nodesc</styleUrl>
        <Point>
          <coordinates>
            -70.0697829,-40.0417111,0
          </coordinates>
        </Point>
      </Placemark>
      <Placemark>
        <name>Taller y gomeria LANIN</name>
        <description>Sonier Terapeuta Holística                                        Éste mecánico de es Piedra del Águila - (Pcia del Nquén). Excelente y tiene para medir los autos/camionetas más nuevos que deben corroborar con el scaner.</description>
        <styleUrl>#icon-1590-0288D1</styleUrl>
        <Point>
          <coordinates>
            -70.0722326,-40.0462422,0
          </coordinates>
        </Point>
      </Placemark>
      <Placemark>
        <name>Franco Orejón</name>
        <styleUrl>#icon-1590-0288D1-nodesc</styleUrl>
        <Point>
          <coordinates>
            -60.9669707,-34.5992205,0
          </coordinates>
        </Point>
      </Placemark>
      <Placemark>
        <name>Taller Ridolfi</name>
        <styleUrl>#icon-1590-0288D1-nodesc</styleUrl>
        <Point>
          <coordinates>
            -60.9694475,-34.6075325,0
          </coordinates>
        </Point>
      </Placemark>
      <Placemark>
        <name>Mecanica Balmaceda</name>
        <styleUrl>#icon-1590-0288D1-nodesc</styleUrl>
        <Point>
          <coordinates>
            -60.9636027,-34.6044165,0
          </coordinates>
        </Point>
      </Placemark>
      <Placemark>
        <name>Salinas Mecánica</name>
        <styleUrl>#icon-1590-0288D1-nodesc</styleUrl>
        <Point>
          <coordinates>
            -60.9601736,-34.6011034,0
          </coordinates>
        </Point>
      </Placemark>
      <Placemark>
        <name>Mecanica Giorello</name>
        <styleUrl>#icon-1590-0288D1-nodesc</styleUrl>
        <Point>
          <coordinates>
            -60.9629033,-34.5891019,0
          </coordinates>
        </Point>
      </Placemark>
      <Placemark>
        <name>Mecanica En Gral Y Electricidad de Jorge Lezana</name>
        <styleUrl>#icon-1590-0288D1-nodesc</styleUrl>
        <Point>
          <coordinates>
            -60.9619695,-34.5794958,0
          </coordinates>
        </Point>
      </Placemark>
      <Placemark>
        <name>GPS Taller - Mecánica Nanu</name>
        <styleUrl>#icon-1590-0288D1-nodesc</styleUrl>
        <Point>
          <coordinates>
            -60.9641967,-34.5738323,0
          </coordinates>
        </Point>
      </Placemark>
      <Placemark>
        <name>Taller - Mecanica Integral Zinani</name>
        <styleUrl>#icon-1590-0288D1-nodesc</styleUrl>
        <Point>
          <coordinates>
            -60.9456658,-34.5739319,0
          </coordinates>
        </Point>
      </Placemark>
      <Placemark>
        <name>Taller Mecanico Bueno Raul</name>
        <styleUrl>#icon-1590-0288D1-nodesc</styleUrl>
        <Point>
          <coordinates>
            -60.9542755,-34.5674376,0
          </coordinates>
        </Point>
      </Placemark>
      <Placemark>
        <name>AutoService</name>
        <styleUrl>#icon-1590-0288D1-nodesc</styleUrl>
        <Point>
          <coordinates>
            -71.2875194,-40.1349073,0
          </coordinates>
        </Point>
      </Placemark>
      <Placemark>
        <name>Mecánica Juan</name>
        <styleUrl>#icon-1590-0288D1-nodesc</styleUrl>
        <Point>
          <coordinates>
            -71.2875698,-40.1349652,0
          </coordinates>
        </Point>
      </Placemark>
      <Placemark>
        <name>Taller y Grúas Lácar</name>
        <styleUrl>#icon-1590-0288D1-nodesc</styleUrl>
        <Point>
          <coordinates>
            -71.2883224,-40.1358718,0
          </coordinates>
        </Point>
      </Placemark>
      <Placemark>
        <name>Taller Integral del Sur</name>
        <styleUrl>#icon-1590-0288D1-nodesc</styleUrl>
        <Point>
          <coordinates>
            -71.2919273,-40.1385155,0
          </coordinates>
        </Point>
      </Placemark>
      <Placemark>
        <name>GPS Taller - GL Servicios Mecánicos</name>
        <styleUrl>#icon-1590-0288D1-nodesc</styleUrl>
        <Point>
          <coordinates>
            -71.3069905,-40.1452798,0
          </coordinates>
        </Point>
      </Placemark>
      <Placemark>
        <name>Mecánica Chucho</name>
        <styleUrl>#icon-1590-0288D1-nodesc</styleUrl>
        <Point>
          <coordinates>
            -71.3174626,-40.1496619,0
          </coordinates>
        </Point>
      </Placemark>
      <Placemark>
        <name>Taller Mecanico Newen (Autos Motos)</name>
        <styleUrl>#icon-1590-0288D1-nodesc</styleUrl>
        <Point>
          <coordinates>
            -71.3430317,-40.1507324,0
          </coordinates>
        </Point>
      </Placemark>
      <Placemark>
        <name>GPS Taller - Electromecanica Adrian</name>
        <styleUrl>#icon-1590-0288D1-nodesc</styleUrl>
        <Point>
          <coordinates>
            -71.354261,-40.163851,0
          </coordinates>
        </Point>
      </Placemark>
      <Placemark>
        <name>Mecánica Chucho</name>
        <styleUrl>#icon-1590-0288D1-nodesc</styleUrl>
        <Point>
          <coordinates>
            -71.35,-40.166584,0
          </coordinates>
        </Point>
      </Placemark>
      <Placemark>
        <name>GPS Taller - Taller Di Renzo</name>
        <styleUrl>#icon-1590-0288D1-nodesc</styleUrl>
        <Point>
          <coordinates>
            -68.0476,-38.959301,0
          </coordinates>
        </Point>
      </Placemark>
      <Placemark>
        <name>Servicio mecánico MARTIN</name>
        <styleUrl>#icon-1590-0288D1-nodesc</styleUrl>
        <Point>
          <coordinates>
            -62.6878532,-32.6098349,0
          </coordinates>
        </Point>
      </Placemark>
      <Placemark>
        <name>Ramadori Servicio Mecánico</name>
        <styleUrl>#icon-1590-0288D1-nodesc</styleUrl>
        <Point>
          <coordinates>
            -62.6859619,-32.6165095,0
          </coordinates>
        </Point>
      </Placemark>
      <Placemark>
        <name>Taller mecanico El Gato</name>
        <styleUrl>#icon-1590-0288D1-nodesc</styleUrl>
        <Point>
          <coordinates>
            -62.6885728,-32.6183303,0
          </coordinates>
        </Point>
      </Placemark>
      <Placemark>
        <name>Taller Mecánico Visca</name>
        <styleUrl>#icon-1590-0288D1-nodesc</styleUrl>
        <Point>
          <coordinates>
            -62.6861932,-32.6180818,0
          </coordinates>
        </Point>
      </Placemark>
      <Placemark>
        <name>Taller Mecánico Mora</name>
        <styleUrl>#icon-1590-0288D1-nodesc</styleUrl>
        <Point>
          <coordinates>
            -62.6857787,-32.620186,0
          </coordinates>
        </Point>
      </Placemark>
      <Placemark>
        <name>Mecánica FYB</name>
        <styleUrl>#icon-1590-0288D1-nodesc</styleUrl>
        <Point>
          <coordinates>
            -62.6846023,-32.619837,0
          </coordinates>
        </Point>
      </Placemark>
      <Placemark>
        <name>Taller Mecanico Augusto</name>
        <styleUrl>#icon-1590-0288D1-nodesc</styleUrl>
        <Point>
          <coordinates>
            -62.6856505,-32.6222805,0
          </coordinates>
        </Point>
      </Placemark>
      <Placemark>
        <name>Mecánica Martino</name>
        <styleUrl>#icon-1590-0288D1-nodesc</styleUrl>
        <Point>
          <coordinates>
            -62.6834009,-32.6279106,0
          </coordinates>
        </Point>
      </Placemark>
      <Placemark>
        <name>Taller mecanico de juan valenti</name>
        <description><![CDATA[Cynthia Cordoba<br>Excelente atencion y servicio. Personal altamente capacitado.<br><br>Mariangela Bucci<br>Excelente atención<br><br>Sofia Staubli<br>Excelente atención, muy honesto en el presupuesto y trabajo.<br><br>Rene Reynoso<br>Muy buena atención y buen servicio mecánico <br><br>charoelpirata <br>La mejor atención y el mejor precio!!<br><br>pablo donadonibus<br>Buena atención<br><br>MAURO RON<br>Excelente atención ¡<br><br>Jose Maria Ponce<br>Excelente excelente<br><br>Mariano Romero<br>Seriedad y honestidad!!            ]]></description>
        <styleUrl>#icon-1590-0288D1</styleUrl>
        <Point>
          <coordinates>
            -62.683832,-32.6331147,0
          </coordinates>
        </Point>
      </Placemark>
      <Placemark>
        <name>Taller Mecanico Alex</name>
        <styleUrl>#icon-1590-0288D1-nodesc</styleUrl>
        <Point>
          <coordinates>
            -58.476378,-33.0167724,0
          </coordinates>
        </Point>
      </Placemark>
      <Placemark>
        <name>Taller Mecánico - Santiago Pretto</name>
        <styleUrl>#icon-1590-0288D1-nodesc</styleUrl>
        <Point>
          <coordinates>
            -58.5168313,-33.0169206,0
          </coordinates>
        </Point>
      </Placemark>
      <Placemark>
        <name>Taller Mecanico berni</name>
        <styleUrl>#icon-1590-0288D1-nodesc</styleUrl>
        <Point>
          <coordinates>
            -58.5244475,-33.0233879,0
          </coordinates>
        </Point>
      </Placemark>
      <Placemark>
        <name>Servicio Mecánico Ford-VW</name>
        <styleUrl>#icon-1590-0288D1-nodesc</styleUrl>
        <Point>
          <coordinates>
            -58.5195815,-33.0170248,0
          </coordinates>
        </Point>
      </Placemark>
      <Placemark>
        <name>Taller NBR mecanica</name>
        <styleUrl>#icon-1590-0288D1-nodesc</styleUrl>
        <Point>
          <coordinates>
            -58.5287503,-33.0200735,0
          </coordinates>
        </Point>
      </Placemark>
      <Placemark>
        <name>Taller Mecánico de David Duarte e Hijo</name>
        <styleUrl>#icon-1590-0288D1-nodesc</styleUrl>
        <Point>
          <coordinates>
            -58.5275117,-33.0149959,0
          </coordinates>
        </Point>
      </Placemark>
      <Placemark>
        <name>Taller Mecanico Lubrimec</name>
        <styleUrl>#icon-1590-0288D1-nodesc</styleUrl>
        <Point>
          <coordinates>
            -58.5162215,-33.0061845,0
          </coordinates>
        </Point>
      </Placemark>
      <Placemark>
        <name>TALLER DEL AUTOMOVIL de HUGO Y GUILLERMO LONARDI</name>
        <styleUrl>#icon-1590-0288D1-nodesc</styleUrl>
        <Point>
          <coordinates>
            -58.5219965,-33.0083739,0
          </coordinates>
        </Point>
      </Placemark>
      <Placemark>
        <name>TALLER JACINTO</name>
        <styleUrl>#icon-1590-0288D1-nodesc</styleUrl>
        <Point>
          <coordinates>
            -58.5345868,-33.009123,0
          </coordinates>
        </Point>
      </Placemark>
      <Placemark>
        <name>Taller mecánico sack</name>
        <styleUrl>#icon-1590-0288D1-nodesc</styleUrl>
        <Point>
          <coordinates>
            -58.5378337,-32.9992486,0
          </coordinates>
        </Point>
      </Placemark>
      <Placemark>
        <name>-24.89032, -65.47395</name>
        <description><![CDATA[6 de octubre de 2023 por Jonathan <br>Todo lo eléctrico. Se les ocurrió una solución para nuestra caja fría eléctrica defectuosa y buscan hacer todo lo relacionado con la electricidad. También trabajarán en vehículos de su tienda hasta una camioneta de tamaño mediano.]]></description>
        <styleUrl>#icon-1590-0288D1</styleUrl>
        <Point>
          <coordinates>
            -65.47395,-24.89032,0
          </coordinates>
        </Point>
      </Placemark>
      <Placemark>
        <name>Mecanica Dufau</name>
        <styleUrl>#icon-1590-0288D1-nodesc</styleUrl>
        <Point>
          <coordinates>
            -60.8118211,-37.5533357,0
          </coordinates>
        </Point>
      </Placemark>
      <Placemark>
        <name>Taller mecánico y Lubricentro CarService Laprida</name>
        <styleUrl>#icon-1590-0288D1-nodesc</styleUrl>
        <Point>
          <coordinates>
            -60.7985744,-37.5567009,0
          </coordinates>
        </Point>
      </Placemark>
      <Placemark>
        <name>Taller mecánico</name>
        <styleUrl>#icon-1590-0288D1-nodesc</styleUrl>
        <Point>
          <coordinates>
            -60.7921314,-37.5502796,0
          </coordinates>
        </Point>
      </Placemark>
      <Placemark>
        <name><![CDATA[Taller Mecánico "Automecatronica"]]></name>
        <styleUrl>#icon-1590-0288D1-nodesc</styleUrl>
        <Point>
          <coordinates>
            -60.7892798,-37.549228,0
          </coordinates>
        </Point>
      </Placemark>
      <Placemark>
        <name>Taller COCOLI</name>
        <styleUrl>#icon-1590-0288D1-nodesc</styleUrl>
        <Point>
          <coordinates>
            -60.7973851,-37.5453501,0
          </coordinates>
        </Point>
      </Placemark>
      <Placemark>
        <name>Taller Mecanico Miguel Zarate</name>
        <styleUrl>#icon-1590-0288D1-nodesc</styleUrl>
        <Point>
          <coordinates>
            -60.8078943,-37.5450471,0
          </coordinates>
        </Point>
      </Placemark>
      <Placemark>
        <name>GPS Taller - Taller Mecanico Garcia</name>
        <styleUrl>#icon-1590-0288D1-nodesc</styleUrl>
        <Point>
          <coordinates>
            -60.7981536,-37.5420621,0
          </coordinates>
        </Point>
      </Placemark>
      <Placemark>
        <name>Taller VAS</name>
        <styleUrl>#icon-1590-0288D1-nodesc</styleUrl>
        <Point>
          <coordinates>
            -60.7953219,-37.5429169,0
          </coordinates>
        </Point>
      </Placemark>
      <Placemark>
        <name>Mecánica Beltrán</name>
        <styleUrl>#icon-1590-0288D1-nodesc</styleUrl>
        <Point>
          <coordinates>
            -60.792249,-37.5377855,0
          </coordinates>
        </Point>
      </Placemark>
      <Placemark>
        <name>Taller Mecánico Oscar</name>
        <styleUrl>#icon-1590-0288D1-nodesc</styleUrl>
        <Point>
          <coordinates>
            -60.7930238,-37.5378712,0
          </coordinates>
        </Point>
      </Placemark>
      <Placemark>
        <name>-23.62733, -70.38459</name>
        <description><![CDATA[<br><br>27 de septiembre de 2023 por Ninguno (84524) <br>Un anciano muy informado soldó nuestro tubo de escape que hacía ruido.]]></description>
        <styleUrl>#icon-1590-0288D1</styleUrl>
<Point>
          <coordinates>
            -70.38459,-23.62733,0
          </coordinates>
        </Point>
      </Placemark>
      <Placemark>
        <name>-23.67549, -70.40651</name>
        <description><![CDATA[<br><br>1 de septiembre de 2023 por Brian Bourbouze <br>Excelente servicio técnico de bicicletas, trabajo a la brevedad atendido por ciclistas y bikers de la ciudad.<br>Mecánico: Stefano Serrano +56987736769<br><br>1 de septiembre de 2023 por Brian Bourbouze <br>Excelente servicio técnico de bicicletas, trabajo a la brevedad atendido por ciclistas y bikers de la ciudad.<br>Mecánico: Stefano Serrano +56987736769<br><br>10 de noviembre de 2017 por Ninguno (11439) <br>Este lugar se ha trasladado a Av Croacia 01042 Antofagasta. Teléfono 55 2844264 fb Rana Bike. www.ranabike.cl Muy útil, apreté frenos, apreté bielas y reemplacé una llanta trasera.<br><br>27 de abril de 2017 por Ninguno (6636) <br>Ciclistas: Cobraron 5.000 pesos por limpiar los frenos de disco (delanteros y traseros), además de reparar un eje roto y ajustar los frenos. Buenos muchachos, dieron algunos consejos sobre cómo recorrer en bicicleta el "camino de la muerte" en Bolivia. Hablan algo de inglés.<br><br><br><br>]]></description>
        <styleUrl>#icon-1522-558B2F</styleUrl>
<Point>
          <coordinates>
            -70.40651,-23.67549,0
          </coordinates>
        </Point>
      </Placemark>
      <Placemark>
        <name>-22.90968, -68.19462</name>
        <description><![CDATA[10 de octubre de 2023 por Ezcheese <br>Estuve aquí dos veces para 3 reparaciones de pinchazos diferentes. Las carreteras de aquí, en el desierto, son un infierno para mis neumáticos. Trabajo relativamente rápido y el precio estuvo bien, pero cada vez fue diferente dependiendo del tamaño del parche, creo:<br>10.000 clp, 8.000 clp y 6.000 clp.<br><br>1 de junio de 2023 por anschnallenabfahrt <br>Tienen Liqui Moly - Cosas, pero:<br><br>Entramos y salimos otra vez, porque necesitábamos hablar entre nosotros, qué necesitaríamos exactamente… cuando entramos por segunda vez como 2 minutos después, ¡querían conseguir 22.000 pesos más de 2 minutos antes por lo mismo!<br><br>Después de una discusión más larga, nos dieron el precio "original".<br><br>¡Así que ten cuidado!<br><br>25 de junio de 2021 por sixwheelseast.com <br>Esta parece ser la tienda de repuestos más grande de la ciudad. Si no lo tienen tendrás que ir a Calama. También haz cambios de aceite.]]></description>
        <styleUrl>#icon-1899-DB4436</styleUrl>
        <Point>
          <coordinates>
            -68.19462,-22.90968,0
          </coordinates>
        </Point>
      </Placemark>
      <Placemark>
        <name>-22.91187, -68.18757</name>
        <description><![CDATA[<br><br>10 de octubre de 2023  Ezcheese <br>Hizo todo lo posible para ayudar a reparar una cerradura dañada pero no pudo conseguir las piezas necesarias en San Pedro. Feliz con su trabajo de todos modos.<br><br>8 de abril de 2023 Escapetotheworldblog <br>Félix el mecánico.<br><br>Visité este lugar el 8 de abril de 2023. Simplemente fui a donde está el marcador en Gmaps, como a la izquierda de la carretera principal si vas a salir de la ciudad, donde hay algunos autos estacionados. Preguntado por el mayor Félix.<br><br>Tuvimos una pequeña fuga de diésel y nos vio enseguida y la arregló. Nos cobraron 20k por solo un poco de trabajo, probablemente demasiado, pero como podíamos seguir moviéndonos y era sábado de Pascua, no discutimos 😁<br><br>17 de febrero de 2023<br>Un mecánico muy muy competente para casi todo. ¡Muy recomendable!]]></description>
        <styleUrl>#icon-1590-0288D1</styleUrl>
<Point>
          <coordinates>
            -68.18757,-22.91187,0
          </coordinates>
        </Point>
      </Placemark>
      <Placemark>
        <name>-22.93177, -68.20402</name>
        <description><![CDATA[<br><br>10 de octubre de 2023  Ezcheese <br>Después de visitar otros dos talleres en la ciudad para intentar solucionar un problema con nuestra cerradura, estos muchachos fueron los únicos capaces de fabricar la pieza rota.<br><br>22 de diciembre de 2021<br>Vinieron a recogernos porque no encontramos el lugar, hicieron un buen trabajo con un precio razonable.<br><br>]]></description>
        <styleUrl>#icon-1590-0288D1</styleUrl>
<Point>
          <coordinates>
            -68.20402,-22.93177,0
          </coordinates>
        </Point>
      </Placemark>
      <Placemark>
        <name>-22.45341, -68.92907</name>
        <description><![CDATA[<br><br>22 de agosto de 2023  the.redexplorer<br>¡Recomendación! Nos quedamos varados en San Pedro porque perdimos el aceite de la transmisión y nadie allí pudo (o quiso) ayudarnos.<br>El contacto con antelación a través de WhatsApp fue fantástico y se organizó un servicio de grúa para la mañana siguiente a un precio súper justo.<br>Buen trabajo. Pagamos 60.000 CLP por aprox. 5 horas de trabajo en el taller y 34.000 CLP por 3 litros de aceite. Todo muy agradable y competente.<br><br>28 de octubre de 2019  Einmalrundum<br>Conocí al propietario Jonathan en una tienda de baterías para automóviles al azar y de inmediato fue súper amable y servicial y nos dio consejos sobre las diferentes marcas.<br>Resultó que en el taller no podían instalarlos y se ofreció a seguirlo a su taller donde haría el trabajo gratis ("soy chileno y ayudo a los demás")<br>Dijo que antes había tenido overlanders en su tienda, incluso se quedaron en el taller durante la noche usando baños/duchas (¡estaba muy preocupado por nuestra seguridad en Calama!)<br>También recomendó un taller de alineación y les avisó con anticipación que iríamos.<br><br>6 de diciembre de 2018 Conseguí cambio de aceite y filtro de aire y filtro de aceite nuevos, por un precio razonable 46000 cp. Gente realmente buena, súper tranquila y agradable. Llegamos y en menos de una hora tenían todo listo!!! Puedes contactarlo a través de WhatsApp no sé si hablan inglés +56 9 9042 2653. Totalmente recomendado!!!<br>Abierto de lunes a sábado de 09:30 a 13:30 // 15:30 a 19:00<br><br>Hicimos cambio de aceite y de filtros de aire y aceite. Nos cobró $46000 cp . Muy buena gente super amables ! En menos de una hora Tenían todo listo! Contáctalo mediante WhatsApp +56 9 9042 2653. ¡Súper recomendados!<br><br>Abierto Lun-Sab 09:30 - 13:30 // 15:30 - 19:00<br><br>19 de mayo de 2017 <br>Muy buen sitio para cambio de aceite y servicios de lubricación en general. Buenos precios, baños y duchas por si se requieren. Preguntar por Jonathan]]></description>
        <styleUrl>#icon-1899-DB4436</styleUrl>
<Point>
          <coordinates>
            -68.92907,-22.45341,0
          </coordinates>
        </Point>
      </Placemark>
      <Placemark>
        <name>-22.45226, -68.92635</name>
        <description><![CDATA[24 de agosto de 2023 por raphaelvoeltl <br>Especialista en frenos.<br>Nos hicieron un buen trabajo. Rápido, precio justo y buen trabajo. Muy buenos chicos.]]></description>
        <styleUrl>#icon-1590-0288D1</styleUrl>
        <Point>
          <coordinates>
            -68.92635,-22.45226,0
          </coordinates>
        </Point>
      </Placemark>
      <Placemark>
        <name>-22.47301, -68.92690</name>
        <description><![CDATA[23 de septiembre de 2023  thebrownvanlife <br>Mala tienda. Perdieron dos días, cambiaron dos tornillos y nos quisieron cobrar 90.000. Estafadores.<br><br>27 de diciembre de 2019 ) <br>Este es un lugar especializado en la reparación y fabricación de ballestas de suspensión. También tienen un montón de máquinas para trabajar metales, soldar, montacargas, etc. y pueden arreglar muchas cosas. Fueron muy profesionales y muy conocedores de nuestro problema de suspensión y un día de trabajo costó alrededor de 220,000 pesos. Definitivamente los recomendaría a los talleres cercanos en ioverlander, ya que parecía el taller mejor equipado cuando miramos a nuestro alrededor. Todos los muchachos que trabajaron en nuestro auto también fueron súper amables y serviciales. Hay una muy buena ferretería con un montón de cosas justo al lado.]]></description>
        <styleUrl>#icon-1590-0288D1</styleUrl>
        <Point>
          <coordinates>
            -68.9269,-22.47301,0
          </coordinates>
        </Point>
      </Placemark>
      <Placemark>
        <name><![CDATA[Taller Mecánico "TUL"]]></name>
        <styleUrl>#icon-1590-0288D1-nodesc</styleUrl>
        <Point>
          <coordinates>
            -63.1977778,-17.8519882,0
          </coordinates>
        </Point>
      </Placemark>
      <Placemark>
        <name>Taller Mecanica Don Mario</name>
        <styleUrl>#icon-1590-0288D1-nodesc</styleUrl>
        <Point>
          <coordinates>
            -63.1576262,-17.8478096,0
          </coordinates>
        </Point>
      </Placemark>
      <Placemark>
        <name><![CDATA[Taller Mecánica "Rodríguez"]]></name>
        <styleUrl>#icon-1590-0288D1-nodesc</styleUrl>
        <Point>
          <coordinates>
            -63.1578999,-17.8331821,0
          </coordinates>
        </Point>
      </Placemark>
      <Placemark>
        <name>Taller Mecánico Flores</name>
        <styleUrl>#icon-1590-0288D1-nodesc</styleUrl>
        <Point>
          <coordinates>
            -63.1796363,-17.822303,0
          </coordinates>
        </Point>
      </Placemark>
      <Placemark>
        <name>Taller Mecanico Denso Santa Cruz</name>
        <styleUrl>#icon-1590-0288D1-nodesc</styleUrl>
        <Point>
          <coordinates>
            -63.143702,-17.8126291,0
          </coordinates>
        </Point>
      </Placemark>
      <Placemark>
        <name><![CDATA[Taller Mecánico "EL PARI"]]></name>
        <styleUrl>#icon-1590-0288D1-nodesc</styleUrl>
        <Point>
          <coordinates>
            -63.1963797,-17.8041748,0
          </coordinates>
        </Point>
      </Placemark>
      <Placemark>
        <name>Taller Iwanaga - Mecánica general</name>
        <styleUrl>#icon-1590-0288D1-nodesc</styleUrl>
        <Point>
          <coordinates>
            -63.1550563,-17.7785902,0
          </coordinates>
        </Point>
      </Placemark>
      <Placemark>
        <name><![CDATA[Taller Mecánico R&M]]></name>
        <styleUrl>#icon-1590-0288D1-nodesc</styleUrl>
        <Point>
          <coordinates>
            -63.1279583,-17.772712,0
          </coordinates>
        </Point>
      </Placemark>
      <Placemark>
        <name>Taller mecánico hot wheels</name>
        <styleUrl>#icon-1590-0288D1-nodesc</styleUrl>
        <Point>
          <coordinates>
            -63.2058894,-17.774445,0
          </coordinates>
        </Point>
      </Placemark>
      <Placemark>
        <name>Taller automotriz Confort Car Taller mecanico</name>
        <styleUrl>#icon-1590-0288D1-nodesc</styleUrl>
        <Point>
          <coordinates>
            -63.160602,-17.744271,0
          </coordinates>
        </Point>
      </Placemark>
      <Placemark>
        <name>Mecanica mca.</name>
        <styleUrl>#icon-1590-0288D1-nodesc</styleUrl>
        <Point>
          <coordinates>
            -68.9310898,-46.5475109,0
          </coordinates>
        </Point>
      </Placemark>
      <Placemark>
        <name>Taller El Indio</name>
        <styleUrl>#icon-1590-0288D1-nodesc</styleUrl>
        <Point>
          <coordinates>
            -68.9271402,-46.5507323,0
          </coordinates>
        </Point>
      </Placemark>
      <Placemark>
        <name>Taller Mecanico JAMG</name>
        <styleUrl>#icon-1590-0288D1-nodesc</styleUrl>
        <Point>
          <coordinates>
            -68.9261128,-46.5412742,0
          </coordinates>
        </Point>
      </Placemark>
      <Placemark>
        <name>Taller Mecanico Castañon</name>
        <styleUrl>#icon-1590-0288D1-nodesc</styleUrl>
        <Point>
          <coordinates>
            -68.9298252,-46.5388023,0
          </coordinates>
        </Point>
      </Placemark>
      <Placemark>
        <name>SERVICIO MECÁNICO DEL NORTE</name>
        <styleUrl>#icon-1590-0288D1-nodesc</styleUrl>
        <Point>
          <coordinates>
            -68.9269402,-46.5335769,0
          </coordinates>
        </Point>
      </Placemark>
      <Placemark>
        <name>Taller Mecanico Flota Pesada siem</name>
        <styleUrl>#icon-1590-0288D1-nodesc</styleUrl>
        <Point>
          <coordinates>
            -67.7598424,-49.300715,0
          </coordinates>
        </Point>
      </Placemark>
      <Placemark>
        <name><![CDATA[Taller Mecánico 'Alcides y el Brian"]]></name>
        <styleUrl>#icon-1590-0288D1-nodesc</styleUrl>
        <Point>
          <coordinates>
            -72.3146367,-50.3476244,0
          </coordinates>
        </Point>
      </Placemark>
      <Placemark>
        <name>Taller mecánico</name>
        <styleUrl>#icon-1590-0288D1-nodesc</styleUrl>
        <Point>
          <coordinates>
            -69.1858252,-51.6412597,0
          </coordinates>
        </Point>
      </Placemark>
      <Placemark>
        <name>Taller Mecanico Rafael Benitez</name>
        <styleUrl>#icon-1590-0288D1-nodesc</styleUrl>
        <Point>
          <coordinates>
            -69.2806758,-51.6650276,0
          </coordinates>
        </Point>
      </Placemark>
      <Placemark>
        <name>GPS Taller - Servicio Mecanico Especializado</name>
        <styleUrl>#icon-1590-0288D1-nodesc</styleUrl>
        <Point>
          <coordinates>
            -68.3220408,-54.8078143,0
          </coordinates>
        </Point>
      </Placemark>
      <Placemark>
        <name>Taller Cachilo Mecánica En General</name>
        <styleUrl>#icon-1590-0288D1-nodesc</styleUrl>
        <Point>
          <coordinates>
            -68.3427705,-54.8212692,0
          </coordinates>
        </Point>
      </Placemark>
      <Placemark>
        <name>Servicios Sureños</name>
        <styleUrl>#icon-1590-0288D1-nodesc</styleUrl>
        <Point>
          <coordinates>
            -68.3318667,-54.818078,0
          </coordinates>
        </Point>
      </Placemark>
      <Placemark>
        <name>Taller mecánico</name>
        <styleUrl>#icon-1590-0288D1-nodesc</styleUrl>
        <Point>
          <coordinates>
            -68.2453874,-54.7949295,0
          </coordinates>
        </Point>
      </Placemark>
      <Placemark>
        <name>Autotécnica Servicios</name>
        <styleUrl>#icon-1590-0288D1-nodesc</styleUrl>
        <Point>
          <coordinates>
            -68.2308736,-54.7941968,0
          </coordinates>
        </Point>
      </Placemark>
      <Placemark>
        <name>Taller Mendoza</name>
        <styleUrl>#icon-1590-0288D1-nodesc</styleUrl>
        <Point>
          <coordinates>
            -67.7236105,-53.785568,0
          </coordinates>
        </Point>
      </Placemark>
      <Placemark>
        <name>Mecanica La Biela</name>
        <styleUrl>#icon-1590-0288D1-nodesc</styleUrl>
        <Point>
          <coordinates>
            -67.6667408,-53.8046344,0
          </coordinates>
        </Point>
      </Placemark>
      <Placemark>
        <name>Mecanica Saenz e Hijos</name>
        <styleUrl>#icon-1590-0288D1-nodesc</styleUrl>
        <Point>
          <coordinates>
            -67.6891103,-53.7972875,0
          </coordinates>
        </Point>
      </Placemark>
      <Placemark>
        <name>GPS Taller - Mecanica Integral Oski</name>
        <styleUrl>#icon-1590-0288D1-nodesc</styleUrl>
        <Point>
          <coordinates>
            -67.7262046,-53.7841354,0
          </coordinates>
        </Point>
      </Placemark>
      <Placemark>
        <name>Taller barry</name>
        <styleUrl>#icon-1590-0288D1-nodesc</styleUrl>
        <Point>
          <coordinates>
            -67.6978922,-53.792325,0
          </coordinates>
        </Point>
      </Placemark>
      <Placemark>
        <name>Mecánico Stihl Emanuel</name>
        <styleUrl>#icon-1590-0288D1-nodesc</styleUrl>
        <Point>
          <coordinates>
            -71.6334058,-46.5792144,0
          </coordinates>
        </Point>
      </Placemark>
      <Placemark>
        <name>Tienda del Automotor Antidoto</name>
        <styleUrl>#icon-1590-0288D1-nodesc</styleUrl>
        <Point>
          <coordinates>
            -71.6313377,-46.5489452,0
          </coordinates>
        </Point>
      </Placemark>
      <Placemark>
        <name>Blasting Garage</name>
        <styleUrl>#icon-1590-0288D1-nodesc</styleUrl>
        <Point>
          <coordinates>
            -71.6334791,-46.5481485,0
          </coordinates>
        </Point>
      </Placemark>
      <Placemark>
        <name><![CDATA[TALLER INTEGRAL Y GOMERÍA "FLORES TRONCOSO"]]></name>
        <styleUrl>#icon-1590-0288D1-nodesc</styleUrl>
        <Point>
          <coordinates>
            -71.6290893,-46.5433353,0
          </coordinates>
        </Point>
      </Placemark>
      <Placemark>
        <name>Rocket</name>
        <styleUrl>#icon-1590-0288D1-nodesc</styleUrl>
        <Point>
          <coordinates>
            -71.6357716,-46.5398069,0
          </coordinates>
        </Point>
      </Placemark>
      <Placemark>
        <name>Taller mecanico joan</name>
        <styleUrl>#icon-1590-0288D1-nodesc</styleUrl>
        <Point>
          <coordinates>
            -71.3114271,-41.1630668,0
          </coordinates>
        </Point>
      </Placemark>
      <Placemark>
        <name>Cobos Servicio Mecánico</name>
        <styleUrl>#icon-1590-0288D1-nodesc</styleUrl>
        <Point>
          <coordinates>
            -71.2976124,-41.147458,0
          </coordinates>
        </Point>
      </Placemark>
      <Placemark>
        <name>Mecánica Gatica</name>
        <description><![CDATA[<br><br>15 de octubre de 2024 por risingvolleyball40 <br>Fuimos a este taller con Alejo para un cambio de aceite y filtro de aceite. Como el filtro de aceite para nuestra autocaravana es difícil de conseguir en Argentina, manejé con Alejo por toda la ciudad hasta que encontró un taller que tuviera el filtro. Sin su ayuda, probablemente no hubiéramos conseguido el filtro. También nos ayudó a encontrar la falla en la señal del ABS y a eliminar el ruido de la rueda. Alejo hizo un gran trabajo, fue muy servicial y se comunicó muy bien. Muy recomendable.<br><br>1 de octubre de 2024 de Adriel Luis | @adrielviajou <br>Necesitaba ayuda urgente una noche de domingo lluviosa, donde la rueda de mi camión se cayó (mientras estaba en movimiento). Le envié un mensaje a Carlos y me ayudó a los pocos minutos.<br><br>La reparación tomó un tiempo debido a la gran demanda de trabajo que tienen, pero al final funcionó. Muy recomendable<br><br>20 de diciembre de 2023 por michiel <br>Alejó le hizo el servicio de aceite a nuestra autocaravana y algunos trabajos más que realmente necesitaban hacerse. Su hijo ha construido dos apartamentos justo detrás del garaje donde pudimos quedarnos por solo 35.000 pesos, lo cual es un precio muy bueno considerando que Milei acaba de reducir el peso a la mitad. Alejó hizo un muy buen trabajo y no tengo muchos precios con los que comparar, pero creo que lo que cobró es muy justo. Hizo que pudiéramos continuar nuestro viaje nuevamente y estoy muy agradecida por eso. ¡Muchas, muchas gracias Alejó de parte mía y de Mariska!<br><br>21 de noviembre de 2023 por PassiveSock32 <br>Mecánico muy amable que nos cambió el aceite y el filtro de aceite. Todo fue transparente y claro. Recomiendo acudir a ellos.<br><br>11 de abril de 2023 por Checo el Mundo <br>Mecánicos amables. Arreglaron la bomba de agua y cambiaron el filtro de aceite de nuestra camioneta Toyota del año 1986. Incluso nos permitieron dormir en nuestro auto en su garaje, usar el wifi y el baño. Muy recomendable.<br><br>]]></description>
        <styleUrl>#icon-1590-0288D1</styleUrl>
<Point>
          <coordinates>
            -71.2972881,-41.1458407,0
          </coordinates>
        </Point>
      </Placemark>
      <Placemark>
        <name>Taller Mecánico Eduardo y Lubricentro</name>
        <styleUrl>#icon-1590-0288D1-nodesc</styleUrl>
        <Point>
          <coordinates>
            -71.2921896,-41.1450363,0
          </coordinates>
        </Point>
      </Placemark>
      <Placemark>
        <name>Taller los Radales</name>
        <styleUrl>#icon-1590-0288D1-nodesc</styleUrl>
        <Point>
          <coordinates>
            -71.2857727,-41.1429727,0
          </coordinates>
        </Point>
      </Placemark>
      <Placemark>
        <name>JS Servicio Técnico del Automotor</name>
        <styleUrl>#icon-1590-0288D1-nodesc</styleUrl>
        <Point>
          <coordinates>
            -71.2955958,-41.136569,0
          </coordinates>
        </Point>
      </Placemark>
      <Placemark>
        <name>Taller Mecánico Toto</name>
        <styleUrl>#icon-1590-0288D1-nodesc</styleUrl>
        <Point>
          <coordinates>
            -71.2829054,-41.1349465,0
          </coordinates>
        </Point>
      </Placemark>
      <Placemark>
        <name>Taller Mecánico Ronilu</name>
        <styleUrl>#icon-1590-0288D1-nodesc</styleUrl>
        <Point>
          <coordinates>
            -71.2605142,-41.1341854,0
          </coordinates>
        </Point>
      </Placemark>
      <Placemark>
        <name>Taller Mecánico Quique</name>
        <styleUrl>#icon-1590-0288D1-nodesc</styleUrl>
        <Point>
          <coordinates>
            -71.2946703,-41.1339674,0
          </coordinates>
        </Point>
      </Placemark>
      <Placemark>
        <name>Taller Mecánico Carlos Duprat</name>
        <styleUrl>#icon-1590-0288D1-nodesc</styleUrl>
        <Point>
          <coordinates>
            -71.2861651,-41.1321434,0
          </coordinates>
        </Point>
      </Placemark>
      <Placemark>
        <name>BKU (Bikeusers)</name>
        <styleUrl>#icon-1522-558B2F-nodesc</styleUrl>
        <Point>
          <coordinates>
            -58.8687236,-34.4494028,0
          </coordinates>
        </Point>
      </Placemark>
      <Placemark>
        <name>Urquiza Bikes Bicicletería</name>
        <styleUrl>#icon-1522-558B2F-nodesc</styleUrl>
        <Point>
          <coordinates>
            -58.4898445,-34.5745643,0
          </coordinates>
        </Point>
      </Placemark>
      <Placemark>
        <name>Runner Bike</name>
        <styleUrl>#icon-1522-558B2F-nodesc</styleUrl>
        <Point>
          <coordinates>
            -58.4462428,-34.571234,0
          </coordinates>
        </Point>
      </Placemark>
      <Placemark>
        <name>Probikes Bicicletería</name>
        <styleUrl>#icon-1522-558B2F-nodesc</styleUrl>
        <Point>
          <coordinates>
            -58.4654485,-34.6160278,0
          </coordinates>
        </Point>
      </Placemark>
      <Placemark>
        <name>Forever Bikes Argentina bicicletería / bicicleterías</name>
        <styleUrl>#icon-1522-558B2F-nodesc</styleUrl>
        <Point>
          <coordinates>
            -58.440798,-34.5887617,0
          </coordinates>
        </Point>
      </Placemark>
      <Placemark>
        <name>Rodados La Esquina</name>
        <styleUrl>#icon-1522-558B2F-nodesc</styleUrl>
        <Point>
          <coordinates>
            -58.4402456,-34.6086755,0
          </coordinates>
        </Point>
      </Placemark>
      <Placemark>
        <name>Bicicletas Aráoz</name>
        <styleUrl>#icon-1522-558B2F-nodesc</styleUrl>
        <Point>
          <coordinates>
            -58.4256807,-34.5923765,0
          </coordinates>
        </Point>
      </Placemark>
      <Placemark>
        <name>Sin Límite Bicicleteria Almagro</name>
        <styleUrl>#icon-1522-558B2F-nodesc</styleUrl>
        <Point>
          <coordinates>
            -58.4216076,-34.6077979,0
          </coordinates>
        </Point>
      </Placemark>
      <Placemark>
        <name>Menzo Bike bicicletería / bicicleterías</name>
        <styleUrl>#icon-1522-558B2F-nodesc</styleUrl>
        <Point>
          <coordinates>
            -58.3982618,-34.6120116,0
          </coordinates>
        </Point>
      </Placemark>
      <Placemark>
        <name>Bicicletería El Colo</name>
        <styleUrl>#icon-1522-558B2F-nodesc</styleUrl>
        <Point>
          <coordinates>
            -58.3772964,-34.608274,0
          </coordinates>
        </Point>
      </Placemark>
      <Placemark>
        <name>TALLER EL ALEMAN</name>
        <styleUrl>#icon-1590-0288D1-nodesc</styleUrl>
        <Point>
          <coordinates>
            -60.2329257,-33.3256524,0
          </coordinates>
        </Point>
      </Placemark>
      <Placemark>
        <name>Grandoli Taller Mecanico</name>
        <styleUrl>#icon-1590-0288D1-nodesc</styleUrl>
        <Point>
          <coordinates>
            -60.2315301,-33.3246654,0
          </coordinates>
        </Point>
      </Placemark>
      <Placemark>
        <name>GPS Taller - Mecanica Integral Cisco</name>
        <styleUrl>#icon-1590-0288D1-nodesc</styleUrl>
        <Point>
          <coordinates>
            -60.2333978,-33.3384349,0
          </coordinates>
        </Point>
      </Placemark>
      <Placemark>
        <name>GPS Taller – Hector Jose Martorano</name>
        <styleUrl>#icon-1590-0288D1-nodesc</styleUrl>
        <Point>
          <coordinates>
            -60.231954,-33.3398484,0
          </coordinates>
        </Point>
      </Placemark>
      <Placemark>
        <name>mecanica y gnc buratti srl</name>
        <styleUrl>#icon-1590-0288D1-nodesc</styleUrl>
        <Point>
          <coordinates>
            -60.2241617,-33.3448605,0
          </coordinates>
        </Point>
      </Placemark>
      <Placemark>
        <name>Mecánica Puccio</name>
        <styleUrl>#icon-1590-0288D1-nodesc</styleUrl>
        <Point>
          <coordinates>
            -60.2188286,-33.3436145,0
          </coordinates>
        </Point>
      </Placemark>
      <Placemark>
        <name>Taller Mecánico DLA</name>
        <styleUrl>#icon-1590-0288D1-nodesc</styleUrl>
        <Point>
          <coordinates>
            -60.2170763,-33.3424246,0
          </coordinates>
        </Point>
      </Placemark>
      <Placemark>
        <name>Taller Mecánico Hector Klauss</name>
        <styleUrl>#icon-1590-0288D1-nodesc</styleUrl>
        <Point>
          <coordinates>
            -60.2124631,-33.343164,0
          </coordinates>
        </Point>
      </Placemark>
      <Placemark>
        <name>GPS Taller - Taller Picco Hnos.</name>
        <styleUrl>#icon-1590-0288D1-nodesc</styleUrl>
        <Point>
          <coordinates>
            -60.2034132,-33.3380977,0
          </coordinates>
        </Point>
      </Placemark>
      <Placemark>
        <name>Taller Mecanico PaTrucha</name>
        <styleUrl>#icon-1590-0288D1-nodesc</styleUrl>
        <Point>
          <coordinates>
            -60.1938887,-33.3554572,0
          </coordinates>
        </Point>
      </Placemark>
      <Placemark>
        <name>Mecánica a domicilio.</name>
        <styleUrl>#icon-1590-0288D1-nodesc</styleUrl>
        <Point>
          <coordinates>
            -60.6529702,-32.9699953,0
          </coordinates>
        </Point>
      </Placemark>
      <Placemark>
        <name>GPS Taller - Polacar Mecanica Integral</name>
        <styleUrl>#icon-1590-0288D1-nodesc</styleUrl>
        <Point>
          <coordinates>
            -60.6722011,-32.9662094,0
          </coordinates>
        </Point>
      </Placemark>
      <Placemark>
        <name>Mecánica Neder</name>
        <styleUrl>#icon-1590-0288D1-nodesc</styleUrl>
        <Point>
          <coordinates>
            -60.6524697,-32.9600962,0
          </coordinates>
        </Point>
      </Placemark>
      <Placemark>
        <name>ARSE - SERVICIOS MULTIMARCA - MECANICA INTEGRAL DEL AUTOMOTOR - CHAPA Y PINTURA</name>
        <styleUrl>#icon-1590-0288D1-nodesc</styleUrl>
        <Point>
          <coordinates>
            -60.685813,-32.957858,0
          </coordinates>
        </Point>
      </Placemark>
      <Placemark>
        <name>Taller Mecánico Juan Carlos Llop</name>
        <styleUrl>#icon-1590-0288D1-nodesc</styleUrl>
        <Point>
          <coordinates>
            -60.670552,-32.955304,0
          </coordinates>
        </Point>
      </Placemark>
      <Placemark>
        <name>Taller Mecánico Bolognesi</name>
        <styleUrl>#icon-1590-0288D1-nodesc</styleUrl>
        <Point>
          <coordinates>
            -60.6736322,-32.9551657,0
          </coordinates>
        </Point>
      </Placemark>
      <Placemark>
        <name>Taller ruggeri</name>
        <styleUrl>#icon-1590-0288D1-nodesc</styleUrl>
        <Point>
          <coordinates>
            -60.6667413,-32.9503921,0
          </coordinates>
        </Point>
      </Placemark>
      <Placemark>
        <name>Taller pueyrredon</name>
        <styleUrl>#icon-1590-0288D1-nodesc</styleUrl>
        <Point>
          <coordinates>
            -60.6601315,-32.9463103,0
          </coordinates>
        </Point>
      </Placemark>
      <Placemark>
        <name>Taller Hernández</name>
        <styleUrl>#icon-1590-0288D1-nodesc</styleUrl>
        <Point>
          <coordinates>
            -60.6888863,-32.9251438,0
          </coordinates>
        </Point>
      </Placemark>
      <Placemark>
        <name>Travagliante Servicio Mecanico</name>
        <styleUrl>#icon-1590-0288D1-nodesc</styleUrl>
        <Point>
          <coordinates>
            -60.6757418,-32.9233179,0
          </coordinates>
        </Point>
      </Placemark>
      <Placemark>
        <name>Taller mecánico</name>
        <description><![CDATA[29 de septiembre de 2023  rumosereno <br>¡Gran trabajo! Gaspar es un profesional maravilloso y una persona realmente cálida. Lo mejor para nuestra kombi 2007, ¡estamos muy agradecidos!<br><br>8 de noviembre de 2022 <br>Vine aquí necesitando que alguien solucionara un problema con los engranajes de mi Kombi. Esperaba esperar al menos una semana mientras trabajaban en ello. En cambio, Gaspar hizo arreglar todo al día siguiente. También revisaron mis pastillas de freno y me dijeron que necesito limpiar mis líneas de agua e inyectores. El servicio fue rápido, profesional y justo.<br><br>19 de abril de 2022  nico.gra.phy <br>El taller ahora se llama Big Boy Car Service y es MUY BUENO ! El jefe Gaspar es muy competente, muy amable. Resolvió un problema mayor y muchos problemas menores en poco tiempo, y nos dio otros consejos muy útiles para evitar más reparaciones costosas. Nos dejamos estacionar frente a su taller en el pasto, y también en su patio con total seguridad.<br>Otros talleres visitados no eran tan competentes como este...<br><br>14 de abril de 2019 <br>Ricardo, el propietario, es la combinación perfecta entre una persona de buen corazón y un profesional.<br>Él es mecánico de automóviles y tuve un problema con mi moto BMW. nadie en el bolson pudo ayudarme, pero Ricardo es un fanático de las bicicletas, así que llamó por teléfono a las siguientes ciudades para pedir lo que necesitaba, me llevó a su casa después de su trabajo y me ayudó durante 2 horas y media con el pedido. para arreglar mi bicicleta! Vio que estaba desesperado por haber ayudado y le gustó mi historia, así que simplemente me mostró su gran corazón, me abrió su casa e incluso me invitó a tomar una cerveza. Profesionalmente, solo ve y mira cómo trabaja limpio y organizado, te juro que no he visto ningún mecánico así en América y he estado en algunos, él sabía exactamente lo que estaba haciendo aunque es mecánico de automóviles.<br>Instrucciones:<br>calle French 547, está muy cerca de la gasolinera Puma (puedes pedir instrucciones allí porque todos la conocen), por lo que debes dar la vuelta o entrar 50 metros en direcciones equivocadas. Luego verás una llanta grande en la acera con "lleno lleno" escrito, entra y verás la leyenda de Ricardo. si lo haces saluda a daniel y cuando termines cómprale una cerveza quilmes ;)<br>teléfono/whatsapp: +54-92944564719]]></description>
        <styleUrl>#icon-1590-0288D1</styleUrl>
        <Point>
          <coordinates>
            -72.5543979,-41.2309634,0
          </coordinates>
        </Point>
      </Placemark>
      <Placemark>
        <name>LUBRICENTRO LA BASE</name>
        <styleUrl>#icon-1899-DB4436-nodesc</styleUrl>
        <Point>
          <coordinates>
            -71.057071,-37.867374,0
          </coordinates>
        </Point>
      </Placemark>
      <Placemark>
        <name>Servicio</name>
        <styleUrl>#icon-1590-0288D1-nodesc</styleUrl>
        <Point>
          <coordinates>
            -72.8902615,-49.3264013,0
          </coordinates>
        </Point>
      </Placemark>
      <Placemark>
        <name>Taller Mecanico Tecnigraf</name>
        <styleUrl>#icon-1590-0288D1-nodesc</styleUrl>
        <Point>
          <coordinates>
            -58.2084833,-26.1960148,0
          </coordinates>
        </Point>
      </Placemark>
      <Placemark>
        <name>Taller Ronny</name>
        <styleUrl>#icon-1590-0288D1-nodesc</styleUrl>
        <Point>
          <coordinates>
            -58.2114497,-26.1880804,0
          </coordinates>
        </Point>
      </Placemark>
      <Placemark>
        <name>TALLER MECÁNICO PAKA</name>
        <styleUrl>#icon-1590-0288D1-nodesc</styleUrl>
        <Point>
          <coordinates>
            -58.1683389,-26.1874361,0
          </coordinates>
        </Point>
      </Placemark>
      <Placemark>
        <name>Taller Alfredo</name>
        <styleUrl>#icon-1590-0288D1-nodesc</styleUrl>
        <Point>
          <coordinates>
            -58.2105522,-26.1987683,0
          </coordinates>
        </Point>
      </Placemark>
      <Placemark>
        <name>Taller Mecánico Amarilla</name>
        <styleUrl>#icon-1590-0288D1-nodesc</styleUrl>
        <Point>
          <coordinates>
            -58.1946142,-26.1999965,0
          </coordinates>
        </Point>
      </Placemark>
      <Placemark>
        <name>Taller mecánico los Hermanos</name>
        <styleUrl>#icon-1590-0288D1-nodesc</styleUrl>
        <Point>
          <coordinates>
            -58.1838728,-26.197483,0
          </coordinates>
        </Point>
      </Placemark>
      <Placemark>
        <name>Mecánica González</name>
        <styleUrl>#icon-1590-0288D1-nodesc</styleUrl>
        <Point>
          <coordinates>
            -58.1644242,-26.1854648,0
          </coordinates>
        </Point>
      </Placemark>
      <Placemark>
        <name>Taller Mecanico Nito</name>
        <styleUrl>#icon-1590-0288D1-nodesc</styleUrl>
        <Point>
          <coordinates>
            -58.1836908,-26.1834375,0
          </coordinates>
        </Point>
      </Placemark>
      <Placemark>
        <name>Rodocar - Servicios - Taller Mecanico</name>
        <styleUrl>#icon-1590-0288D1-nodesc</styleUrl>
        <Point>
          <coordinates>
            -58.1723365,-26.1788262,0
          </coordinates>
        </Point>
      </Placemark>
      <Placemark>
        <name>Taller San Miguel</name>
        <styleUrl>#icon-1590-0288D1-nodesc</styleUrl>
        <Point>
          <coordinates>
            -58.1868364,-26.1605171,0
          </coordinates>
        </Point>
      </Placemark>
      <Placemark>
        <name>mecánica las lomitas</name>
        <styleUrl>#icon-1590-0288D1-nodesc</styleUrl>
        <Point>
          <coordinates>
            -60.592456,-24.7031208,0
          </coordinates>
        </Point>
      </Placemark>
      <Placemark>
        <name>Taller Roberto</name>
        <styleUrl>#icon-1590-0288D1-nodesc</styleUrl>
        <Point>
          <coordinates>
            -60.5896422,-24.6952013,0
          </coordinates>
        </Point>
      </Placemark>
      <Placemark>
        <name><![CDATA[Taller Mecánico "Trinidad"]]></name>
        <styleUrl>#icon-1590-0288D1-nodesc</styleUrl>
        <Point>
          <coordinates>
            -60.5998894,-24.6917876,0
          </coordinates>
        </Point>
      </Placemark>
      <Placemark>
        <name>Taller Don Eulogio</name>
        <styleUrl>#icon-1590-0288D1-nodesc</styleUrl>
        <Point>
          <coordinates>
            -60.6072303,-24.6985998,0
          </coordinates>
        </Point>
      </Placemark>
      <Placemark>
        <name>Tecno check Niam</name>
        <styleUrl>#icon-1590-0288D1-nodesc</styleUrl>
        <Point>
          <coordinates>
            -60.5984693,-24.7106845,0
          </coordinates>
        </Point>
      </Placemark>
      <Placemark>
        <name><![CDATA[Taller mecanico "nitro motos"]]></name>
        <styleUrl>#icon-1590-0288D1-nodesc</styleUrl>
        <Point>
          <coordinates>
            -60.5982257,-24.6946767,0
          </coordinates>
        </Point>
      </Placemark>
      <Placemark>
        <name>Taller mecánico</name>
        <styleUrl>#icon-1590-0288D1-nodesc</styleUrl>
        <Point>
          <coordinates>
            -60.597703,-24.6939427,0
          </coordinates>
        </Point>
      </Placemark>
      <Placemark>
        <name>Reparación de aire acondicionado auto matriz</name>
        <styleUrl>#icon-1590-0288D1-nodesc</styleUrl>
        <Point>
          <coordinates>
            -60.5922383,-24.704495,0
          </coordinates>
        </Point>
      </Placemark>
      <Placemark>
        <name>Taller Kelux</name>
        <styleUrl>#icon-1590-0288D1-nodesc</styleUrl>
        <Point>
          <coordinates>
            -60.5900384,-24.7035626,0
          </coordinates>
        </Point>
      </Placemark>
      <Placemark>
        <name>TOYOREP Las Lomitas</name>
        <styleUrl>#icon-1590-0288D1-nodesc</styleUrl>
        <Point>
          <coordinates>
            -60.5899156,-24.7020858,0
          </coordinates>
        </Point>
      </Placemark>
      <Placemark>
        <name>GPS Taller - Taller Mecanico Perez</name>
        <styleUrl>#icon-1590-0288D1-nodesc</styleUrl>
        <Point>
          <coordinates>
            -60.4313892,-26.7786857,0
          </coordinates>
        </Point>
      </Placemark>
      <Placemark>
        <name>MECANICA EN GRAL</name>
        <styleUrl>#icon-1590-0288D1-nodesc</styleUrl>
        <Point>
          <coordinates>
            -62.8847577,-23.4704854,0
          </coordinates>
        </Point>
      </Placemark>
      <Placemark>
        <name>GPS Taller - Taller Mecanico</name>
        <styleUrl>#icon-1590-0288D1-nodesc</styleUrl>
        <Point>
          <coordinates>
            -64.095915,-23.208251,0
          </coordinates>
        </Point>
      </Placemark>
      <Placemark>
        <name><![CDATA[Escaneo y diagnostico"El Rulo"]]></name>
        <styleUrl>#icon-1590-0288D1-nodesc</styleUrl>
        <Point>
          <coordinates>
            -64.8064639,-23.9411273,0
          </coordinates>
        </Point>
      </Placemark>
      <Placemark>
        <name>Taller Mecánico La Cigüeña</name>
        <styleUrl>#icon-1590-0288D1-nodesc</styleUrl>
        <Point>
          <coordinates>
            -65.1046392,-24.6620615,0
          </coordinates>
        </Point>
      </Placemark>
      <Placemark>
        <name>GPS Taller – Mecánica Juancito</name>
        <styleUrl>#icon-1590-0288D1-nodesc</styleUrl>
        <Point>
          <coordinates>
            -65.4090609,-24.7539532,0
          </coordinates>
        </Point>
      </Placemark>
      <Placemark>
        <name>Taller integral del automotor (mecánica)</name>
        <styleUrl>#icon-1590-0288D1-nodesc</styleUrl>
        <Point>
          <coordinates>
            -65.4127147,-24.8005965,0
          </coordinates>
        </Point>
      </Placemark>
      <Placemark>
        <name>Taller Walter Rojas Patiño</name>
        <styleUrl>#icon-1590-0288D1-nodesc</styleUrl>
        <Point>
          <coordinates>
            -65.4308649,-24.8053013,0
          </coordinates>
        </Point>
      </Placemark>
      <Placemark>
        <name>Taller mecánico de Daniel</name>
        <styleUrl>#icon-1590-0288D1-nodesc</styleUrl>
        <Point>
          <coordinates>
            -65.4444681,-24.8515668,0
          </coordinates>
        </Point>
      </Placemark>
      <Placemark>
        <name>Taller Mecanico Integral JB</name>
        <styleUrl>#icon-1590-0288D1-nodesc</styleUrl>
        <Point>
          <coordinates>
            -61.9414457,-29.8836293,0
          </coordinates>
        </Point>
      </Placemark>
      <Placemark>
        <name>Mecanica el Chaga e Hijos</name>
        <styleUrl>#icon-1590-0288D1-nodesc</styleUrl>
        <Point>
          <coordinates>
            -61.9524432,-29.8920691,0
          </coordinates>
        </Point>
      </Placemark>
      <Placemark>
        <name>Taller mecanico y rectificadora CERES</name>
        <styleUrl>#icon-1590-0288D1-nodesc</styleUrl>
        <Point>
          <coordinates>
            -61.949172,-29.8852085,0
          </coordinates>
        </Point>
      </Placemark>
      <Placemark>
        <name>Taller de Chapa Y Pintura Jurny</name>
        <styleUrl>#icon-1590-0288D1-nodesc</styleUrl>
        <Point>
          <coordinates>
            -61.9491851,-29.8828219,0
          </coordinates>
        </Point>
      </Placemark>
      <Placemark>
        <name><![CDATA[Taller "EL CAPORELLI"]]></name>
        <styleUrl>#icon-1590-0288D1-nodesc</styleUrl>
        <Point>
          <coordinates>
            -61.957343,-29.8820238,0
          </coordinates>
        </Point>
      </Placemark>
      <Placemark>
        <name>Servicio Mecanico de Daniel Gual</name>
        <styleUrl>#icon-1590-0288D1-nodesc</styleUrl>
        <Point>
          <coordinates>
            -61.9508203,-29.8795085,0
          </coordinates>
        </Point>
      </Placemark>
      <Placemark>
        <name>GPS Taller - MG Mecanica</name>
        <styleUrl>#icon-1590-0288D1-nodesc</styleUrl>
        <Point>
          <coordinates>
            -61.9410028,-29.8755058,0
          </coordinates>
        </Point>
      </Placemark>
      <Placemark>
        <name>SERVITRAC S.A.</name>
        <styleUrl>#icon-1590-0288D1-nodesc</styleUrl>
        <Point>
          <coordinates>
            -61.9505622,-29.8793965,0
          </coordinates>
        </Point>
      </Placemark>
      <Placemark>
        <name>Mecanica Schmidt</name>
        <styleUrl>#icon-1590-0288D1-nodesc</styleUrl>
        <Point>
          <coordinates>
            -61.9472233,-29.8787654,0
          </coordinates>
        </Point>
      </Placemark>
      <Placemark>
        <name>Centro de Servicios Ceres</name>
        <styleUrl>#icon-1590-0288D1-nodesc</styleUrl>
        <Point>
          <coordinates>
            -61.9459319,-29.8679874,0
          </coordinates>
        </Point>
      </Placemark>
      <Placemark>
        <name>Taller Mecanico el Rody Sh</name>
        <styleUrl>#icon-1590-0288D1-nodesc</styleUrl>
        <Point>
          <coordinates>
            -64.2670513,-27.7978885,0
          </coordinates>
        </Point>
      </Placemark>
      <Placemark>
        <name>Taller Mecánico Los Herrera</name>
        <styleUrl>#icon-1590-0288D1-nodesc</styleUrl>
        <Point>
          <coordinates>
            -64.2612288,-27.8314607,0
          </coordinates>
        </Point>
      </Placemark>
      <Placemark>
        <name>Taller Mecanico Gnc el Aleman</name>
        <styleUrl>#icon-1590-0288D1-nodesc</styleUrl>
        <Point>
          <coordinates>
            -64.2685136,-27.8074585,0
          </coordinates>
        </Point>
      </Placemark>
      <Placemark>
        <name>Taller el Gringo Sh</name>
        <styleUrl>#icon-1590-0288D1-nodesc</styleUrl>
        <Point>
          <coordinates>
            -64.2688109,-27.8070882,0
          </coordinates>
        </Point>
      </Placemark>
      <Placemark>
        <name>Mecánica OLMOS</name>
        <styleUrl>#icon-1590-0288D1-nodesc</styleUrl>
        <Point>
          <coordinates>
            -64.2784678,-27.8032643,0
          </coordinates>
        </Point>
      </Placemark>
      <Placemark>
        <name>Mecanica Chavez</name>
        <styleUrl>#icon-1590-0288D1-nodesc</styleUrl>
        <Point>
          <coordinates>
            -64.2614112,-27.7912257,0
          </coordinates>
        </Point>
      </Placemark>
      <Placemark>
        <name>Taller mecanico Tish</name>
        <styleUrl>#icon-1590-0288D1-nodesc</styleUrl>
        <Point>
          <coordinates>
            -64.2648437,-27.7784907,0
          </coordinates>
        </Point>
      </Placemark>
      <Placemark>
        <name>Taller Mecanico Cejas</name>
        <styleUrl>#icon-1590-0288D1-nodesc</styleUrl>
        <Point>
          <coordinates>
            -64.2677634,-27.7761757,0
          </coordinates>
        </Point>
      </Placemark>
      <Placemark>
        <name>Taller Mecanico Soria</name>
        <styleUrl>#icon-1590-0288D1-nodesc</styleUrl>
        <Point>
          <coordinates>
            -64.2818266,-27.7648215,0
          </coordinates>
        </Point>
      </Placemark>
      <Placemark>
        <name>Taller Mecánico Rodríguez</name>
        <styleUrl>#icon-1590-0288D1-nodesc</styleUrl>
        <Point>
          <coordinates>
            -64.2942275,-27.7526373,0
          </coordinates>
        </Point>
      </Placemark>
      <Placemark>
        <name>GPS Taller - DS Mecatronica Automotriz</name>
        <styleUrl>#icon-1590-0288D1-nodesc</styleUrl>
        <Point>
          <coordinates>
            -64.8502667,-27.5067111,0
          </coordinates>
        </Point>
      </Placemark>
      <Placemark>
        <name>Taller Mecánico lobo</name>
        <styleUrl>#icon-1590-0288D1-nodesc</styleUrl>
        <Point>
          <coordinates>
            -64.8532884,-27.4978644,0
          </coordinates>
        </Point>
      </Placemark>
      <Placemark>
        <name>Taller Mecanico Bastit Racing</name>
        <styleUrl>#icon-1590-0288D1-nodesc</styleUrl>
        <Point>
          <coordinates>
            -64.8662733,-27.5006599,0
          </coordinates>
        </Point>
      </Placemark>
      <Placemark>
        <name>GPS Taller - Taller El Bebe</name>
        <styleUrl>#icon-1590-0288D1-nodesc</styleUrl>
        <Point>
          <coordinates>
            -64.8536,-27.493601,0
          </coordinates>
        </Point>
      </Placemark>
      <Placemark>
        <name>Valentizi mecanica</name>
        <styleUrl>#icon-1590-0288D1-nodesc</styleUrl>
        <Point>
          <coordinates>
            -64.854787,-27.4930292,0
          </coordinates>
        </Point>
      </Placemark>
      <Placemark>
        <name>Taller Mecanico - Auto Check</name>
        <styleUrl>#icon-1590-0288D1-nodesc</styleUrl>
        <Point>
          <coordinates>
            -64.8654998,-27.4896796,0
          </coordinates>
        </Point>
      </Placemark>
      <Placemark>
        <name>Mecánica García</name>
        <styleUrl>#icon-1590-0288D1-nodesc</styleUrl>
        <Point>
          <coordinates>
            -64.8704267,-27.4885106,0
          </coordinates>
        </Point>
      </Placemark>
      <Placemark>
        <name>taller lucho</name>
        <styleUrl>#icon-1590-0288D1-nodesc</styleUrl>
        <Point>
          <coordinates>
            -64.8693984,-27.4907264,0
          </coordinates>
        </Point>
      </Placemark>
      <Placemark>
        <name>Electrisista Autos</name>
        <styleUrl>#icon-1590-0288D1-nodesc</styleUrl>
        <Point>
          <coordinates>
            -64.8678978,-27.4890996,0
          </coordinates>
        </Point>
      </Placemark>
      <Placemark>
        <name>Cancino, mecanica y soldadura grl</name>
        <styleUrl>#icon-1590-0288D1-nodesc</styleUrl>
        <Point>
          <coordinates>
            -65.9787718,-26.0765282,0
          </coordinates>
        </Point>
      </Placemark>
      <Placemark>
        <name>GPS Taller - Servicio Mecanico Cafayate</name>
        <styleUrl>#icon-1590-0288D1-nodesc</styleUrl>
        <Point>
          <coordinates>
            -65.9772013,-26.0759887,0
          </coordinates>
        </Point>
      </Placemark>
      <Placemark>
        <name>BRAZA inyeccion electronica</name>
        <styleUrl>#icon-1590-0288D1-nodesc</styleUrl>
        <Point>
          <coordinates>
            -65.9919651,-26.0726995,0
          </coordinates>
        </Point>
      </Placemark>
      <Placemark>
        <name>GyP Motos</name>
        <styleUrl>#icon-1633-0288D1-nodesc</styleUrl>
        <Point>
          <coordinates>
            -65.9856177,-26.0697463,0
          </coordinates>
        </Point>
      </Placemark>
      <Placemark>
        <name>Taller De Motos Maita</name>
        <styleUrl>#icon-1633-0288D1-nodesc</styleUrl>
        <Point>
          <coordinates>
            -65.9803642,-26.0716827,0
          </coordinates>
        </Point>
      </Placemark>
      <Placemark>
        <name>Taller Hetz - Oreja</name>
        <styleUrl>#icon-1590-0288D1-nodesc</styleUrl>
        <Point>
          <coordinates>
            -65.9778802,-26.0700264,0
          </coordinates>
        </Point>
      </Placemark>
      <Placemark>
        <name>Servicio mecánico Rivero</name>
        <styleUrl>#icon-1590-0288D1-nodesc</styleUrl>
        <Point>
          <coordinates>
            -65.9778219,-26.0696352,0
          </coordinates>
        </Point>
      </Placemark>
      <Placemark>
        <name>TALLER MAMANI Mecanica Integral Y Lubricentro - CAFAYATE</name>
        <styleUrl>#icon-1590-0288D1-nodesc</styleUrl>
        <Point>
          <coordinates>
            -65.973431,-26.0687494,0
          </coordinates>
        </Point>
      </Placemark>
      <Placemark>
        <name>Taller Mecánico LLAMPA, Mecanica Integral y lubricentro</name>
        <styleUrl>#icon-1590-0288D1-nodesc</styleUrl>
        <Point>
          <coordinates>
            -65.9723562,-26.070003,0
          </coordinates>
        </Point>
      </Placemark>
      <Placemark>
        <name>G Race Motos Competición (Taller de motos)</name>
        <styleUrl>#icon-1633-0288D1-nodesc</styleUrl>
        <Point>
          <coordinates>
            -64.218062,-31.426032,0
          </coordinates>
        </Point>
      </Placemark>
      <Placemark>
        <name>Chulo Motos</name>
        <styleUrl>#icon-1633-0288D1-nodesc</styleUrl>
        <Point>
          <coordinates>
            -64.194043,-31.499149,0
          </coordinates>
        </Point>
      </Placemark>
      <Placemark>
        <name>Carrizo Motos Taller de Motos</name>
        <styleUrl>#icon-1633-0288D1-nodesc</styleUrl>
        <Point>
          <coordinates>
            -64.126536,-31.4244418,0
          </coordinates>
        </Point>
      </Placemark>
      <Placemark>
        <name>Taller de Motos</name>
        <styleUrl>#icon-1633-0288D1-nodesc</styleUrl>
        <Point>
          <coordinates>
            -64.1630189,-31.3690759,0
          </coordinates>
        </Point>
      </Placemark>
      <Placemark>
        <name>Mbbiker Taller De Motos</name>
        <styleUrl>#icon-1633-0288D1-nodesc</styleUrl>
        <Point>
          <coordinates>
            -64.2021615,-31.3815471,0
          </coordinates>
        </Point>
      </Placemark>
      <Placemark>
        <name>Super Ruedas Taller de Motos</name>
        <styleUrl>#icon-1633-0288D1-nodesc</styleUrl>
        <Point>
          <coordinates>
            -64.204709,-31.3900812,0
          </coordinates>
        </Point>
      </Placemark>
      <Placemark>
        <name><![CDATA[Taller de motos m&m]]></name>
        <styleUrl>#icon-1633-0288D1-nodesc</styleUrl>
        <Point>
          <coordinates>
            -64.232615,-31.4427659,0
          </coordinates>
        </Point>
      </Placemark>
      <Placemark>
        <name>Motos</name>
        <styleUrl>#icon-1633-0288D1-nodesc</styleUrl>
        <Point>
          <coordinates>
            -64.2514463,-31.4115903,0
          </coordinates>
        </Point>
      </Placemark>
      <Placemark>
        <name><![CDATA[Taller Lucas Motos (Bajaj & Ktm)]]></name>
        <styleUrl>#icon-1633-0288D1-nodesc</styleUrl>
        <Point>
          <coordinates>
            -64.1826065,-31.4455557,0
          </coordinates>
        </Point>
      </Placemark>
      <Placemark>
        <name>Moto Joven</name>
        <styleUrl>#icon-1633-0288D1-nodesc</styleUrl>
        <Point>
          <coordinates>
            -64.1954949,-31.425105,0
          </coordinates>
        </Point>
      </Placemark>
      <Placemark>
        <name>Taller EL REGALÓN</name>
        <styleUrl>#icon-1590-0288D1-nodesc</styleUrl>
        <Point>
          <coordinates>
            -72.3438648,-51.5340344,0
          </coordinates>
        </Point>
      </Placemark>
      <Placemark>
        <name>Repuestos Guillermo</name>
        <styleUrl>#icon-1590-0288D1-nodesc</styleUrl>
        <Point>
          <coordinates>
            -68.524747,-50.0137732,0
          </coordinates>
        </Point>
      </Placemark>
      <Placemark>
        <name>Mecánica CC</name>
        <styleUrl>#icon-1590-0288D1-nodesc</styleUrl>
        <Point>
          <coordinates>
            -67.7295367,-49.2994945,0
          </coordinates>
        </Point>
      </Placemark>
      <Placemark>
        <name>Taller Mecanico y laboratorio Diesel</name>
        <styleUrl>#icon-1590-0288D1-nodesc</styleUrl>
        <Point>
          <coordinates>
            -67.7446332,-49.3090009,0
          </coordinates>
        </Point>
      </Placemark>
      <Placemark>
        <name>taller mecanico A PUNTO.</name>
        <styleUrl>#icon-1590-0288D1-nodesc</styleUrl>
        <Point>
          <coordinates>
            -70.252291,-48.7482929,0
          </coordinates>
        </Point>
      </Placemark>
      <Placemark>
        <name>Taller Mecanico, Soldaduras y Gomeria Ruta 25</name>
        <styleUrl>#icon-1590-0288D1-nodesc</styleUrl>
        <Point>
          <coordinates>
            -70.2377678,-48.7538437,0
          </coordinates>
        </Point>
      </Placemark>
      <Placemark>
        <name>Taller El Choño</name>
        <styleUrl>#icon-1590-0288D1-nodesc</styleUrl>
        <Point>
          <coordinates>
            -70.2447643,-48.7538154,0
          </coordinates>
        </Point>
      </Placemark>
      <Placemark>
        <name>Taller y auxilio de motos mecánica Picky</name>
        <styleUrl>#icon-1633-0288D1-nodesc</styleUrl>
        <Point>
          <coordinates>
            -70.2378618,-48.7529437,0
          </coordinates>
        </Point>
      </Placemark>
      <Placemark>
        <name>Atalaya Repuestos y Taller mecanico</name>
        <styleUrl>#icon-1590-0288D1-nodesc</styleUrl>
        <Point>
          <coordinates>
            -70.2442602,-48.7507796,0
          </coordinates>
        </Point>
      </Placemark>
      <Placemark>
        <name>EURO TALLER ATALAYA</name>
        <styleUrl>#icon-1590-0288D1-nodesc</styleUrl>
        <Point>
          <coordinates>
            -70.2440886,-48.7507469,0
          </coordinates>
        </Point>
      </Placemark>
      <Placemark>
        <name>Taller Lago Cardiel</name>
        <styleUrl>#icon-1590-0288D1-nodesc</styleUrl>
        <Point>
          <coordinates>
            -70.240033,-48.7499048,0
          </coordinates>
        </Point>
      </Placemark>
      <Placemark>
        <name>Servicios generales Garay</name>
        <styleUrl>#icon-1590-0288D1-nodesc</styleUrl>
        <Point>
          <coordinates>
            -70.2591007,-48.7486784,0
          </coordinates>
        </Point>
      </Placemark>
      <Placemark>
        <name>Lubricentro Truncado</name>
        <styleUrl>#icon-1899-DB4436-nodesc</styleUrl>
        <Point>
          <coordinates>
            -65.8932208,-47.7523993,0
          </coordinates>
        </Point>
      </Placemark>
      <Placemark>
        <name>U.L motos</name>
        <styleUrl>#icon-1633-0288D1-nodesc</styleUrl>
        <Point>
          <coordinates>
            -65.8867428,-47.7512273,0
          </coordinates>
        </Point>
      </Placemark>
      <Placemark>
        <name>Gomería y Lubricentro San José</name>
        <styleUrl>#icon-1899-DB4436-nodesc</styleUrl>
        <Point>
          <coordinates>
            -65.8998307,-47.7509787,0
          </coordinates>
        </Point>
      </Placemark>
      <Placemark>
        <name>Alineaciones Rodríguez</name>
        <styleUrl>#icon-1590-0288D1-nodesc</styleUrl>
        <Point>
          <coordinates>
            -65.901425,-47.7508047,0
          </coordinates>
        </Point>
      </Placemark>
      <Placemark>
        <name>Repuestos Leandro</name>
        <styleUrl>#icon-1590-0288D1-nodesc</styleUrl>
        <Point>
          <coordinates>
            -65.8897952,-47.7486117,0
          </coordinates>
        </Point>
      </Placemark>
      <Placemark>
        <name>Mecánica Fueyo</name>
        <styleUrl>#icon-1590-0288D1-nodesc</styleUrl>
        <Point>
          <coordinates>
            -65.8874831,-47.7482568,0
          </coordinates>
        </Point>
      </Placemark>
      <Placemark>
        <name>Catarges carrocerias</name>
        <styleUrl>#icon-1590-0288D1-nodesc</styleUrl>
        <Point>
          <coordinates>
            -65.9002423,-47.7479621,0
          </coordinates>
        </Point>
      </Placemark>
      <Placemark>
        <name>taller integral Salemme</name>
        <description><![CDATA[<br><br>4 de enero de 2025 por beloveddock29 <br>Se nos cayó una válvula del tanque de gasolina en el ripio y la arreglaron rápido y barato. Gente muy agradable y trato amable, volvería allí sin dudarlo.<br><br>22 de febrero de 2020 por martinrocha <br>Un tipo increíble, muy amable y servicial. Tuvimos un problema con una ventana eléctrica. ¡Pudimos solucionarlo! Precio económico<br><br>Beto te ayudará con tu vehículo o caravana. Muy bien precio y atención. muy recomendable]]></description>
        <styleUrl>#icon-1590-0288D1</styleUrl>
<Point>
          <coordinates>
            -65.8945663,-47.7453848,0
          </coordinates>
        </Point>
      </Placemark>
      <Placemark>
        <name>Mecanica Javier</name>
        <styleUrl>#icon-1590-0288D1-nodesc</styleUrl>
        <Point>
          <coordinates>
            -65.8929435,-47.736847,0
          </coordinates>
        </Point>
      </Placemark>
      <Placemark>
        <name>GPS Taller - Servicio Mecanico Crebay</name>
        <styleUrl>#icon-1590-0288D1-nodesc</styleUrl>
        <Point>
          <coordinates>
            -67.5257097,-46.4659262,0
          </coordinates>
        </Point>
      </Placemark>
      <Placemark>
        <name><![CDATA[Taller Mecanico "Las Peques"]]></name>
        <styleUrl>#icon-1590-0288D1-nodesc</styleUrl>
        <Point>
          <coordinates>
            -67.524499,-46.4583583,0
          </coordinates>
        </Point>
      </Placemark>
      <Placemark>
        <name>Mecánica HUMPHREYS</name>
        <styleUrl>#icon-1590-0288D1-nodesc</styleUrl>
        <Point>
          <coordinates>
            -67.5094018,-46.4511096,0
          </coordinates>
        </Point>
      </Placemark>
      <Placemark>
        <name>GPS Taller - Servicios Mecanicos AGUS</name>
        <styleUrl>#icon-1590-0288D1-nodesc</styleUrl>
        <Point>
          <coordinates>
            -67.5256597,-46.4528018,0
          </coordinates>
        </Point>
      </Placemark>
      <Placemark>
        <name>GPS Taller - Taller Mecanico Mach</name>
        <styleUrl>#icon-1590-0288D1-nodesc</styleUrl>
        <Point>
          <coordinates>
            -67.5351303,-46.4433398,0
          </coordinates>
        </Point>
      </Placemark>
      <Placemark>
        <name>GPS Taller - Leiva Marcelo Alejandro</name>
        <styleUrl>#icon-1590-0288D1-nodesc</styleUrl>
        <Point>
          <coordinates>
            -67.5219037,-46.4368951,0
          </coordinates>
        </Point>
      </Placemark>
      <Placemark>
        <name>Taller mecanico ricar2sricardo2s</name>
        <styleUrl>#icon-1590-0288D1-nodesc</styleUrl>
        <Point>
          <coordinates>
            -67.5449561,-46.4527865,0
          </coordinates>
        </Point>
      </Placemark>
      <Placemark>
        <name>Taller Mecanico FLAKO</name>
        <styleUrl>#icon-1590-0288D1-nodesc</styleUrl>
        <Point>
          <coordinates>
            -67.5399356,-46.4463614,0
          </coordinates>
        </Point>
      </Placemark>
      <Placemark>
        <name>Taller mecánico RAM. Mecanica general. Kombis y escarabajos Vw.</name>
        <styleUrl>#icon-1590-0288D1-nodesc</styleUrl>
        <Point>
          <coordinates>
            -67.5351515,-46.4341148,0
          </coordinates>
        </Point>
      </Placemark>
      <Placemark>
        <name>GPS taller - Mecanica Rapida Pujol</name>
        <styleUrl>#icon-1590-0288D1-nodesc</styleUrl>
        <Point>
          <coordinates>
            -69.071032,-45.5847808,0
          </coordinates>
        </Point>
      </Placemark>
      <Placemark>
        <name>MECÁNICA ANDRZEJAK</name>
        <description><![CDATA[<br><br>26 de febrero de 2024 por marion973 <br>Confirmo. Muy profesional, paró todo para mirar la fuga de nuestra furgoneta camper. Nos aseguró que no era nada grave.<br><br>30 de noviembre de 2023 por instagram.com/vwt4karmann <br>Chico muy servicial y confiable. Hicimos cambio de aceite y filtros, cambio de refrigerante y termostático. ¡Recomiendo este lugar!]]></description>
        <styleUrl>#icon-1590-0288D1</styleUrl>
<Point>
          <coordinates>
            -69.0634808,-45.5887511,0
          </coordinates>
        </Point>
      </Placemark>
      <Placemark>
        <name><![CDATA["TALLER ARIEL"]]></name>
        <styleUrl>#icon-1590-0288D1-nodesc</styleUrl>
        <Point>
          <coordinates>
            -69.0739601,-45.5961269,0
          </coordinates>
        </Point>
      </Placemark>
      <Placemark>
        <name>GDG Electricidad del Automovil - Agente Oficial Vigia</name>
        <styleUrl>#icon-1590-0288D1-nodesc</styleUrl>
        <Point>
          <coordinates>
            -69.0693498,-45.5924572,0
          </coordinates>
        </Point>
      </Placemark>
      <Placemark>
        <name><![CDATA[Chapa y Pintura "Locos por los Autos "]]></name>
        <styleUrl>#icon-1590-0288D1-nodesc</styleUrl>
        <Point>
          <coordinates>
            -69.0720095,-45.5918777,0
          </coordinates>
        </Point>
      </Placemark>
      <Placemark>
        <name>Taller De Chapa Y Pintura Los Amigos</name>
        <styleUrl>#icon-1590-0288D1-nodesc</styleUrl>
        <Point>
          <coordinates>
            -69.0713039,-45.5878802,0
          </coordinates>
        </Point>
      </Placemark>
      <Placemark>
        <name>Taller Leo</name>
        <styleUrl>#icon-1590-0288D1-nodesc</styleUrl>
        <Point>
          <coordinates>
            -69.0756649,-45.5872203,0
          </coordinates>
        </Point>
      </Placemark>
      <Placemark>
        <name>Taller Mecanico M-N</name>
        <styleUrl>#icon-1590-0288D1-nodesc</styleUrl>
        <Point>
          <coordinates>
            -69.0718771,-45.5809653,0
          </coordinates>
        </Point>
      </Placemark>
      <Placemark>
        <name>Taller VIVIER</name>
        <styleUrl>#icon-1590-0288D1-nodesc</styleUrl>
        <Point>
          <coordinates>
            -69.0710314,-45.5847819,0
          </coordinates>
        </Point>
      </Placemark>
      <Placemark>
        <name><![CDATA[Taller mecanico "EL BICHY"]]></name>
        <styleUrl>#icon-1590-0288D1-nodesc</styleUrl>
        <Point>
          <coordinates>
            -64.5551748,-31.4825025,0
          </coordinates>
        </Point>
      </Placemark>
      <Placemark>
        <name>GPS Taller - Cerigas Mecánica y GNC</name>
        <styleUrl>#icon-1590-0288D1-nodesc</styleUrl>
        <Point>
          <coordinates>
            -64.5626402,-31.482916,0
          </coordinates>
        </Point>
      </Placemark>
      <Placemark>
        <name>Electromecanica Icho Cruz</name>
        <styleUrl>#icon-1590-0288D1-nodesc</styleUrl>
        <Point>
          <coordinates>
            -64.5643295,-31.4851868,0
          </coordinates>
        </Point>
      </Placemark>
      <Placemark>
        <name>Autobox</name>
        <styleUrl>#icon-1590-0288D1-nodesc</styleUrl>
        <Point>
          <coordinates>
            -64.5629979,-31.4833245,0
          </coordinates>
        </Point>
      </Placemark>
      <Placemark>
        <name><![CDATA[Taller de motos "custon2patadas"]]></name>
        <styleUrl>#icon-1633-0288D1-nodesc</styleUrl>
        <Point>
          <coordinates>
            -58.7110833,-34.5134414,0
          </coordinates>
        </Point>
      </Placemark>
      <Placemark>
        <name>Taller de Motos MotoChic</name>
        <styleUrl>#icon-1633-0288D1-nodesc</styleUrl>
        <Point>
          <coordinates>
            -58.5046047,-34.5113778,0
          </coordinates>
        </Point>
      </Placemark>
      <Placemark>
        <name>Taller motos</name>
        <styleUrl>#icon-1633-0288D1-nodesc</styleUrl>
        <Point>
          <coordinates>
            -58.5010489,-34.5675351,0
          </coordinates>
        </Point>
      </Placemark>
      <Placemark>
        <name>Taller de Moto Wasp Motorcycles</name>
        <styleUrl>#icon-1633-0288D1-nodesc</styleUrl>
        <Point>
          <coordinates>
            -58.4594211,-34.6024989,0
          </coordinates>
        </Point>
      </Placemark>
      <Placemark>
        <name>Moto Samar</name>
        <styleUrl>#icon-1633-0288D1-nodesc</styleUrl>
        <Point>
          <coordinates>
            -58.4134387,-34.5965993,0
          </coordinates>
        </Point>
      </Placemark>
      <Placemark>
        <name>Taller de motos MotoserviciosHP</name>
        <styleUrl>#icon-1633-0288D1-nodesc</styleUrl>
        <Point>
          <coordinates>
            -58.3932129,-34.6125445,0
          </coordinates>
        </Point>
      </Placemark>
      <Placemark>
        <name>Taller y service de motos Inyección UNIVERSAL MOTO</name>
        <styleUrl>#icon-1633-0288D1-nodesc</styleUrl>
        <Point>
          <coordinates>
            -58.3895561,-34.6145818,0
          </coordinates>
        </Point>
      </Placemark>
      <Placemark>
        <name>Mariomotoservice, taller de motos.</name>
        <styleUrl>#icon-1633-0288D1-nodesc</styleUrl>
        <Point>
          <coordinates>
            -58.383446,-34.6098945,0
          </coordinates>
        </Point>
      </Placemark>
      <Placemark>
        <name>Taller de motos y bicimotos manos de dios</name>
        <styleUrl>#icon-1633-0288D1-nodesc</styleUrl>
        <Point>
          <coordinates>
            -58.3910346,-34.6251399,0
          </coordinates>
        </Point>
      </Placemark>
      <Placemark>
        <name>Taller de motos Milton</name>
        <styleUrl>#icon-1633-0288D1-nodesc</styleUrl>
        <Point>
          <coordinates>
            -58.4036935,-34.6288442,0
          </coordinates>
        </Point>
      </Placemark>
      <Placemark>
        <name>Alpataco</name>
        <styleUrl>#icon-1522-558B2F-nodesc</styleUrl>
        <Point>
          <coordinates>
            -65.0257177,-42.7784423,0
          </coordinates>
        </Point>
      </Placemark>
      <Placemark>
        <name>Taller El Ruso</name>
        <styleUrl>#icon-1522-558B2F-nodesc</styleUrl>
        <Point>
          <coordinates>
            -65.3260773,-43.2532488,0
          </coordinates>
        </Point>
      </Placemark>
      <Placemark>
        <name>Kascote bike</name>
        <styleUrl>#icon-1522-558B2F-nodesc</styleUrl>
        <Point>
          <coordinates>
            -65.0908033,-43.2943176,0
          </coordinates>
        </Point>
      </Placemark>
      <Placemark>
        <name>Taller reparacion ,Bicicleta Playa Unión</name>
        <styleUrl>#icon-1522-558B2F-nodesc</styleUrl>
        <Point>
          <coordinates>
            -65.0556466,-43.328955,0
          </coordinates>
        </Point>
      </Placemark>
      <Placemark>
        <name>Taller de bicicletas</name>
        <styleUrl>#icon-1522-558B2F-nodesc</styleUrl>
        <Point>
          <coordinates>
            -65.2988898,-43.270168,0
          </coordinates>
        </Point>
      </Placemark>
      <Placemark>
        <name>Bicicleteria Que Tul</name>
        <styleUrl>#icon-1522-558B2F-nodesc</styleUrl>
        <Point>
          <coordinates>
            -65.3190395,-43.2507542,0
          </coordinates>
        </Point>
      </Placemark>
      <Placemark>
        <name><![CDATA[Bici's]]></name>
        <styleUrl>#icon-1522-558B2F-nodesc</styleUrl>
        <Point>
          <coordinates>
            -65.3070479,-43.2616963,0
          </coordinates>
        </Point>
      </Placemark>
      <Placemark>
        <name>Taller de Bicicletas</name>
        <styleUrl>#icon-1522-558B2F-nodesc</styleUrl>
        <Point>
          <coordinates>
            -64.217825,-31.3432413,0
          </coordinates>
        </Point>
      </Placemark>
      <Placemark>
        <name>Taller Popular de Bicis del Vecindario</name>
        <styleUrl>#icon-1522-558B2F-nodesc</styleUrl>
        <Point>
          <coordinates>
            -64.1814931,-31.4443108,0
          </coordinates>
        </Point>
      </Placemark>
      <Placemark>
        <name>Todo Bici - Taller y Ventas</name>
        <styleUrl>#icon-1522-558B2F-nodesc</styleUrl>
        <Point>
          <coordinates>
            -64.1866178,-31.4442661,0
          </coordinates>
        </Point>
      </Placemark>
      <Placemark>
        <name>Taller Popular de Ciclomecánica en La Luna</name>
        <styleUrl>#icon-1522-558B2F-nodesc</styleUrl>
        <Point>
          <coordinates>
            -64.1946792,-31.4251483,0
          </coordinates>
        </Point>
      </Placemark>
      <Placemark>
        <name>El Especialista en Bicicletas</name>
        <styleUrl>#icon-1522-558B2F-nodesc</styleUrl>
        <Point>
          <coordinates>
            -64.1698782,-31.3723488,0
          </coordinates>
        </Point>
      </Placemark>
      <Placemark>
        <name>CACHI TALLER DE BICICLETAS</name>
        <styleUrl>#icon-1522-558B2F-nodesc</styleUrl>
        <Point>
          <coordinates>
            -64.2165082,-31.375259,0
          </coordinates>
        </Point>
      </Placemark>
      <Placemark>
        <name>BiciTech Service Center</name>
        <styleUrl>#icon-1522-558B2F-nodesc</styleUrl>
        <Point>
          <coordinates>
            -64.1825295,-31.3994293,0
          </coordinates>
        </Point>
      </Placemark>
      <Placemark>
        <name>Taller De Bicicletas Brepe</name>
        <styleUrl>#icon-1522-558B2F-nodesc</styleUrl>
        <Point>
          <coordinates>
            -64.2078359,-31.4062408,0
          </coordinates>
        </Point>
      </Placemark>
      <Placemark>
        <name>R28 Taller de Bicicletas</name>
        <styleUrl>#icon-1522-558B2F-nodesc</styleUrl>
        <Point>
          <coordinates>
            -64.2119984,-31.4114851,0
          </coordinates>
        </Point>
      </Placemark>
      <Placemark>
        <name>SRAM Official Service 2 Cumbres</name>
        <styleUrl>#icon-1522-558B2F-nodesc</styleUrl>
        <Point>
          <coordinates>
            -64.2583784,-31.3479393,0
          </coordinates>
        </Point>
      </Placemark>
      <Placemark>
        <name>Centro Bikes</name>
        <styleUrl>#icon-1522-558B2F-nodesc</styleUrl>
        <Point>
          <coordinates>
            -64.4850106,-31.0986673,0
          </coordinates>
        </Point>
      </Placemark>
      <Placemark>
        <name>Jf Bikes</name>
        <styleUrl>#icon-1522-558B2F-nodesc</styleUrl>
        <Point>
          <coordinates>
            -64.4852797,-31.0977295,0
          </coordinates>
        </Point>
      </Placemark>
      <Placemark>
        <name>Martin Garrido + Ciclismo</name>
        <styleUrl>#icon-1522-558B2F-nodesc</styleUrl>
        <Point>
          <coordinates>
            -64.4862589,-31.0967736,0
          </coordinates>
        </Point>
      </Placemark>
      <Placemark>
        <name>Brito Bike Service</name>
        <styleUrl>#icon-1522-558B2F-nodesc</styleUrl>
        <Point>
          <coordinates>
            -64.4862736,-31.0965996,0
          </coordinates>
        </Point>
      </Placemark>
      <Placemark>
        <name>Bicicletería F1Bikes</name>
        <styleUrl>#icon-1522-558B2F-nodesc</styleUrl>
        <Point>
          <coordinates>
            -64.4864937,-31.0926616,0
          </coordinates>
        </Point>
      </Placemark>
      <Placemark>
        <name>CICLOTECNICA Dutto</name>
        <styleUrl>#icon-1522-558B2F-nodesc</styleUrl>
        <Point>
          <coordinates>
            -64.4894279,-31.0879019,0
          </coordinates>
        </Point>
      </Placemark>
      <Placemark>
        <name>Lubricar La Falda - Su lubricentro de confianza</name>
        <styleUrl>#icon-1899-DB4436-nodesc</styleUrl>
        <Point>
          <coordinates>
            -64.4860473,-31.0896432,0
          </coordinates>
        </Point>
      </Placemark>
      <Placemark>
        <name>Lubricentro</name>
        <styleUrl>#icon-1899-DB4436-nodesc</styleUrl>
        <Point>
          <coordinates>
            -64.492412,-31.082138,0
          </coordinates>
        </Point>
      </Placemark>
      <Placemark>
        <name>lubricantes la falda</name>
        <styleUrl>#icon-1899-DB4436-nodesc</styleUrl>
        <Point>
          <coordinates>
            -64.4864942,-31.0969219,0
          </coordinates>
        </Point>
      </Placemark>
      <Placemark>
        <name>Lubricentro Nivel Uno</name>
        <styleUrl>#icon-1899-DB4436-nodesc</styleUrl>
        <Point>
          <coordinates>
            -64.4851281,-31.0985585,0
          </coordinates>
        </Point>
      </Placemark>
      <Placemark>
        <name>Lubricar</name>
        <styleUrl>#icon-1899-DB4436-nodesc</styleUrl>
        <Point>
          <coordinates>
            -64.4820632,-31.1064911,0
          </coordinates>
        </Point>
      </Placemark>
      <Placemark>
        <name><![CDATA[Carly's Bikes]]></name>
        <styleUrl>#icon-1522-558B2F-nodesc</styleUrl>
        <Point>
          <coordinates>
            -54.5852349,-25.6225006,0
          </coordinates>
        </Point>
      </Placemark>
      <Placemark>
        <name>Taller de Bicicletas Profe Parodi</name>
        <styleUrl>#icon-1522-558B2F-nodesc</styleUrl>
        <Point>
          <coordinates>
            -54.6963465,-27.0257759,0
          </coordinates>
        </Point>
      </Placemark>
      <Placemark>
        <name>Bicicletería A. Del Valle</name>
        <styleUrl>#icon-1522-558B2F-nodesc</styleUrl>
        <Point>
          <coordinates>
            -54.8886405,-27.1039698,0
          </coordinates>
        </Point>
      </Placemark>
      <Placemark>
        <name>Bicicleterías en Posadas</name>
        <styleUrl>#icon-1522-558B2F-nodesc</styleUrl>
        <Point>
          <coordinates>
            -55.9237225,-27.4060857,0
          </coordinates>
        </Point>
      </Placemark>
      <Placemark>
        <name>Bicicleteria Zurdel</name>
        <styleUrl>#icon-1522-558B2F-nodesc</styleUrl>
        <Point>
          <coordinates>
            -55.8974759,-27.3954625,0
          </coordinates>
        </Point>
      </Placemark>
      <Placemark>
        <name>Bicicleteria Ganser</name>
        <styleUrl>#icon-1522-558B2F-nodesc</styleUrl>
        <Point>
          <coordinates>
            -55.8946984,-27.3620734,0
          </coordinates>
        </Point>
      </Placemark>
      <Placemark>
        <name>Bicicletas BRAVO</name>
        <styleUrl>#icon-1522-558B2F-nodesc</styleUrl>
        <Point>
          <coordinates>
            -55.8967802,-27.3742361,0
          </coordinates>
        </Point>
      </Placemark>
      <Placemark>
        <name>BICICLETERÍA JEREKOI</name>
        <styleUrl>#icon-1522-558B2F-nodesc</styleUrl>
        <Point>
          <coordinates>
            -55.9090885,-27.3698603,0
          </coordinates>
        </Point>
      </Placemark>
      <Placemark>
        <name>Bicicletería Cichanowski</name>
        <styleUrl>#icon-1522-558B2F-nodesc</styleUrl>
        <Point>
          <coordinates>
            -55.9147335,-27.376093,0
          </coordinates>
        </Point>
      </Placemark>
      <Placemark>
        <name>Bicicleteria</name>
        <styleUrl>#icon-1522-558B2F-nodesc</styleUrl>
        <Point>
          <coordinates>
            -55.92275,-27.3682116,0
          </coordinates>
        </Point>
      </Placemark>
      <Placemark>
        <name>Bicicleteria Del Sol</name>
        <description><![CDATA[<br><br>Servicio para bicicletas, ventas de repuestos y accesorios<br><br>Mario Casales<br>Muy amables, buena atención! Muy completo<br><br>jorge alberto benitez<br>Excelente la atención y muy responsable en sus trabajos,, estoy conforme y lo recomiendo 100%<br><br>Ramiro Silva<br>Son unos Crack en mantenimiento...muy profesionales y responsables en lo que hacen.. súper amables y buena atención...de verdas súper contento con esta bicicleteria atendidos por su mismo dueño....les recomiendo al 100%...<br><br>Carlos Zugasti<br>Muy buena bicicleteria, reparan muy bien, también tiene todo lo referente a pesca y bueno a predios atendido por sus propios dueños flia. Apostolasqui<br><br><br><br><br><br>]]></description>
        <styleUrl>#icon-1522-558B2F</styleUrl>
<Point>
          <coordinates>
            -54.5758375,-25.6032041,0
          </coordinates>
        </Point>
      </Placemark>
      <Placemark>
        <name>Bicicleteria Nene</name>
        <styleUrl>#icon-1522-558B2F-nodesc</styleUrl>
        <Point>
          <coordinates>
            -54.6149511,-26.0197332,0
          </coordinates>
        </Point>
      </Placemark>
      <Placemark>
        <name><![CDATA[Carly's Bikes]]></name>
        <styleUrl>#icon-1522-558B2F-nodesc</styleUrl>
        <Point>
          <coordinates>
            -54.5852349,-25.6225006,0
          </coordinates>
        </Point>
      </Placemark>
      <Placemark>
        <name>Taller de Bicicletas</name>
        <styleUrl>#icon-1522-558B2F-nodesc</styleUrl>
        <Point>
          <coordinates>
            -54.5869919,-26.4246907,0
          </coordinates>
        </Point>
      </Placemark>
      <Placemark>
        <name>Rodados Breit</name>
        <styleUrl>#icon-1522-558B2F-nodesc</styleUrl>
        <Point>
          <coordinates>
            -54.4802011,-26.9964383,0
          </coordinates>
        </Point>
      </Placemark>
      <Placemark>
        <name>Biciclteria RODAR</name>
        <styleUrl>#icon-1522-558B2F-nodesc</styleUrl>
        <Point>
          <coordinates>
            -54.8335702,-27.0856213,0
          </coordinates>
        </Point>
      </Placemark>
      <Placemark>
        <name>Rusty Bike</name>
        <styleUrl>#icon-1522-558B2F-nodesc</styleUrl>
        <Point>
          <coordinates>
            -54.8986684,-27.0900466,0
          </coordinates>
        </Point>
      </Placemark>
      <Placemark>
        <name>Lubricentro Uriel</name>
        <styleUrl>#icon-1899-DB4436-nodesc</styleUrl>
        <Point>
          <coordinates>
            -67.7269261,-53.796451,0
          </coordinates>
        </Point>
      </Placemark>
      <Placemark>
        <name>Lubricentro Baroja</name>
        <styleUrl>#icon-1899-DB4436-nodesc</styleUrl>
        <Point>
          <coordinates>
            -67.6632532,-53.8021118,0
          </coordinates>
        </Point>
      </Placemark>
      <Placemark>
        <name>Lubricentro genesis</name>
        <styleUrl>#icon-1899-DB4436-nodesc</styleUrl>
        <Point>
          <coordinates>
            -67.6728774,-53.8129917,0
          </coordinates>
        </Point>
      </Placemark>
      <Placemark>
        <name>Lubricentro LubriStore Malvinas</name>
        <styleUrl>#icon-1899-DB4436-nodesc</styleUrl>
        <Point>
          <coordinates>
            -67.7298277,-53.7909836,0
          </coordinates>
        </Point>
      </Placemark>
      <Placemark>
        <name>Lubricentro Luis E Hijos</name>
        <styleUrl>#icon-1899-DB4436-nodesc</styleUrl>
        <Point>
          <coordinates>
            -67.7214118,-53.7907541,0
          </coordinates>
        </Point>
      </Placemark>
      <Placemark>
        <name>El Águila 1 Taller, Lubricentro y Gomeria</name>
        <styleUrl>#icon-1899-DB4436-nodesc</styleUrl>
        <Point>
          <coordinates>
            -67.7146291,-53.7868757,0
          </coordinates>
        </Point>
      </Placemark>
      <Placemark>
        <name>Stop - Car serv. Integral del automotor</name>
        <styleUrl>#icon-1899-DB4436-nodesc</styleUrl>
        <Point>
          <coordinates>
            -67.7130269,-53.7865579,0
          </coordinates>
        </Point>
      </Placemark>
      <Placemark>
        <name>Lavadero y Lubricentro Maty</name>
        <styleUrl>#icon-1899-DB4436-nodesc</styleUrl>
        <Point>
          <coordinates>
            -67.7142951,-53.7709558,0
          </coordinates>
        </Point>
      </Placemark>
      <Placemark>
        <name>El Águila 1 Taller, Lubricentro y Gomeria</name>
        <styleUrl>#icon-1899-DB4436-nodesc</styleUrl>
        <Point>
          <coordinates>
            -67.1927445,-54.5073525,0
          </coordinates>
        </Point>
      </Placemark>
      <Placemark>
        <name>El Águila 1 Taller, Lubricentro y Gomeria</name>
        <styleUrl>#icon-1899-DB4436-nodesc</styleUrl>
        <Point>
          <coordinates>
            -68.272502,-54.7968216,0
          </coordinates>
        </Point>
      </Placemark>
      <Placemark>
        <name><![CDATA["La Bici" - Bicicletería]]></name>
        <styleUrl>#icon-1522-558B2F-nodesc</styleUrl>
        <Point>
          <coordinates>
            -68.5522878,-31.537686,0
          </coordinates>
        </Point>
      </Placemark>
      <Placemark>
        <name>Bicicleteria Olivera E Hijos</name>
        <styleUrl>#icon-1522-558B2F-nodesc</styleUrl>
        <Point>
          <coordinates>
            -68.5028503,-31.512494,0
          </coordinates>
        </Point>
      </Placemark>
      <Placemark>
        <name>Bicicletería Rodríguez</name>
        <styleUrl>#icon-1522-558B2F-nodesc</styleUrl>
        <Point>
          <coordinates>
            -68.5028494,-31.521118,0
          </coordinates>
        </Point>
      </Placemark>
      <Placemark>
        <name>Mecánica MTB</name>
        <styleUrl>#icon-1522-558B2F-nodesc</styleUrl>
        <Point>
          <coordinates>
            -68.5058958,-31.5229558,0
          </coordinates>
        </Point>
      </Placemark>
      <Placemark>
        <name>Taller de Bicicletas</name>
        <styleUrl>#icon-1522-558B2F-nodesc</styleUrl>
        <Point>
          <coordinates>
            -68.5272299,-31.5185356,0
          </coordinates>
        </Point>
      </Placemark>
      <Placemark>
        <name>Cicles victor</name>
        <styleUrl>#icon-1522-558B2F-nodesc</styleUrl>
        <Point>
          <coordinates>
            -68.5721362,-31.5175258,0
          </coordinates>
        </Point>
      </Placemark>
      <Placemark>
        <name>PIT-IN CYCLES</name>
        <styleUrl>#icon-1522-558B2F-nodesc</styleUrl>
        <Point>
          <coordinates>
            -68.5673671,-31.5309789,0
          </coordinates>
        </Point>
      </Placemark>
      <Placemark>
        <name>Bici Mania</name>
        <styleUrl>#icon-1522-558B2F-nodesc</styleUrl>
        <Point>
          <coordinates>
            -68.571672,-31.5386807,0
          </coordinates>
        </Point>
      </Placemark>
      <Placemark>
        <name>G-BIKE SAN JUAN</name>
        <styleUrl>#icon-1522-558B2F-nodesc</styleUrl>
        <Point>
          <coordinates>
            -68.5311787,-31.5449802,0
          </coordinates>
        </Point>
      </Placemark>
      <Placemark>
        <name>Reparaciones de rosca de pedal de bicicletas</name>
        <styleUrl>#icon-1522-558B2F-nodesc</styleUrl>
        <Point>
          <coordinates>
            -68.5131924,-31.5564451,0
          </coordinates>
        </Point>
      </Placemark>
      <Placemark>
        <name>Mecanica FA-CE</name>
        <styleUrl>#icon-1590-0288D1-nodesc</styleUrl>
        <Point>
          <coordinates>
            -66.8499103,-29.3966038,0
          </coordinates>
        </Point>
      </Placemark>
      <Placemark>
        <name>Taller mecánico Guillo</name>
        <styleUrl>#icon-1590-0288D1-nodesc</styleUrl>
        <Point>
          <coordinates>
            -66.8689702,-29.4034958,0
          </coordinates>
        </Point>
      </Placemark>
      <Placemark>
        <name>Mecanica Gomez</name>
        <styleUrl>#icon-1590-0288D1-nodesc</styleUrl>
        <Point>
          <coordinates>
            -66.8557279,-29.4182643,0
          </coordinates>
        </Point>
      </Placemark>
      <Placemark>
        <name>Taller mecanico mario nieto</name>
        <styleUrl>#icon-1590-0288D1-nodesc</styleUrl>
        <Point>
          <coordinates>
            -66.8738484,-29.4204659,0
          </coordinates>
        </Point>
      </Placemark>
      <Placemark>
        <name>Mecánica Romero</name>
        <styleUrl>#icon-1590-0288D1-nodesc</styleUrl>
        <Point>
          <coordinates>
            -66.8711402,-29.4209587,0
          </coordinates>
        </Point>
      </Placemark>
      <Placemark>
        <name>Servicio Mecánico SHERA</name>
        <styleUrl>#icon-1590-0288D1-nodesc</styleUrl>
        <Point>
          <coordinates>
            -66.8733106,-29.4199997,0
          </coordinates>
        </Point>
      </Placemark>
      <Placemark>
        <name>Taller Mecanico ROQUE NIETO (SANTA MARIA)</name>
        <styleUrl>#icon-1590-0288D1-nodesc</styleUrl>
        <Point>
          <coordinates>
            -66.8677597,-29.421503,0
          </coordinates>
        </Point>
      </Placemark>
      <Placemark>
        <name>Taller TecnoCar</name>
        <styleUrl>#icon-1590-0288D1-nodesc</styleUrl>
        <Point>
          <coordinates>
            -66.8559503,-29.4282427,0
          </coordinates>
        </Point>
      </Placemark>
      <Placemark>
        <name>Taller Lucho</name>
        <styleUrl>#icon-1590-0288D1-nodesc</styleUrl>
        <Point>
          <coordinates>
            -66.853175,-29.4341086,0
          </coordinates>
        </Point>
      </Placemark>
      <Placemark>
        <name>Taller Mecanico Godoy</name>
        <styleUrl>#icon-1590-0288D1-nodesc</styleUrl>
        <Point>
          <coordinates>
            -66.8475349,-29.4447908,0
          </coordinates>
        </Point>
      </Placemark>
      <Placemark>
        <name>Taller Mecanico Willy Chayle</name>
        <styleUrl>#icon-1590-0288D1-nodesc</styleUrl>
        <Point>
          <coordinates>
            -67.6165418,-27.6845577,0
          </coordinates>
        </Point>
      </Placemark>
      <Placemark>
        <name>46.59863, -70.92518</name>
        <description><![CDATA[19 de septiembre de 2023 <br>Tuve algunos problemas con el portaequipajes delantero y el propietario, Alan, lo arregló. Fue realmente rápido y muy genial. ¡No recomiendo este lugar!]]></description>
        <styleUrl>#icon-1522-558B2F</styleUrl>
        <Point>
          <coordinates>
            -70.92518,46.59863,0
          </coordinates>
        </Point>
      </Placemark>
      <Placemark>
        <name>-45.88384, -67.54367</name>
        <description><![CDATA[<br><br>17 de octubre de 2023 <br>Excelente local para troca de aceite y filtros de todas las líneas, principalmente para vehículos a diesel. Encontramos oleo Petronas, indicado pela propia concesionaria Iveco.<br>Precio justo y acceso.<br>@lubrinewlubrax2<br><br><br><br>]]></description>
        <styleUrl>#icon-1899-DB4436</styleUrl>
<Point>
          <coordinates>
            -67.54367,-45.88384,0
          </coordinates>
        </Point>
      </Placemark>
      <Placemark>
        <name>-45.87694, -67.51528</name>
        <description><![CDATA[<br><br>5 de octubre de 2023 por bm10<br>Tienda donde encontrar repuestos para instalación de gas y agua en la autocaravana.<br>El tipo encontró la fuga de gas.]]></description>
        <styleUrl>#icon-1590-0288D1</styleUrl>
<Point>
          <coordinates>
            -67.51528,-45.87694,0
          </coordinates>
        </Point>
      </Placemark>
      <Placemark>
        <name>-42.91353, -71.30294</name>
        <description><![CDATA[<br><br>25 de septiembre de 2023 <br>Pablo es un mecánico de motocicletas agradable y profesional. Tenía varios radios rotos en la rueda trasera. Me ayudó de inmediato. También dispone de un remolque con el que poder recoger motos atascadas. WhatsApp +5492945696224 También muere llantas]]></description>
        <styleUrl>#icon-1633-0288D1</styleUrl>
<Point>
          <coordinates>
            -71.30294,-42.91353,0
          </coordinates>
        </Point>
      </Placemark>
      <Placemark>
        <name>-41.86906, -73.81699</name>
        <description><![CDATA[16 de octubre de 2023 por Paul y Martha <br>un gran lugar para todo tipo de tornillos y tuercas que pueda necesitar cuando su automóvil frena y desea arreglarlo usted mismo. propietario muy servicial.]]></description>
        <styleUrl>#icon-1590-0288D1</styleUrl>
        <Point>
          <coordinates>
            -73.81699,-41.86906,0
          </coordinates>
        </Point>
      </Placemark>
      <Placemark>
        <name>-41.15174, -71.29478</name>
        <description><![CDATA[<br><br>25 de septiembre de 2023 <br>Vinimos aquí para cambiar 2 rótulas axiales del volante y 4 rótulas. También soldaron un soporte dentro del motor.<br>3h30 de trabajo y pagamos 140€.<br>Muy buen mecánico sabiendo lo que hace.<br>Después supimos que la mecánica en Chile y también los repuestos son más baratos. Si puedes esperar.<br><br>1 de abril de 2023 <br>He utilizado este mecánico durante muchos años viajando por Sudamérica e incluso remolcaron mi autobús 2000 km solo para llegar hasta él y solucionar problemas que ningún otro mecánico puede solucionar. Es un poco experto en motores y siempre parece encontrar las cosas que otros mecánicos han estropeado. Se especializan en motores y diagnóstico. Pablo no solo soluciona el problema que tienes, sino que también descubre qué causó el problema y lo soluciona también. Su tienda está deteriorada, trabaja lento porque pasan decenas de personas todo el día a tomar mate y charlar....pero el trabajo se hace y se hace bien. Si tiene un problema simple como un eje suelto, un problema con los frenos o algo pequeño... podrá entrar y salir por un precio justo. Tuvimos que quitar mi transmisión y reemplazar la cuarta marcha. Le llevó un día completo encontrar las piezas y un día completo terminar el trabajo. Son chicos increíbles, de los que he sido amigo durante muchos años. Si tiene un poco de tiempo y no tiene mucha prisa y quiere asegurarse de que el trabajo se haga bien... y quiere trabajar con alguien que también se tome el tiempo para enseñarle, explicarle las cosas con claridad y realmente hacer un buen trabajo. trabajo. Pablo y Matty son el hombre. Dales un abrazo de parte de Neill cuando los veas.<br><br><br><br><br><br>]]></description>
        <styleUrl>#icon-1590-0288D1</styleUrl>
<Point>
          <coordinates>
            -71.29478,-41.15174,0
          </coordinates>
        </Point>
      </Placemark>
      <Placemark>
        <name>-40.14710, -71.30712</name>
        <description><![CDATA[20 de septiembre de 2023 lukimog.com <br>¡Mecánico muy amable y servicial que sabe lo que hace! Su trabajo principal es arreglar las inyecciones diésel. En nuestro Unimog teníamos que hacer algo más y para ello necesitábamos una herramienta especial. Él tampoco tenía la herramienta adecuada, pero juntos podríamos hacerlo sin la herramienta. Taller limpio y bueno. No es nada caro<br><br>24 de febrero de 2016 <br>Dieselista. Buen lugar pero no barato...]]></description>
        <styleUrl>#icon-1590-0288D1</styleUrl>
        <Point>
          <coordinates>
            -71.30712,-40.1471,0
          </coordinates>
        </Point>
      </Placemark>
      <Placemark>
        <name>-39.29050, -71.93107</name>
        <description><![CDATA[20 de septiembre de 2023 por Ninguno (248991) <br>Necesitábamos un cambio de aceite rápido y servicio para nuestra Ford Ecoline 1989. Estos muchachos pudieron vernos de inmediato después de que algunos otros talleres nos rechazaron por el año del vehículo. El mecánico habló muy lento y fue muy paciente con nuestro español deficiente (y nuestro conocimiento limitado de los autos), ¡definitivamente lo recomiendo!]]></description>
        <styleUrl>#icon-1590-0288D1</styleUrl>
        <Point>
          <coordinates>
            -71.93107,-39.2905,0
          </coordinates>
        </Point>
      </Placemark>
      <Placemark>
        <name>-37.03138, -64.28936</name>
        <description><![CDATA[12 de septiembre de 2023 por mentiras <br>Buen mecánico, cuidadoso.<br>Nos cambiaron aceite, filtros, engrasado, revisión general del vehículo,..]]></description>
        <styleUrl>#icon-1590-0288D1</styleUrl>
        <Point>
          <coordinates>
            -64.28936,-37.03138,0
          </coordinates>
        </Point>
      </Placemark>
      <Placemark>
        <name>-37.31780, -59.12729</name>
        <description><![CDATA[17 de octubre de 2023 por un.boludo.por.el.mundo <br>Alejandro es un gran mecánico y excelente persona. Me asistió ante una emergencia y estuvo muy predispuesto a ayudarme con lo que pudo. Además trabaja muy bien y conoce todo tipo de motores. Es especialista en frenos también.]]></description>
        <styleUrl>#icon-1590-0288D1</styleUrl>
        <Point>
          <coordinates>
            -59.12729,-37.3178,0
          </coordinates>
        </Point>
      </Placemark>
      <Placemark>
        <name>-35.49230, -69.58795</name>
        <description><![CDATA[<br><br>19 de octubre de 2023 por ATeamOnTheRoad <br>Básicamente, la grúa nos depositó afuera de la casa/taller de Wilson y él fue muy tranquilizador y acogedor a pesar de nuestra falta de español. Organizó la renovación completa de nuestra caja de cambios automática después de que se quemara gravemente. Desafortunadamente, debido a la economía argentina, se necesitarían entre seis y nueve meses para importar una nueva caja de cambios y no había ningún mecánico en Malargüe que pudiera reparar la actual. Wilson coordinó con un especialista en Mendoza para que lo enviaran allí, lo reacondicionaron y lo reinstaló.<br>Tuvo un precio muy razonable por todo el tiempo y esfuerzo y se mantuvo en contacto para asegurarse de que viajáramos con seguridad.<br>Nidia y la familia de enfrente nos dan la bienvenida como parte de su familia. Permitiéndonos usar su ducha, nos proporcionó agua y compartimos comidas juntos. Recomendamos ampliamente los servicios de Wilson si necesita un mecánico en Malargue. Si Wilson no puede solucionarlo de inmediato, encontrará la manera de hacerlo.]]></description>
        <styleUrl>#icon-1590-0288D1</styleUrl>
<Point>
          <coordinates>
            -69.58795,-35.4923,0
          </coordinates>
        </Point>
      </Placemark>
      <Placemark>
        <name>-34.61929, -68.35387</name>
        <description><![CDATA[<br><br>19 de octubre de 2023 por ATeamOnTheRoad <br>Otro mecánico en San Rafael nos recomendó a Juan y qué alivio conocerlo. Él fue muy amable y nos abrió el sábado por la mañana. Sólo habla español, pero es un mago con Google Translate. Identifiqué nuestros problemas mecánicos y pude obtener las piezas nuevas e instalarlas esa mañana. A un precio muy razonable también.<br>Está restaurando una vieja camper Iveco para viajar a Canadá dentro de tres años después de su jubilación.]]></description>
        <styleUrl>#icon-1590-0288D1</styleUrl>
<Point>
          <coordinates>
            -68.35387,-34.61929,0
          </coordinates>
        </Point>
      </Placemark>
      <Placemark>
        <name>-35.17007, -58.24247</name>
        <description><![CDATA[<br><br>22 de septiembre de 2023 por kilometroSeRo <br>excelente servicio, rápido y muy dispuesto a ayudar, muy buena gente también<br><br>excelente servicio, rapidos y muy predispuesto a ayudar, muy buenas personas además<br><br>]]></description>
        <styleUrl>#icon-1590-0288D1</styleUrl>
<Point>
          <coordinates>
            -58.24247,-35.17007,0
          </coordinates>
        </Point>
      </Placemark>
      <Placemark>
        <name>-34.69468, -58.53306</name>
        <description><![CDATA[<br><br>21 de agosto de 2023 <br>Correo YPF.<br>Nos quedamos una noche.<br>La carretera es un poco ruidosa. Muy seguro, un coche de policía permaneció en la comisaría toda la noche.<br>Baños muy limpios.<br>Merienda maravillosa.<br>Perfecto.<br><br>10 de enero de 2023 <br>Mecánicos jóvenes muy conocedores, trabajadores e ingeniosos que pudieron resolver los problemas del motor de mi Toyota después de que dos talleres oficiales de Toyota no pudieron hacerlo. ¡Muy recomendable!]]></description>
        <styleUrl>#icon-1590-0288D1</styleUrl>
<Point>
          <coordinates>
            -58.53306,-34.69468,0
          </coordinates>
        </Point>
      </Placemark>
      <Placemark>
        <name>-34.63156, -58.46477</name>
        <description><![CDATA[28 de septiembre de 2023 por Ninguno (219861) <br>Después de 2 países y casi 20 cerrajeros, es el único que consiguió reparar las cerraduras de nuestra furgoneta (Mitsubishi L300). Es muy profesional y realmente amable. Puede encontrar soluciones que otros cerrajeros no pueden encontrar. ¡Lo recomendamos 100%!<br>Lalo Cerrajería, Varela 155, Buenos Aires.]]></description>
        <styleUrl>#icon-1590-0288D1</styleUrl>
        <Point>
          <coordinates>
            -58.46477,-34.63156,0
          </coordinates>
        </Point>
      </Placemark>
      <Placemark>
        <name>-34.40844, -58.72368</name>
        <description><![CDATA[<br><br>12 de agosto de 2023<br>Mecânico Diego, excelente no atendimento e honesto, mexe com todos os carros inclusive Kombi e Fusca.<br>tem que pedir pelo Diego da Benavidez Motor's Mecanica Inyeccion]]></description>
        <styleUrl>#icon-1590-0288D1</styleUrl>
<Point>
          <coordinates>
            -58.72368,-34.40844,0
          </coordinates>
        </Point>
      </Placemark>
      <Placemark>
        <name>-34.28789, -57.23682</name>
        <description><![CDATA[10 de agosto de 2023 por mutig-los.ch <br>Sí, Sergio es genial. Nuestro problema era que el motor no podía arrancar cuando estaba caliente. Sergio revisó los inyectores del motor diésel, 2,8 litros. Descubrió que el inyector del cilindro n°. 3 estaba roto. Lo reemplazó con nuestro repuesto que trajimos.<br>Después de 1 hora salimos del lugar con un auto reparado.<br>¡Gracias sergio!<br><br>24 de enero de 2023 por viajandoaventuras <br>Especialista experimentado en bombas diesel. Sabe mucho sobre su tema y tiene una gran demanda en el área. También pudo ayudarnos con otros problemas con nuestra Ford Transit.<br>Muy amable y profesional.]]></description>
        <styleUrl>#icon-1590-0288D1</styleUrl>
        <Point>
          <coordinates>
            -57.23682,-34.28789,0
          </coordinates>
        </Point>
      </Placemark>
      <Placemark>
        <name>-34.76624, -56.26762</name>
        <description><![CDATA[<br><br>29 de septiembre de 2023 <br>taller de campers y otros servicios, wifi, agua potable, reparaciones, lugar para pernoctar. Su dueño es australiano y muy amable.<br>+598 99 377 424<br><br><br><br><br><br>]]></description>
        <styleUrl>#icon-1590-0288D1</styleUrl>
<Point>
          <coordinates>
            -56.26762,-34.76624,0
          </coordinates>
        </Point>
      </Placemark>
      <Placemark>
        <name>-34.85547, -56.21897</name>
        <description><![CDATA[23 de agosto de 2023 por Paul y Martha <br>Equipo muy útil. excelente selección. Si necesita piezas, recomendaríamos este lugar. Edificio negro, la entrada es Sta. Lucía.<br><br>3 de enero de 2018 por welt-erleben.ch <br>Taller de venta y reparación VERZET de todo tipo de productos Dometic.<br><br>Julián Álvarez 99<br>Montevideo<br><br>christianverzetti@verzet.com.uy Oficina: 02305 3941 Móvil: 09397 6897]]></description>
        <styleUrl>#icon-1590-0288D1</styleUrl>
        <Point>
          <coordinates>
            -56.21897,-34.85547,0
          </coordinates>
        </Point>
      </Placemark>
      <Placemark>
        <name>Motorman Servicio Automotriz</name>
        <styleUrl>#icon-1590-0288D1-nodesc</styleUrl>
        <Point>
          <coordinates>
            -57.565514,-25.3190691,0
          </coordinates>
        </Point>
      </Placemark>
      <Placemark>
        <name>Taller Impacto</name>
        <styleUrl>#icon-1590-0288D1-nodesc</styleUrl>
        <Point>
          <coordinates>
            -57.5903637,-25.3328076,0
          </coordinates>
        </Point>
      </Placemark>
      <Placemark>
        <name>Taller Marcos</name>
        <styleUrl>#icon-1590-0288D1-nodesc</styleUrl>
        <Point>
          <coordinates>
            -57.6055724,-25.3201532,0
          </coordinates>
        </Point>
      </Placemark>
      <Placemark>
        <name>Taller mecanico Raulito</name>
        <styleUrl>#icon-1590-0288D1-nodesc</styleUrl>
        <Point>
          <coordinates>
            -57.6356007,-25.3183865,0
          </coordinates>
        </Point>
      </Placemark>
      <Placemark>
        <name>Automecánica Edgar Tuerca - Taller Mecánico de Autos</name>
        <styleUrl>#icon-1590-0288D1-nodesc</styleUrl>
        <Point>
          <coordinates>
            -57.6528358,-25.2991543,0
          </coordinates>
        </Point>
      </Placemark>
      <Placemark>
        <name>Taller Mecánico RG SERVICE</name>
        <styleUrl>#icon-1590-0288D1-nodesc</styleUrl>
        <Point>
          <coordinates>
            -57.633875,-25.290297,0
          </coordinates>
        </Point>
      </Placemark>
      <Placemark>
        <name>Taller crafman</name>
        <styleUrl>#icon-1590-0288D1-nodesc</styleUrl>
        <Point>
          <coordinates>
            -57.640012,-25.2937808,0
          </coordinates>
        </Point>
      </Placemark>
      <Placemark>
        <name>Taller Mecanico</name>
        <styleUrl>#icon-1590-0288D1-nodesc</styleUrl>
        <Point>
          <coordinates>
            -57.6420644,-25.2873339,0
          </coordinates>
        </Point>
      </Placemark>
      <Placemark>
        <name>Defrancesco Taller Mecánico y Lavadero</name>
        <styleUrl>#icon-1590-0288D1-nodesc</styleUrl>
        <Point>
          <coordinates>
            -57.6458235,-25.2856263,0
          </coordinates>
        </Point>
      </Placemark>
      <Placemark>
        <name>Taller Universal Car Service S.A.</name>
        <styleUrl>#icon-1590-0288D1-nodesc</styleUrl>
        <Point>
          <coordinates>
            -57.6488779,-25.2795827,0
          </coordinates>
        </Point>
      </Placemark>
      <Placemark>
        <name>mecanico</name>
        <styleUrl>#icon-1590-0288D1-nodesc</styleUrl>
        <Point>
          <coordinates>
            -70.9231709,-53.1768859,0
          </coordinates>
        </Point>
      </Placemark>
      <Placemark>
        <name>Claudio Marcelo Gomez Carcamo</name>
        <styleUrl>#icon-1590-0288D1-nodesc</styleUrl>
        <Point>
          <coordinates>
            -70.9259054,-53.1726135,0
          </coordinates>
        </Point>
      </Placemark>
      <Placemark>
        <name>Taller De Mecánica Automotriz R.J.R</name>
        <styleUrl>#icon-1590-0288D1-nodesc</styleUrl>
        <Point>
          <coordinates>
            -70.9196082,-53.1636436,0
          </coordinates>
        </Point>
      </Placemark>
      <Placemark>
        <name>INSANE PERFORMANCE</name>
        <styleUrl>#icon-1590-0288D1-nodesc</styleUrl>
        <Point>
          <coordinates>
            -70.9361561,-53.1571975,0
          </coordinates>
        </Point>
      </Placemark>
      <Placemark>
        <name>taller mecanico</name>
        <styleUrl>#icon-1590-0288D1-nodesc</styleUrl>
        <Point>
          <coordinates>
            -70.888351,-53.1541545,0
          </coordinates>
        </Point>
      </Placemark>
      <Placemark>
        <name>Dso Mantencion Mecanica En General Y Obras Menores</name>
        <styleUrl>#icon-1590-0288D1-nodesc</styleUrl>
        <Point>
          <coordinates>
            -70.8940788,-53.1506182,0
          </coordinates>
        </Point>
      </Placemark>
      <Placemark>
        <name>Mecánica y Automotora Audicio</name>
        <styleUrl>#icon-1590-0288D1-nodesc</styleUrl>
        <Point>
          <coordinates>
            -70.9033974,-53.1515738,0
          </coordinates>
        </Point>
      </Placemark>
      <Placemark>
        <name>VASVAR Repuestos y Taller Mecánico</name>
        <styleUrl>#icon-1590-0288D1-nodesc</styleUrl>
        <Point>
          <coordinates>
            -70.9044418,-53.1521965,0
          </coordinates>
        </Point>
      </Placemark>
      <Placemark>
        <name>taller mecanico SMB</name>
        <styleUrl>#icon-1590-0288D1-nodesc</styleUrl>
        <Point>
          <coordinates>
            -70.9121305,-53.1413708,0
          </coordinates>
        </Point>
      </Placemark>
      <Placemark>
        <name>Mecánica berislav</name>
        <styleUrl>#icon-1590-0288D1-nodesc</styleUrl>
        <Point>
          <coordinates>
            -70.9184614,-53.1134088,0
          </coordinates>
        </Point>
      </Placemark>
      <Placemark>
        <name><![CDATA[Automotriz Natales (garage & Mechanical workshop)]]></name>
        <styleUrl>#icon-1590-0288D1-nodesc</styleUrl>
        <Point>
          <coordinates>
            -72.5015006,-51.7310953,0
          </coordinates>
        </Point>
      </Placemark>
      <Placemark>
        <name>Automotriz Costanera</name>
        <styleUrl>#icon-1590-0288D1-nodesc</styleUrl>
        <Point>
          <coordinates>
            -72.5013805,-51.7279764,0
          </coordinates>
        </Point>
      </Placemark>
      <Placemark>
        <name>Taller Mecanico Los Gallegos</name>
        <styleUrl>#icon-1590-0288D1-nodesc</styleUrl>
        <Point>
          <coordinates>
            -72.5028764,-51.7317232,0
          </coordinates>
        </Point>
      </Placemark>
      <Placemark>
        <name>Taller Mecanico Diego</name>
        <styleUrl>#icon-1590-0288D1-nodesc</styleUrl>
        <Point>
          <coordinates>
            -72.4951709,-51.7346462,0
          </coordinates>
        </Point>
      </Placemark>
      <Placemark>
        <name>Mecanica alvarado</name>
        <styleUrl>#icon-1590-0288D1-nodesc</styleUrl>
        <Point>
          <coordinates>
            -72.4901287,-51.7416745,0
          </coordinates>
        </Point>
      </Placemark>
      <Placemark>
        <name>Stim performance</name>
        <styleUrl>#icon-1590-0288D1-nodesc</styleUrl>
        <Point>
          <coordinates>
            -72.4772349,-51.7365515,0
          </coordinates>
        </Point>
      </Placemark>
      <Placemark>
        <name>Taller Mecánico Mirasol Puerto montt</name>
        <styleUrl>#icon-1590-0288D1-nodesc</styleUrl>
        <Point>
          <coordinates>
            -72.990444,-41.479844,0
          </coordinates>
        </Point>
      </Placemark>
      <Placemark>
        <name>Serviteca DACSA Puerto Montt</name>
        <styleUrl>#icon-1590-0288D1-nodesc</styleUrl>
        <Point>
          <coordinates>
            -72.9490601,-41.4721568,0
          </coordinates>
        </Point>
      </Placemark>
      <Placemark>
        <name>JyJ Automotriz Puerto Montt</name>
        <styleUrl>#icon-1590-0288D1-nodesc</styleUrl>
        <Point>
          <coordinates>
            -72.9143197,-41.4648516,0
          </coordinates>
        </Point>
      </Placemark>
      <Placemark>
        <name>Mecanica y scanner automotriz</name>
        <styleUrl>#icon-1590-0288D1-nodesc</styleUrl>
        <Point>
          <coordinates>
            -72.9283867,-41.4462483,0
          </coordinates>
        </Point>
      </Placemark>
      <Placemark>
        <name>Tecnicentro</name>
        <styleUrl>#icon-1590-0288D1-nodesc</styleUrl>
        <Point>
          <coordinates>
            -72.9432965,-41.4576443,0
          </coordinates>
        </Point>
      </Placemark>
      <Placemark>
        <name>Mecánica del Sur</name>
        <styleUrl>#icon-1590-0288D1-nodesc</styleUrl>
        <Point>
          <coordinates>
            -72.9598122,-41.4628414,0
          </coordinates>
        </Point>
      </Placemark>
      <Placemark>
        <name>Fénix servicios diésel y mecanicos</name>
        <styleUrl>#icon-1590-0288D1-nodesc</styleUrl>
        <Point>
          <coordinates>
            -72.9726889,-41.4600353,0
          </coordinates>
        </Point>
      </Placemark>
      <Placemark>
        <name>Taller Mecanico Eliansol especialista en frenos</name>
        <styleUrl>#icon-1590-0288D1-nodesc</styleUrl>
        <Point>
          <coordinates>
            -72.9693297,-41.4639771,0
          </coordinates>
        </Point>
      </Placemark>
      <Placemark>
        <name>Taller mecanico puerto montt</name>
        <styleUrl>#icon-1590-0288D1-nodesc</styleUrl>
        <Point>
          <coordinates>
            -72.9686065,-41.4625374,0
          </coordinates>
        </Point>
      </Placemark>
      <Placemark>
        <name>Mecanico Franco</name>
        <styleUrl>#icon-1590-0288D1-nodesc</styleUrl>
        <Point>
          <coordinates>
            -73.0104214,-41.4333531,0
          </coordinates>
        </Point>
      </Placemark>
      <Placemark>
        <name>Taller Mecánico Garage QV e.i.r.l</name>
        <styleUrl>#icon-1590-0288D1-nodesc</styleUrl>
        <Point>
          <coordinates>
            -73.1209868,-40.5868092,0
          </coordinates>
        </Point>
      </Placemark>
      <Placemark>
        <name>CVM MECÁNICOS A DOMICILIO</name>
        <styleUrl>#icon-1590-0288D1-nodesc</styleUrl>
        <Point>
          <coordinates>
            -73.1106992,-40.5843402,0
          </coordinates>
        </Point>
      </Placemark>
      <Placemark>
        <name>Taller Mecánico y Servicio Técnico Automotríz Osorno</name>
        <styleUrl>#icon-1590-0288D1-nodesc</styleUrl>
        <Point>
          <coordinates>
            -73.1058771,-40.5809725,0
          </coordinates>
        </Point>
      </Placemark>
      <Placemark>
        <name>Tractocar</name>
        <styleUrl>#icon-1590-0288D1-nodesc</styleUrl>
        <Point>
          <coordinates>
            -73.1420898,-40.5804748,0
          </coordinates>
        </Point>
      </Placemark>
      <Placemark>
        <name>Automotora Carrasco</name>
        <styleUrl>#icon-1590-0288D1-nodesc</styleUrl>
        <Point>
          <coordinates>
            -73.111812,-40.576641,0
          </coordinates>
        </Point>
      </Placemark>
      <Placemark>
        <name>Mecanico Ltda. Automotora Y Servicio</name>
        <styleUrl>#icon-1590-0288D1-nodesc</styleUrl>
        <Point>
          <coordinates>
            -73.1175915,-40.5764952,0
          </coordinates>
        </Point>
      </Placemark>
      <Placemark>
        <name>Taller Núñez</name>
        <styleUrl>#icon-1590-0288D1-nodesc</styleUrl>
        <Point>
          <coordinates>
            -73.1474374,-40.5665803,0
          </coordinates>
        </Point>
      </Placemark>
      <Placemark>
        <name>Serviteca Patagonia</name>
        <styleUrl>#icon-1590-0288D1-nodesc</styleUrl>
        <Point>
          <coordinates>
            -73.1137648,-40.5764244,0
          </coordinates>
        </Point>
      </Placemark>
      <Placemark>
        <name>Taller Mecánico y Centro de Diagnóstico Reiher</name>
        <styleUrl>#icon-1590-0288D1-nodesc</styleUrl>
        <Point>
          <coordinates>
            -73.1188365,-40.571507,0
          </coordinates>
        </Point>
      </Placemark>
      <Placemark>
        <name>Mecánica GV</name>
        <styleUrl>#icon-1590-0288D1-nodesc</styleUrl>
        <Point>
          <coordinates>
            -73.1197879,-40.5706094,0
          </coordinates>
        </Point>
      </Placemark>
      <Placemark>
        <name><![CDATA[B&P Automotriz - TALLER MECÁNICO VALDIVIA]]></name>
        <styleUrl>#icon-1590-0288D1-nodesc</styleUrl>
        <Point>
          <coordinates>
            -73.2225469,-39.8247385,0
          </coordinates>
        </Point>
      </Placemark>
      <Placemark>
        <name>scanservice</name>
        <styleUrl>#icon-1590-0288D1-nodesc</styleUrl>
        <Point>
          <coordinates>
            -73.2489887,-39.8252975,0
          </coordinates>
        </Point>
      </Placemark>
      <Placemark>
        <name>Alarcón Hermanos Cía. Ltda.</name>
        <styleUrl>#icon-1590-0288D1-nodesc</styleUrl>
        <Point>
          <coordinates>
            -73.248098,-39.8217533,0
          </coordinates>
        </Point>
      </Placemark>
      <Placemark>
        <name>ELECTRO MECÁNICO AUTOMOTRIZ A DOMICILIO RECTILÍNEO CIRCULAR</name>
        <styleUrl>#icon-1590-0288D1-nodesc</styleUrl>
        <Point>
          <coordinates>
            -73.2182533,-39.7926252,0
          </coordinates>
        </Point>
      </Placemark>
      <Placemark>
        <name>Mecánica Rebolledo y Roa</name>
        <styleUrl>#icon-1590-0288D1-nodesc</styleUrl>
        <Point>
          <coordinates>
            -73.211817,-39.8245192,0
          </coordinates>
        </Point>
      </Placemark>
      <Placemark>
        <name>Servicio Mecánico Automotriz</name>
        <styleUrl>#icon-1590-0288D1-nodesc</styleUrl>
        <Point>
          <coordinates>
            -73.2434264,-39.8202356,0
          </coordinates>
        </Point>
      </Placemark>
      <Placemark>
        <name>Garage Valdivia</name>
        <styleUrl>#icon-1590-0288D1-nodesc</styleUrl>
        <Point>
          <coordinates>
            -73.2267604,-39.8536691,0
          </coordinates>
        </Point>
      </Placemark>
      <Placemark>
        <name>Mecánica GR</name>
        <styleUrl>#icon-1590-0288D1-nodesc</styleUrl>
        <Point>
          <coordinates>
            -73.2035107,-39.8352794,0
          </coordinates>
        </Point>
      </Placemark>
      <Placemark>
        <name>taller mecanico chispa nuñez</name>
        <styleUrl>#icon-1590-0288D1-nodesc</styleUrl>
        <Point>
          <coordinates>
            -73.2219883,-39.8263233,0
          </coordinates>
        </Point>
      </Placemark>
      <Placemark>
        <name>CRUZ</name>
        <styleUrl>#icon-1590-0288D1-nodesc</styleUrl>
        <Point>
          <coordinates>
            -73.228794,-39.8232469,0
          </coordinates>
        </Point>
      </Placemark>
      <Placemark>
        <name>Mecánica ”San Antonio” Roberto</name>
        <styleUrl>#icon-1590-0288D1-nodesc</styleUrl>
        <Point>
          <coordinates>
            -75.2637739,-10.7265963,0
          </coordinates>
        </Point>
      </Placemark>
      <Placemark>
        <name>VILLA CAR</name>
        <styleUrl>#icon-1590-0288D1-nodesc</styleUrl>
        <Point>
          <coordinates>
            -75.2780629,-10.7408456,0
          </coordinates>
        </Point>
      </Placemark>
      <Placemark>
        <name>ADRC SERVIS SAC</name>
        <styleUrl>#icon-1590-0288D1-nodesc</styleUrl>
        <Point>
          <coordinates>
            -75.2751716,-10.7395599,0
          </coordinates>
        </Point>
      </Placemark>
      <Placemark>
        <name><![CDATA["LAPA" AUTOPARTES Y MULTISERVICIOS "LAPA"]]></name>
        <styleUrl>#icon-1590-0288D1-nodesc</styleUrl>
        <Point>
          <coordinates>
            -75.2705288,-10.7394098,0
          </coordinates>
        </Point>
      </Placemark>
      <Placemark>
        <name>Mecánico automotriz a domicilio</name>
        <styleUrl>#icon-1590-0288D1-nodesc</styleUrl>
        <Point>
          <coordinates>
            -72.2229297,-39.2926886,0
          </coordinates>
        </Point>
      </Placemark>
      <Placemark>
        <name>Taller Mecánico Servicar</name>
        <styleUrl>#icon-1590-0288D1-nodesc</styleUrl>
        <Point>
          <coordinates>
            -72.2376351,-39.5019215,0
          </coordinates>
        </Point>
      </Placemark>
      <Placemark>
        <name>Mecánica Broocar</name>
        <styleUrl>#icon-1590-0288D1-nodesc</styleUrl>
        <Point>
          <coordinates>
            -72.23441,-39.3193208,0
          </coordinates>
        </Point>
      </Placemark>
      <Placemark>
        <name>Mecánica Automotriz Villarrica</name>
        <styleUrl>#icon-1590-0288D1-nodesc</styleUrl>
        <Point>
          <coordinates>
            -72.2322311,-39.3173464,0
          </coordinates>
        </Point>
      </Placemark>
      <Placemark>
        <name>Full Mecánica</name>
        <styleUrl>#icon-1590-0288D1-nodesc</styleUrl>
        <Point>
          <coordinates>
            -72.2304306,-39.2852719,0
          </coordinates>
        </Point>
      </Placemark>
      <Placemark>
        <name>AutoTec Lican Ray</name>
        <styleUrl>#icon-1590-0288D1-nodesc</styleUrl>
        <Point>
          <coordinates>
            -72.1668323,-39.4784078,0
          </coordinates>
        </Point>
      </Placemark>
      <Placemark>
        <name>Mecánico César</name>
        <styleUrl>#icon-1590-0288D1-nodesc</styleUrl>
        <Point>
          <coordinates>
            -72.2221176,-39.2951235,0
          </coordinates>
        </Point>
      </Placemark>
      <Placemark>
        <name>LG Servicio automotriz Taller mecánico</name>
        <styleUrl>#icon-1590-0288D1-nodesc</styleUrl>
        <Point>
          <coordinates>
            -72.2274066,-39.2944374,0
          </coordinates>
        </Point>
      </Placemark>
      <Placemark>
        <name>Mecánica Narváez Motos y Automoviles</name>
        <styleUrl>#icon-1590-0288D1-nodesc</styleUrl>
        <Point>
          <coordinates>
            -72.22774,-39.28827,0
          </coordinates>
        </Point>
      </Placemark>
      <Placemark>
        <name>Pint Autos</name>
        <styleUrl>#icon-1590-0288D1-nodesc</styleUrl>
        <Point>
          <coordinates>
            -72.2226232,-39.2881292,0
          </coordinates>
        </Point>
      </Placemark>
      <Placemark>
        <name>ADM Automotriz y venta de neumáticos</name>
        <styleUrl>#icon-1590-0288D1-nodesc</styleUrl>
        <Point>
          <coordinates>
            -72.6859665,-45.4121216,0
          </coordinates>
        </Point>
      </Placemark>
      <Placemark>
        <name>Vimer Servicio automotriz</name>
        <styleUrl>#icon-1590-0288D1-nodesc</styleUrl>
        <Point>
          <coordinates>
            -72.6886367,-45.4111331,0
          </coordinates>
        </Point>
      </Placemark>
      <Placemark>
        <name>Lubricentro Garage Service</name>
        <styleUrl>#icon-1899-DB4436-nodesc</styleUrl>
        <Point>
          <coordinates>
            -72.7021134,-45.4128233,0
          </coordinates>
        </Point>
      </Placemark>
      <Placemark>
        <name>A.J.M. Taller Automotriz</name>
        <styleUrl>#icon-1590-0288D1-nodesc</styleUrl>
        <Point>
          <coordinates>
            -72.701849,-45.4117517,0
          </coordinates>
        </Point>
      </Placemark>
      <Placemark>
        <name>Bh Automotriz</name>
        <styleUrl>#icon-1590-0288D1-nodesc</styleUrl>
        <Point>
          <coordinates>
            -72.7019246,-45.4059783,0
          </coordinates>
        </Point>
      </Placemark>
      <Placemark>
        <name>Carlos Eduardo Mohr Pena</name>
        <styleUrl>#icon-1590-0288D1-nodesc</styleUrl>
        <Point>
          <coordinates>
            -72.7008712,-45.4056862,0
          </coordinates>
        </Point>
      </Placemark>
      <Placemark>
        <name>Taller Mecánico Donde Meneses</name>
        <styleUrl>#icon-1590-0288D1-nodesc</styleUrl>
        <Point>
          <coordinates>
            -73.6851396,-42.4930234,0
          </coordinates>
        </Point>
      </Placemark>
      <Placemark>
        <name>Taller Ruta Norte</name>
        <styleUrl>#icon-1590-0288D1-nodesc</styleUrl>
        <Point>
          <coordinates>
            -73.7735527,-42.4836884,0
          </coordinates>
        </Point>
      </Placemark>
      <Placemark>
        <name>Gorilla Motors</name>
        <styleUrl>#icon-1590-0288D1-nodesc</styleUrl>
        <Point>
          <coordinates>
            -73.7743306,-42.4725478,0
          </coordinates>
        </Point>
      </Placemark>
      <Placemark>
        <name>Mecanicar</name>
        <styleUrl>#icon-1590-0288D1-nodesc</styleUrl>
        <Point>
          <coordinates>
            -73.7863732,-42.4624984,0
          </coordinates>
        </Point>
      </Placemark>
      <Placemark>
        <name>Automotriz alveal</name>
        <styleUrl>#icon-1590-0288D1-nodesc</styleUrl>
        <Point>
          <coordinates>
            -73.7837212,-42.4611777,0
          </coordinates>
        </Point>
      </Placemark>
      <Placemark>
        <name>Taller Mecanico Cardenas</name>
        <styleUrl>#icon-1590-0288D1-nodesc</styleUrl>
        <Point>
          <coordinates>
            -73.7817382,-42.4039995,0
          </coordinates>
        </Point>
      </Placemark>
      <Placemark>
        <name>Taller Rene Tapia</name>
        <styleUrl>#icon-1590-0288D1-nodesc</styleUrl>
        <Point>
          <coordinates>
            -73.7678906,-42.461577,0
          </coordinates>
        </Point>
      </Placemark>
      <Placemark>
        <name>Taller Mecanico Nieto Garage</name>
        <styleUrl>#icon-1590-0288D1-nodesc</styleUrl>
        <Point>
          <coordinates>
            -73.0546638,-41.1106783,0
          </coordinates>
        </Point>
      </Placemark>
      <Placemark>
        <name>Automotriz Richter</name>
        <styleUrl>#icon-1590-0288D1-nodesc</styleUrl>
        <Point>
          <coordinates>
            -73.0513271,-41.1292489,0
          </coordinates>
        </Point>
      </Placemark>
      <Placemark>
        <name>Redicar</name>
        <styleUrl>#icon-1590-0288D1-nodesc</styleUrl>
        <Point>
          <coordinates>
            -73.0604595,-41.1282639,0
          </coordinates>
        </Point>
      </Placemark>
      <Placemark>
        <name>Taller de pintura y desabolladura Rodolfo Navarro e Hijos</name>
        <styleUrl>#icon-1590-0288D1-nodesc</styleUrl>
        <Point>
          <coordinates>
            -73.0573078,-41.1235465,0
          </coordinates>
        </Point>
      </Placemark>
      <Placemark>
        <name>Mecanica Cárdenas</name>
        <styleUrl>#icon-1590-0288D1-nodesc</styleUrl>
        <Point>
          <coordinates>
            -73.0573036,-41.1235272,0
          </coordinates>
        </Point>
      </Placemark>
      <Placemark>
        <name>Taller Mecanico Automotriz</name>
        <styleUrl>#icon-1590-0288D1-nodesc</styleUrl>
        <Point>
          <coordinates>
            -73.0541122,-41.108394,0
          </coordinates>
        </Point>
      </Placemark>
      <Placemark>
        <name>Friotrac Aire Acondicionado y Mecánica Agrícola</name>
        <styleUrl>#icon-1590-0288D1-nodesc</styleUrl>
        <Point>
          <coordinates>
            -73.0647067,-41.1155931,0
          </coordinates>
        </Point>
      </Placemark>
      <Placemark>
        <name><![CDATA["El Taller" . (Mecánica Rapida-Vulcanizacion)]]></name>
        <styleUrl>#icon-1590-0288D1-nodesc</styleUrl>
        <Point>
          <coordinates>
            -72.6544264,-38.6981997,0
          </coordinates>
        </Point>
      </Placemark>
      <Placemark>
        <name>SERVICIOS AUTOMOTRICES ANDRES SUAREZ</name>
        <styleUrl>#icon-1590-0288D1-nodesc</styleUrl>
        <Point>
          <coordinates>
            -72.6093223,-38.7450581,0
          </coordinates>
        </Point>
      </Placemark>
      <Placemark>
        <name>Serviteca Premium - Servicio Automotriz</name>
        <styleUrl>#icon-1590-0288D1-nodesc</styleUrl>
        <Point>
          <coordinates>
            -72.5971952,-38.7432191,0
          </coordinates>
        </Point>
      </Placemark>
      <Placemark>
        <name>Taller mecánico Intermotor Temuco</name>
        <styleUrl>#icon-1590-0288D1-nodesc</styleUrl>
        <Point>
          <coordinates>
            -72.5783843,-38.7248406,0
          </coordinates>
        </Point>
      </Placemark>
      <Placemark>
        <name>CRUZ</name>
        <styleUrl>#icon-1590-0288D1-nodesc</styleUrl>
        <Point>
          <coordinates>
            -72.6023496,-38.7409443,0
          </coordinates>
        </Point>
      </Placemark>
      <Placemark>
        <name>SERVICIO AUTOMOTRIZ SOBARZO</name>
        <styleUrl>#icon-1590-0288D1-nodesc</styleUrl>
        <Point>
          <coordinates>
            -72.5741695,-38.7377343,0
          </coordinates>
        </Point>
      </Placemark>
      <Placemark>
        <name>TALLER MECANICO DESAGUADERO</name>
        <styleUrl>#icon-1590-0288D1-nodesc</styleUrl>
        <Point>
          <coordinates>
            -67.1606405,-33.3782931,0
          </coordinates>
        </Point>
      </Placemark>
      <Placemark>
        <name>Montecarlo Car Service: Taller Mecánico | Mecánico a DOMICILIO Santiago</name>
        <styleUrl>#icon-1590-0288D1-nodesc</styleUrl>
        <Point>
          <coordinates>
            -70.6139267,-33.4257833,0
          </coordinates>
        </Point>
      </Placemark>
      <Placemark>
        <name>Mecánico Juan</name>
        <styleUrl>#icon-1590-0288D1-nodesc</styleUrl>
        <Point>
          <coordinates>
            -70.6713739,-33.4145592,0
          </coordinates>
        </Point>
      </Placemark>
      <Placemark>
        <name>mecánico a domicilio viña del mar</name>
        <styleUrl>#icon-1590-0288D1-nodesc</styleUrl>
        <Point>
          <coordinates>
            -71.535781,-33.058483,0
          </coordinates>
        </Point>
      </Placemark>
      <Placemark>
        <name>Tu Mecánico a Domicilio</name>
        <styleUrl>#icon-1590-0288D1-nodesc</styleUrl>
        <Point>
          <coordinates>
            -71.5366149,-33.0049077,0
          </coordinates>
        </Point>
      </Placemark>
      <Placemark>
        <name>Mecánico a Domicilio 5ta Región</name>
        <styleUrl>#icon-1590-0288D1-nodesc</styleUrl>
        <Point>
          <coordinates>
            -71.5360261,-33.0043381,0
          </coordinates>
        </Point>
      </Placemark>
      <Placemark>
        <name>Mecánico a Domicilio</name>
        <styleUrl>#icon-1590-0288D1-nodesc</styleUrl>
        <Point>
          <coordinates>
            -71.5442653,-33.0044867,0
          </coordinates>
        </Point>
      </Placemark>
      <Placemark>
        <name>El Tincho Mecánica</name>
        <styleUrl>#icon-1590-0288D1-nodesc</styleUrl>
        <Point>
          <coordinates>
            -69.3502265,-32.5983026,0
          </coordinates>
        </Point>
      </Placemark>
      <Placemark>
        <name>Taller Mecánico</name>
        <styleUrl>#icon-1590-0288D1-nodesc</styleUrl>
        <Point>
          <coordinates>
            -69.3490525,-32.5939829,0
          </coordinates>
        </Point>
      </Placemark>
      <Placemark>
        <name>MH SERVICIOS Gomeria Mecanica Lubricentro</name>
        <styleUrl>#icon-1590-0288D1-nodesc</styleUrl>
        <Point>
          <coordinates>
            -69.3476188,-32.5923492,0
          </coordinates>
        </Point>
      </Placemark>
      <Placemark>
        <name>Repuestos Uspallata</name>
        <styleUrl>#icon-1590-0288D1-nodesc</styleUrl>
        <Point>
          <coordinates>
            -69.343729,-32.59258,0
          </coordinates>
        </Point>
      </Placemark>
      <Placemark>
        <name>Matias</name>
        <styleUrl>#icon-1590-0288D1-nodesc</styleUrl>
        <Point>
          <coordinates>
            -69.3426729,-32.5886787,0
          </coordinates>
        </Point>
      </Placemark>
      <Placemark>
        <name>Mecánica de motos M@ury</name>
        <styleUrl>#icon-1633-0288D1-nodesc</styleUrl>
        <Point>
          <coordinates>
            -69.3424828,-32.5849563,0
          </coordinates>
        </Point>
      </Placemark>
      <Placemark>
        <name>Mecánica Elizalde - Bosch Car services-</name>
        <styleUrl>#icon-1590-0288D1-nodesc</styleUrl>
        <Point>
          <coordinates>
            -60.7145161,-31.6589996,0
          </coordinates>
        </Point>
      </Placemark>
      <Placemark>
        <name><![CDATA[R & S Mecánica Integral]]></name>
        <styleUrl>#icon-1590-0288D1-nodesc</styleUrl>
        <Point>
          <coordinates>
            -60.7212,-31.6457,0
          </coordinates>
        </Point>
      </Placemark>
      <Placemark>
        <name>Taller Raul Ezcurra</name>
        <styleUrl>#icon-1590-0288D1-nodesc</styleUrl>
        <Point>
          <coordinates>
            -60.6988261,-31.6200997,0
          </coordinates>
        </Point>
      </Placemark>
      <Placemark>
        <name>GPS Taller - Ingaramo Mecanica Automotriz de Avanzada</name>
        <styleUrl>#icon-1590-0288D1-nodesc</styleUrl>
        <Point>
          <coordinates>
            -60.7151721,-31.6440559,0
          </coordinates>
        </Point>
      </Placemark>
      <Placemark>
        <name>Servicio Mecanico Navarro</name>
        <styleUrl>#icon-1590-0288D1-nodesc</styleUrl>
        <Point>
          <coordinates>
            -60.6871298,-31.6275355,0
          </coordinates>
        </Point>
      </Placemark>
      <Placemark>
        <name><![CDATA[Mecanica Gral del Automotor de Alberto D'Andrea]]></name>
        <styleUrl>#icon-1590-0288D1-nodesc</styleUrl>
        <Point>
          <coordinates>
            -60.6882778,-31.6260496,0
          </coordinates>
        </Point>
      </Placemark>
      <Placemark>
        <name>MECÁNICA HELDNER</name>
        <styleUrl>#icon-1590-0288D1-nodesc</styleUrl>
        <Point>
          <coordinates>
            -60.6898391,-31.617633,0
          </coordinates>
        </Point>
      </Placemark>
      <Placemark>
        <name>GPS Taller - Bambossi Mecanica</name>
        <styleUrl>#icon-1590-0288D1-nodesc</styleUrl>
        <Point>
          <coordinates>
            -60.6971651,-31.6400035,0
          </coordinates>
        </Point>
      </Placemark>
      <Placemark>
        <name>GPS Taller - Servicio Mecanico de Fernando Actis</name>
        <styleUrl>#icon-1590-0288D1-nodesc</styleUrl>
        <Point>
          <coordinates>
            -60.6954,-31.604,0
          </coordinates>
        </Point>
      </Placemark>
      <Placemark>
        <name>Serv. Integ. Automot. Esteban Anton</name>
        <styleUrl>#icon-1590-0288D1-nodesc</styleUrl>
        <Point>
          <coordinates>
            -60.698957,-31.6024618,0
          </coordinates>
        </Point>
      </Placemark>
      <Placemark>
        <name>Electricidad del automotor JC</name>
        <styleUrl>#icon-1590-0288D1-nodesc</styleUrl>
        <Point>
          <coordinates>
            -60.5164622,-31.7584177,0
          </coordinates>
        </Point>
      </Placemark>
      <Placemark>
        <name>Sergio A. Gambino Electricidad Del Automóvil</name>
        <styleUrl>#icon-1590-0288D1-nodesc</styleUrl>
        <Point>
          <coordinates>
            -60.5198183,-31.7649625,0
          </coordinates>
        </Point>
      </Placemark>
      <Placemark>
        <name><![CDATA[Electricidad Del Automotor "Rios"]]></name>
        <styleUrl>#icon-1590-0288D1-nodesc</styleUrl>
        <Point>
          <coordinates>
            -60.5127207,-31.7320635,0
          </coordinates>
        </Point>
      </Placemark>
      <Placemark>
        <name>Taller de Electricidad del Automóvil de Cesar Vila</name>
        <styleUrl>#icon-1590-0288D1-nodesc</styleUrl>
        <Point>
          <coordinates>
            -60.5426998,-31.7267244,0
          </coordinates>
        </Point>
      </Placemark>
      <Placemark>
        <name>Electricidad del Automóvil de Adrián Fornero</name>
        <styleUrl>#icon-1590-0288D1-nodesc</styleUrl>
        <Point>
          <coordinates>
            -60.7241209,-31.6590138,0
          </coordinates>
        </Point>
      </Placemark>
      <Placemark>
        <name>Bergamasco Electricidad del Automotor</name>
        <styleUrl>#icon-1590-0288D1-nodesc</styleUrl>
        <Point>
          <coordinates>
            -60.7153601,-31.6393146,0
          </coordinates>
        </Point>
      </Placemark>
      <Placemark>
        <name>Electricidad Del Automotor</name>
        <styleUrl>#icon-1590-0288D1-nodesc</styleUrl>
        <Point>
          <coordinates>
            -60.6966873,-31.6268343,0
          </coordinates>
        </Point>
      </Placemark>
      <Placemark>
        <name>RG Hijo Mecánica y Electricidad del Automotor</name>
        <styleUrl>#icon-1590-0288D1-nodesc</styleUrl>
        <Point>
          <coordinates>
            -60.6827258,-31.6213005,0
          </coordinates>
        </Point>
      </Placemark>
      <Placemark>
        <name>Electricidad del Automotor de Danilo Callejas</name>
        <styleUrl>#icon-1590-0288D1-nodesc</styleUrl>
        <Point>
          <coordinates>
            -60.6821102,-31.610055,0
          </coordinates>
        </Point>
      </Placemark>
      <Placemark>
        <name>Electricidad del automotor claudio</name>
        <styleUrl>#icon-1590-0288D1-nodesc</styleUrl>
        <Point>
          <coordinates>
            -60.6954349,-31.5821203,0
          </coordinates>
        </Point>
      </Placemark>
      <Placemark>
        <name>Mototallerdelvolga</name>
        <styleUrl>#icon-1633-0288D1-nodesc</styleUrl>
        <Point>
          <coordinates>
            -60.5262438,-31.7648669,0
          </coordinates>
        </Point>
      </Placemark>
      <Placemark>
        <name>TOTALMOTO</name>
        <styleUrl>#icon-1633-0288D1-nodesc</styleUrl>
        <Point>
          <coordinates>
            -60.5119308,-31.725038,0
          </coordinates>
        </Point>
      </Placemark>
      <Placemark>
        <name>LY Motos</name>
        <styleUrl>#icon-1633-0288D1-nodesc</styleUrl>
        <Point>
          <coordinates>
            -60.7027234,-31.64494,0
          </coordinates>
        </Point>
      </Placemark>
      <Placemark>
        <name>Taller De Motos Garcia</name>
        <styleUrl>#icon-1633-0288D1-nodesc</styleUrl>
        <Point>
          <coordinates>
            -60.6964273,-31.6312691,0
          </coordinates>
        </Point>
      </Placemark>
      <Placemark>
        <name>Moto Garage</name>
        <styleUrl>#icon-1633-0288D1-nodesc</styleUrl>
        <Point>
          <coordinates>
            -60.7068858,-31.6193879,0
          </coordinates>
        </Point>
      </Placemark>
      <Placemark>
        <name>MOTO STREET</name>
        <styleUrl>#icon-1633-0288D1-nodesc</styleUrl>
        <Point>
          <coordinates>
            -60.7011808,-31.6151628,0
          </coordinates>
        </Point>
      </Placemark>
      <Placemark>
        <name>Motos Chinchu</name>
        <styleUrl>#icon-1633-0288D1-nodesc</styleUrl>
        <Point>
          <coordinates>
            -60.6856579,-31.6072124,0
          </coordinates>
        </Point>
      </Placemark>
      <Placemark>
        <name>Motomecánica Ellison</name>
        <styleUrl>#icon-1633-0288D1-nodesc</styleUrl>
        <Point>
          <coordinates>
            -60.685981,-31.603519,0
          </coordinates>
        </Point>
      </Placemark>
      <Placemark>
        <name>TALLER DE MOTOS Giunta e hijos</name>
        <styleUrl>#icon-1633-0288D1-nodesc</styleUrl>
        <Point>
          <coordinates>
            -60.6987211,-31.6047138,0
          </coordinates>
        </Point>
      </Placemark>
      <Placemark>
        <name><![CDATA[Peter's Motos]]></name>
        <styleUrl>#icon-1633-0288D1-nodesc</styleUrl>
        <Point>
          <coordinates>
            -60.698061,-31.5931932,0
          </coordinates>
        </Point>
      </Placemark>
      <Placemark>
        <name>Bicicletería Works</name>
        <styleUrl>#icon-1522-558B2F-nodesc</styleUrl>
        <Point>
          <coordinates>
            -58.4740564,-34.6162667,0
          </coordinates>
        </Point>
      </Placemark>
      <Placemark>
        <name>Rodados Schisano bicicletería / bicicleterías</name>
        <styleUrl>#icon-1522-558B2F-nodesc</styleUrl>
        <Point>
          <coordinates>
            -58.4593909,-34.6142481,0
          </coordinates>
        </Point>
      </Placemark>
      <Placemark>
        <name>Bicicleteria Budo Bikes Bar bicicletería / bicicleterías</name>
        <styleUrl>#icon-1522-558B2F-nodesc</styleUrl>
        <Point>
          <coordinates>
            -58.4588395,-34.5991994,0
          </coordinates>
        </Point>
      </Placemark>
      <Placemark>
        <name>Metrobici bicicletería</name>
        <styleUrl>#icon-1522-558B2F-nodesc</styleUrl>
        <Point>
          <coordinates>
            -58.4227368,-34.5831702,0
          </coordinates>
        </Point>
      </Placemark>
      <Placemark>
        <name>Bicicleteria Cagua Bike bicicletería / bicicleterías</name>
        <styleUrl>#icon-1522-558B2F-nodesc</styleUrl>
        <Point>
          <coordinates>
            -58.4143497,-34.6049095,0
          </coordinates>
        </Point>
      </Placemark>
      <Placemark>
        <name>Bici Urbana - Belgrano Bicicletería</name>
        <styleUrl>#icon-1522-558B2F-nodesc</styleUrl>
        <Point>
          <coordinates>
            -58.4547394,-34.5635808,0
          </coordinates>
        </Point>
      </Placemark>
      <Placemark>
        <name>Bicicletería Morogermano bicicletería / bicicleterías</name>
        <styleUrl>#icon-1522-558B2F-nodesc</styleUrl>
        <Point>
          <coordinates>
            -58.4739022,-34.5588417,0
          </coordinates>
        </Point>
      </Placemark>
      <Placemark>
        <name>Bicicleteria</name>
        <styleUrl>#icon-1522-558B2F-nodesc</styleUrl>
        <Point>
          <coordinates>
            -69.348982,-32.5914958,0
          </coordinates>
        </Point>
      </Placemark>
      <Placemark>
        <name>Taller motos</name>
        <styleUrl>#icon-1633-0288D1-nodesc</styleUrl>
        <Point>
          <coordinates>
            -63.0037895,-40.8068167,0
          </coordinates>
        </Point>
      </Placemark>
      <Placemark>
        <name>Mecanica de Motos</name>
        <styleUrl>#icon-1633-0288D1-nodesc</styleUrl>
        <Point>
          <coordinates>
            -65.7624936,-39.3051769,0
          </coordinates>
        </Point>
      </Placemark>
      <Placemark>
        <name>EL RUSO</name>
        <styleUrl>#icon-1633-0288D1-nodesc</styleUrl>
        <Point>
          <coordinates>
            -68.1319339,-38.9860447,0
          </coordinates>
        </Point>
      </Placemark>
      <Placemark>
        <name>Taller de motos y venta de respuestos JV COMPETICIÓN</name>
        <styleUrl>#icon-1633-0288D1-nodesc</styleUrl>
        <Point>
          <coordinates>
            -67.5545038,-39.0168249,0
          </coordinates>
        </Point>
      </Placemark>
      <Placemark>
        <name>Taller Motos Roman</name>
        <styleUrl>#icon-1633-0288D1-nodesc</styleUrl>
        <Point>
          <coordinates>
            -68.1525641,-38.9832899,0
          </coordinates>
        </Point>
      </Placemark>
      <Placemark>
        <name>MECÁNICA ROCA MOTOS</name>
        <styleUrl>#icon-1633-0288D1-nodesc</styleUrl>
        <Point>
          <coordinates>
            -67.5835298,-38.9959203,0
          </coordinates>
        </Point>
      </Placemark>
      <Placemark>
        <name>GM motos mecánica y electricidad de motos.</name>
        <styleUrl>#icon-1633-0288D1-nodesc</styleUrl>
        <Point>
          <coordinates>
            -67.5862311,-38.9955623,0
          </coordinates>
        </Point>
      </Placemark>
      <Placemark>
        <name>MANNYRACING Motos</name>
        <styleUrl>#icon-1633-0288D1-nodesc</styleUrl>
        <Point>
          <coordinates>
            -67.9267433,-38.9511364,0
          </coordinates>
        </Point>
      </Placemark>
      <Placemark>
        <name>Cordero Motos</name>
        <styleUrl>#icon-1633-0288D1-nodesc</styleUrl>
        <Point>
          <coordinates>
            -67.9727269,-38.9245466,0
          </coordinates>
        </Point>
      </Placemark>
      <Placemark>
        <name>Cordero Motos</name>
        <styleUrl>#icon-1633-0288D1-nodesc</styleUrl>
        <Point>
          <coordinates>
            -67.9724689,-38.937258,0
          </coordinates>
        </Point>
      </Placemark>
      <Placemark>
        <name>WYM Taller de Motos</name>
        <styleUrl>#icon-1633-0288D1-nodesc</styleUrl>
        <Point>
          <coordinates>
            -66.3673992,-33.3307434,0
          </coordinates>
        </Point>
      </Placemark>
      <Placemark>
        <name>Taller Nico Motos</name>
        <styleUrl>#icon-1633-0288D1-nodesc</styleUrl>
        <Point>
          <coordinates>
            -66.3332192,-33.3035446,0
          </coordinates>
        </Point>
      </Placemark>
      <Placemark>
        <name>Rosalez MOTOS</name>
        <styleUrl>#icon-1633-0288D1-nodesc</styleUrl>
        <Point>
          <coordinates>
            -66.299591,-33.283222,0
          </coordinates>
        </Point>
      </Placemark>
      <Placemark>
        <name>Taller de Motos de Nelson</name>
        <styleUrl>#icon-1633-0288D1-nodesc</styleUrl>
        <Point>
          <coordinates>
            -66.3343557,-33.3117317,0
          </coordinates>
        </Point>
      </Placemark>
      <Placemark>
        <name>Taller de motos De Battista</name>
        <styleUrl>#icon-1633-0288D1-nodesc</styleUrl>
        <Point>
          <coordinates>
            -66.3346468,-33.3104365,0
          </coordinates>
        </Point>
      </Placemark>
      <Placemark>
        <name>Taller de motos jf</name>
        <styleUrl>#icon-1633-0288D1-nodesc</styleUrl>
        <Point>
          <coordinates>
            -66.3378516,-33.2686218,0
          </coordinates>
        </Point>
      </Placemark>
      <Placemark>
        <name>Yani Competicion taller de motos</name>
        <styleUrl>#icon-1633-0288D1-nodesc</styleUrl>
        <Point>
          <coordinates>
            -66.3128424,-33.2698239,0
          </coordinates>
        </Point>
      </Placemark>
      <Placemark>
        <name>OJEDA MOTOS</name>
        <styleUrl>#icon-1633-0288D1-nodesc</styleUrl>
        <Point>
          <coordinates>
            -66.3132559,-33.2690859,0
          </coordinates>
        </Point>
      </Placemark>
      <Placemark>
        <name>Taller de Motos J.A.</name>
        <styleUrl>#icon-1633-0288D1-nodesc</styleUrl>
        <Point>
          <coordinates>
            -66.3222827,-33.2845885,0
          </coordinates>
        </Point>
      </Placemark>
      <Placemark>
        <name>Sport Motos</name>
        <styleUrl>#icon-1633-0288D1-nodesc</styleUrl>
        <Point>
          <coordinates>
            -66.3296253,-33.3020649,0
          </coordinates>
        </Point>
      </Placemark>
      <Placemark>
        <name>Rossi Motos</name>
        <styleUrl>#icon-1633-0288D1-nodesc</styleUrl>
        <Point>
          <coordinates>
            -65.430869,-33.707542,0
          </coordinates>
        </Point>
      </Placemark>
      <Placemark>
        <name>Taller De Moto Jlg</name>
        <styleUrl>#icon-1633-0288D1-nodesc</styleUrl>
        <Point>
          <coordinates>
            -65.5004699,-33.6849471,0
          </coordinates>
        </Point>
      </Placemark>
      <Placemark>
        <name>Nuñez Moto</name>
        <styleUrl>#icon-1633-0288D1-nodesc</styleUrl>
        <Point>
          <coordinates>
            -65.4822918,-33.6678687,0
          </coordinates>
        </Point>
      </Placemark>
      <Placemark>
        <name>Taller mecánico de motos.</name>
        <styleUrl>#icon-1633-0288D1-nodesc</styleUrl>
        <Point>
          <coordinates>
            -65.4298382,-33.7038801,0
          </coordinates>
        </Point>
      </Placemark>
      <Placemark>
        <name>DR5 TALLER DE MOTOS</name>
        <styleUrl>#icon-1633-0288D1-nodesc</styleUrl>
        <Point>
          <coordinates>
            -65.4306799,-33.7019529,0
          </coordinates>
        </Point>
      </Placemark>
      <Placemark>
        <name>Reyna Motos</name>
        <styleUrl>#icon-1633-0288D1-nodesc</styleUrl>
        <Point>
          <coordinates>
            -65.4540403,-33.6639325,0
          </coordinates>
        </Point>
      </Placemark>
      <Placemark>
        <name>Cavaliere Motos</name>
        <styleUrl>#icon-1633-0288D1-nodesc</styleUrl>
        <Point>
          <coordinates>
            -65.4475693,-33.6651973,0
          </coordinates>
        </Point>
      </Placemark>
      <Placemark>
        <name>JG Motos</name>
        <styleUrl>#icon-1633-0288D1-nodesc</styleUrl>
        <Point>
          <coordinates>
            -65.4536524,-33.6711973,0
          </coordinates>
        </Point>
      </Placemark>
      <Placemark>
        <name>Taller de motos #23</name>
        <styleUrl>#icon-1633-0288D1-nodesc</styleUrl>
        <Point>
          <coordinates>
            -65.4517859,-33.6884925,0
          </coordinates>
        </Point>
      </Placemark>
      <Placemark>
        <name>Taller De Motos El Garage Villa Mercedes</name>
        <styleUrl>#icon-1633-0288D1-nodesc</styleUrl>
        <Point>
          <coordinates>
            -65.4503138,-33.6862162,0
          </coordinates>
        </Point>
      </Placemark>
      <Placemark>
        <name>Taller de motos GH</name>
        <styleUrl>#icon-1633-0288D1-nodesc</styleUrl>
        <Point>
          <coordinates>
            -64.2734021,-27.837978,0
          </coordinates>
        </Point>
      </Placemark>
      <Placemark>
        <name>Reparacion de Motocicletas</name>
        <styleUrl>#icon-1633-0288D1-nodesc</styleUrl>
        <Point>
          <coordinates>
            -64.2399285,-27.8017602,0
          </coordinates>
        </Point>
      </Placemark>
      <Placemark>
        <name><![CDATA[Taller de motos "El Negro"]]></name>
        <styleUrl>#icon-1633-0288D1-nodesc</styleUrl>
        <Point>
          <coordinates>
            -64.2466744,-27.7719361,0
          </coordinates>
        </Point>
      </Placemark>
      <Placemark>
        <name>Taller Motos Pinky</name>
        <styleUrl>#icon-1633-0288D1-nodesc</styleUrl>
        <Point>
          <coordinates>
            -64.275147,-27.7986828,0
          </coordinates>
        </Point>
      </Placemark>
      <Placemark>
        <name>Tecnomoto</name>
        <styleUrl>#icon-1633-0288D1-nodesc</styleUrl>
        <Point>
          <coordinates>
            -64.2676063,-27.7918313,0
          </coordinates>
        </Point>
      </Placemark>
      <Placemark>
        <name>Taller de Mecanica de Motos The Doctor Cassini</name>
        <styleUrl>#icon-1633-0288D1-nodesc</styleUrl>
        <Point>
          <coordinates>
            -64.285452,-27.7967285,0
          </coordinates>
        </Point>
      </Placemark>
      <Placemark>
        <name>Moto service cabrera</name>
        <styleUrl>#icon-1633-0288D1-nodesc</styleUrl>
        <Point>
          <coordinates>
            -64.2777625,-27.792606,0
          </coordinates>
        </Point>
      </Placemark>
      <Placemark>
        <name>KANOMOTO</name>
        <styleUrl>#icon-1633-0288D1-nodesc</styleUrl>
        <Point>
          <coordinates>
            -64.2678622,-27.7843595,0
          </coordinates>
        </Point>
      </Placemark>
      <Placemark>
        <name><![CDATA[Taller de motos c&m]]></name>
        <styleUrl>#icon-1633-0288D1-nodesc</styleUrl>
        <Point>
          <coordinates>
            -64.3056724,-27.7905776,0
          </coordinates>
        </Point>
      </Placemark>
      <Placemark>
        <name>Taller Solo Motos</name>
        <styleUrl>#icon-1633-0288D1-nodesc</styleUrl>
        <Point>
          <coordinates>
            -64.2589317,-27.7792215,0
          </coordinates>
        </Point>
      </Placemark>
      <Placemark>
        <name>JG AUTOMOTRIZ</name>
        <styleUrl>#icon-1590-0288D1-nodesc</styleUrl>
        <Point>
          <coordinates>
            -68.08457,-40.8437947,0
          </coordinates>
        </Point>
      </Placemark>
      <Placemark>
        <name>JP SERVICIOS MECÁNICOS</name>
        <styleUrl>#icon-1590-0288D1-nodesc</styleUrl>
        <Point>
          <coordinates>
            -68.0840422,-40.8407503,0
          </coordinates>
        </Point>
      </Placemark>
      <Placemark>
        <name>Inyecsur repuestos</name>
        <styleUrl>#icon-1590-0288D1-nodesc</styleUrl>
        <Point>
          <coordinates>
            -68.0916139,-40.8424417,0
          </coordinates>
        </Point>
      </Placemark>
      <Placemark>
        <name>SERVI-CAR servicio del automotor</name>
        <styleUrl>#icon-1590-0288D1-nodesc</styleUrl>
        <Point>
          <coordinates>
            -68.0943074,-40.8477375,0
          </coordinates>
        </Point>
      </Placemark>
      <Placemark>
        <name>Jmservice</name>
        <styleUrl>#icon-1590-0288D1-nodesc</styleUrl>
        <Point>
          <coordinates>
            -68.0831232,-40.8396195,0
          </coordinates>
        </Point>
      </Placemark>
      <Placemark>
        <name>El Taller</name>
        <styleUrl>#icon-1590-0288D1-nodesc</styleUrl>
        <Point>
          <coordinates>
            -69.5437265,-41.3298786,0
          </coordinates>
        </Point>
      </Placemark>
      <Placemark>
        <name>Servicios testcar</name>
        <styleUrl>#icon-1590-0288D1-nodesc</styleUrl>
        <Point>
          <coordinates>
            -69.547406,-41.3334031,0
          </coordinates>
        </Point>
      </Placemark>
      <Placemark>
        <name>Taller electromecánica Lautaro</name>
        <styleUrl>#icon-1590-0288D1-nodesc</styleUrl>
        <Point>
          <coordinates>
            -69.5447234,-41.3330459,0
          </coordinates>
        </Point>
      </Placemark>
      <Placemark>
        <name>MALDONADO MOTOS</name>
        <styleUrl>#icon-1633-0288D1-nodesc</styleUrl>
        <Point>
          <coordinates>
            -69.5527375,-41.3276383,0
          </coordinates>
        </Point>
      </Placemark>
      <Placemark>
        <name><![CDATA[" Mecánica torque pro"]]></name>
        <styleUrl>#icon-1590-0288D1-nodesc</styleUrl>
        <Point>
          <coordinates>
            -69.5536632,-41.3296267,0
          </coordinates>
        </Point>
      </Placemark>
      <Placemark>
        <name>Taller Mecanico Los Rusitos</name>
        <styleUrl>#icon-1590-0288D1-nodesc</styleUrl>
        <Point>
          <coordinates>
            -65.0779161,-40.7936949,0
          </coordinates>
        </Point>
      </Placemark>
      <Placemark>
        <name>Taller Braun</name>
        <styleUrl>#icon-1590-0288D1-nodesc</styleUrl>
        <Point>
          <coordinates>
            -65.0779005,-40.7937658,0
          </coordinates>
        </Point>
      </Placemark>
      <Placemark>
        <name>Mecánica Víctor</name>
        <styleUrl>#icon-1590-0288D1-nodesc</styleUrl>
        <Point>
          <coordinates>
            -65.0757061,-40.7937974,0
          </coordinates>
        </Point>
      </Placemark>
      <Placemark>
        <name>Taller Mecánico / Repuestos PAMPA</name>
        <styleUrl>#icon-1590-0288D1-nodesc</styleUrl>
        <Point>
          <coordinates>
            -65.0722445,-40.7920374,0
          </coordinates>
        </Point>
      </Placemark>
      <Placemark>
        <name>Taller Mecanico Y Lubricentro Nahuelito</name>
        <styleUrl>#icon-1590-0288D1-nodesc</styleUrl>
        <Point>
          <coordinates>
            -65.0727503,-40.791455,0
          </coordinates>
        </Point>
      </Placemark>
      <Placemark>
        <name>Servicio Mecanico FDK</name>
        <styleUrl>#icon-1590-0288D1-nodesc</styleUrl>
        <Point>
          <coordinates>
            -65.0767442,-40.7942599,0
          </coordinates>
        </Point>
      </Placemark>
      <Placemark>
        <name>Taller de motos Juancho competencion</name>
        <styleUrl>#icon-1633-0288D1-nodesc</styleUrl>
        <Point>
          <coordinates>
            -65.0431287,-42.7842743,0
          </coordinates>
        </Point>
      </Placemark>
      <Placemark>
        <name>Taller dg</name>
        <styleUrl>#icon-1633-0288D1-nodesc</styleUrl>
        <Point>
          <coordinates>
            -65.067478,-42.7607417,0
          </coordinates>
        </Point>
      </Placemark>
      <Placemark>
        <name>Casabona Motos</name>
        <styleUrl>#icon-1633-0288D1-nodesc</styleUrl>
        <Point>
          <coordinates>
            -65.0584947,-42.7852407,0
          </coordinates>
        </Point>
      </Placemark>
      <Placemark>
        <name>Speedway Motos</name>
        <styleUrl>#icon-1633-0288D1-nodesc</styleUrl>
        <Point>
          <coordinates>
            -65.0552218,-42.77147,0
          </coordinates>
        </Point>
      </Placemark>
      <Placemark>
        <name>CYNF MOTOS</name>
        <styleUrl>#icon-1633-0288D1-nodesc</styleUrl>
        <Point>
          <coordinates>
            -65.0415115,-42.7773551,0
          </coordinates>
        </Point>
      </Placemark>
      <Placemark>
        <name>Pato Beraza motos</name>
        <styleUrl>#icon-1633-0288D1-nodesc</styleUrl>
        <Point>
          <coordinates>
            -65.0453717,-42.7735367,0
          </coordinates>
        </Point>
      </Placemark>
      <Placemark>
        <name>Taller de moto Nico</name>
        <styleUrl>#icon-1633-0288D1-nodesc</styleUrl>
        <Point>
          <coordinates>
            -65.018701,-42.789249,0
          </coordinates>
        </Point>
      </Placemark>
      <Placemark>
        <name>Enfasis Motos</name>
        <styleUrl>#icon-1633-0288D1-nodesc</styleUrl>
        <Point>
          <coordinates>
            -65.0405805,-42.7723972,0
          </coordinates>
        </Point>
      </Placemark>
      <Placemark>
        <name>PATAGONIA MOTOS</name>
        <styleUrl>#icon-1633-0288D1-nodesc</styleUrl>
        <Point>
          <coordinates>
            -65.0457894,-42.7743406,0
          </coordinates>
        </Point>
      </Placemark>
      <Placemark>
        <name>Fran Racing Mechanics</name>
        <styleUrl>#icon-1633-0288D1-nodesc</styleUrl>
        <Point>
          <coordinates>
            -65.0424334,-42.8078908,0
          </coordinates>
        </Point>
      </Placemark>
      <Placemark>
        <name>Taller Mecanico Damian</name>
        <styleUrl>#icon-1590-0288D1-nodesc</styleUrl>
        <Point>
          <coordinates>
            -65.0363214,-42.7739988,0
          </coordinates>
        </Point>
      </Placemark>
      <Placemark>
        <name>Taller Javier Diaz - Mecánica General Chevrolet</name>
        <styleUrl>#icon-1590-0288D1-nodesc</styleUrl>
        <Point>
          <coordinates>
            -65.0479195,-42.7518392,0
          </coordinates>
        </Point>
      </Placemark>
      <Placemark>
        <name>Taller mecanico MARIN</name>
        <styleUrl>#icon-1590-0288D1-nodesc</styleUrl>
        <Point>
          <coordinates>
            -65.0565771,-42.7532606,0
          </coordinates>
        </Point>
      </Placemark>
      <Placemark>
        <name><![CDATA[Taller mecánico "CHIROLA"]]></name>
        <styleUrl>#icon-1590-0288D1-nodesc</styleUrl>
        <Point>
          <coordinates>
            -65.0516806,-42.7577057,0
          </coordinates>
        </Point>
      </Placemark>
      <Placemark>
        <name>Taller Roma Madryn</name>
        <styleUrl>#icon-1590-0288D1-nodesc</styleUrl>
        <Point>
          <coordinates>
            -65.0420797,-42.7562128,0
          </coordinates>
        </Point>
      </Placemark>
      <Placemark>
        <name>Taller mecanico perico</name>
        <styleUrl>#icon-1590-0288D1-nodesc</styleUrl>
        <Point>
          <coordinates>
            -65.0471007,-42.7798629,0
          </coordinates>
        </Point>
      </Placemark>
      <Placemark>
        <name>Taller Mecanico Integral : TMI</name>
        <styleUrl>#icon-1590-0288D1-nodesc</styleUrl>
        <Point>
          <coordinates>
            -65.0455438,-42.7766562,0
          </coordinates>
        </Point>
      </Placemark>
      <Placemark>
        <name>Mecánica Ebene</name>
        <styleUrl>#icon-1590-0288D1-nodesc</styleUrl>
        <Point>
          <coordinates>
            -65.0420459,-42.7732541,0
          </coordinates>
        </Point>
      </Placemark>
      <Placemark>
        <name>Walter y Javi - Los Mecánicos</name>
        <styleUrl>#icon-1590-0288D1-nodesc</styleUrl>
        <Point>
          <coordinates>
            -65.0470527,-42.779875,0
          </coordinates>
        </Point>
      </Placemark>
      <Placemark>
        <name>Mecánica Sanchez</name>
        <styleUrl>#icon-1590-0288D1-nodesc</styleUrl>
        <Point>
          <coordinates>
            -65.0464476,-42.7823745,0
          </coordinates>
        </Point>
      </Placemark>
      <Placemark>
        <name>Mecanica Flores</name>
        <styleUrl>#icon-1590-0288D1-nodesc</styleUrl>
        <Point>
          <coordinates>
            -66.1596411,-40.6839674,0
          </coordinates>
        </Point>
      </Placemark>
      <Placemark>
        <name>Mecánica Ligera</name>
        <styleUrl>#icon-1590-0288D1-nodesc</styleUrl>
        <Point>
          <coordinates>
            -66.1579832,-40.6817784,0
          </coordinates>
        </Point>
      </Placemark>
      <Placemark>
        <name>Mecanica El Tigre</name>
        <styleUrl>#icon-1590-0288D1-nodesc</styleUrl>
        <Point>
          <coordinates>
            -66.1646346,-40.6768262,0
          </coordinates>
        </Point>
      </Placemark>
      <Placemark>
        <name>El Brujo Taller Mecanico De Motos</name>
        <styleUrl>#icon-1633-0288D1-nodesc</styleUrl>
        <Point>
          <coordinates>
            -71.224407,-40.1333342,0
          </coordinates>
        </Point>
      </Placemark>
      <Placemark>
        <name>Taller y Gomeria COQUI</name>
        <styleUrl>#icon-1590-0288D1-nodesc</styleUrl>
        <Point>
          <coordinates>
            -70.806101,-43.497084,0
          </coordinates>
        </Point>
      </Placemark>
      <Placemark>
        <name>Taller De Motos</name>
        <styleUrl>#icon-1633-0288D1-nodesc</styleUrl>
        <Point>
          <coordinates>
            -64.2354987,-31.4767643,0
          </coordinates>
        </Point>
      </Placemark>
      <Placemark>
        <name>Motomecanica Oscar</name>
        <styleUrl>#icon-1633-0288D1-nodesc</styleUrl>
        <Point>
          <coordinates>
            -64.2299631,-31.4743268,0
          </coordinates>
        </Point>
      </Placemark>
      <Placemark>
        <name>Hugo Motos</name>
        <styleUrl>#icon-1633-0288D1-nodesc</styleUrl>
        <Point>
          <coordinates>
            -64.2294587,-31.4718425,0
          </coordinates>
        </Point>
      </Placemark>
      <Placemark>
        <name>ridergarage</name>
        <styleUrl>#icon-1633-0288D1-nodesc</styleUrl>
        <Point>
          <coordinates>
            -70.5758685,-33.519712,0
          </coordinates>
        </Point>
      </Placemark>
      <Placemark>
        <name>Taller mecánico Prado</name>
        <styleUrl>#icon-1590-0288D1-nodesc</styleUrl>
        <Point>
          <coordinates>
            -58.8141976,-27.5081089,0
          </coordinates>
        </Point>
      </Placemark>
      <Placemark>
        <name>Taller. Mecanica En Gral.</name>
        <styleUrl>#icon-1590-0288D1-nodesc</styleUrl>
        <Point>
          <coordinates>
            -58.820002,-27.4801621,0
          </coordinates>
        </Point>
      </Placemark>
      <Placemark>
        <name>El Mercedeño Taller Mecanico</name>
        <styleUrl>#icon-1590-0288D1-nodesc</styleUrl>
        <Point>
          <coordinates>
            -58.82876,-27.477358,0
          </coordinates>
        </Point>
      </Placemark>
      <Placemark>
        <name>GPS Taller - Mecanica Wi Car</name>
        <styleUrl>#icon-1590-0288D1-nodesc</styleUrl>
        <Point>
          <coordinates>
            -58.7890728,-27.4714544,0
          </coordinates>
        </Point>
      </Placemark>
      <Placemark>
        <name><![CDATA[Taller "La Esquina"]]></name>
        <styleUrl>#icon-1590-0288D1-nodesc</styleUrl>
        <Point>
          <coordinates>
            -58.8078222,-27.9567801,0
          </coordinates>
        </Point>
      </Placemark>
      <Placemark>
        <name>GPS Taller - Taller El Garage</name>
        <styleUrl>#icon-1590-0288D1-nodesc</styleUrl>
        <Point>
          <coordinates>
            -58.8128177,-27.9548791,0
          </coordinates>
        </Point>
      </Placemark>
      <Placemark>
        <name>Taller Mecanico Nuñez</name>
        <styleUrl>#icon-1590-0288D1-nodesc</styleUrl>
        <Point>
          <coordinates>
            -58.7883629,-27.9412902,0
          </coordinates>
        </Point>
      </Placemark>
      <Placemark>
        <name>Mecanica La Biela</name>
        <styleUrl>#icon-1590-0288D1-nodesc</styleUrl>
        <Point>
          <coordinates>
            -58.8064763,-27.9547274,0
          </coordinates>
        </Point>
      </Placemark>
      <Placemark>
        <name>Taller y repuestera de MOTOS</name>
        <styleUrl>#icon-1633-0288D1-nodesc</styleUrl>
        <Point>
          <coordinates>
            -58.8050024,-27.9470753,0
          </coordinates>
        </Point>
      </Placemark>
      <Placemark>
        <name>Taller De Silva</name>
        <styleUrl>#icon-1590-0288D1-nodesc</styleUrl>
        <Point>
          <coordinates>
            -58.7992341,-27.9509005,0
          </coordinates>
        </Point>
      </Placemark>
      <Placemark>
        <name>Mecanica El Patio</name>
        <styleUrl>#icon-1590-0288D1-nodesc</styleUrl>
        <Point>
          <coordinates>
            -58.7992042,-27.949057,0
          </coordinates>
        </Point>
      </Placemark>
      <Placemark>
        <name>Taller el ideal</name>
        <styleUrl>#icon-1590-0288D1-nodesc</styleUrl>
        <Point>
          <coordinates>
            -61.1711334,-26.5125204,0
          </coordinates>
        </Point>
      </Placemark>
      <Placemark>
        <name>Taller Adrian</name>
        <styleUrl>#icon-1590-0288D1-nodesc</styleUrl>
        <Point>
          <coordinates>
            -61.1802261,-26.4991401,0
          </coordinates>
        </Point>
      </Placemark>
      <Placemark>
        <name>Taller el ideal</name>
        <styleUrl>#icon-1590-0288D1-nodesc</styleUrl>
        <Point>
          <coordinates>
            -61.1820915,-26.5046228,0
          </coordinates>
        </Point>
      </Placemark>
      <Placemark>
        <name>MARTINEZ ARIEL</name>
        <styleUrl>#icon-1590-0288D1-nodesc</styleUrl>
        <Point>
          <coordinates>
            -61.1861918,-26.5045691,0
          </coordinates>
        </Point>
      </Placemark>
      <Placemark>
        <name>Taller cacho</name>
        <styleUrl>#icon-1590-0288D1-nodesc</styleUrl>
        <Point>
          <coordinates>
            -61.1717076,-26.5060245,0
          </coordinates>
        </Point>
      </Placemark>
      <Placemark>
        <name>Taller mecanico Joselo</name>
        <styleUrl>#icon-1590-0288D1-nodesc</styleUrl>
        <Point>
          <coordinates>
            -61.1712708,-26.5125477,0
          </coordinates>
        </Point>
      </Placemark>
      <Placemark>
        <name>Bicicletería Schaldan Bike</name>
        <styleUrl>#icon-1522-558B2F-nodesc</styleUrl>
        <Point>
          <coordinates>
            -57.9503551,-34.9214473,0
          </coordinates>
        </Point>
      </Placemark>
      <Placemark>
        <name>Bicicletas ROGE</name>
        <styleUrl>#icon-1522-558B2F-nodesc</styleUrl>
        <Point>
          <coordinates>
            -57.9762078,-34.9336019,0
          </coordinates>
        </Point>
      </Placemark>
      <Placemark>
        <name>Bicicleteria Hunter Bike</name>
        <styleUrl>#icon-1522-558B2F-nodesc</styleUrl>
        <Point>
          <coordinates>
            -57.9692589,-34.9035963,0
          </coordinates>
        </Point>
      </Placemark>
      <Placemark>
        <name>Concepto bike store</name>
        <styleUrl>#icon-1522-558B2F-nodesc</styleUrl>
        <Point>
          <coordinates>
            -57.9904864,-34.9314621,0
          </coordinates>
        </Point>
      </Placemark>
      <Placemark>
        <name>EL MUNDO DE LAS BICICLETAS</name>
        <styleUrl>#icon-1522-558B2F-nodesc</styleUrl>
        <Point>
          <coordinates>
            -57.9330482,-34.9265227,0
          </coordinates>
        </Point>
      </Placemark>
      <Placemark>
        <name>Bicicletería Raller Bikes</name>
        <styleUrl>#icon-1522-558B2F-nodesc</styleUrl>
        <Point>
          <coordinates>
            -57.9802585,-34.9242673,0
          </coordinates>
        </Point>
      </Placemark>
      <Placemark>
        <name>Vía Ku</name>
        <styleUrl>#icon-1633-558B2F-nodesc</styleUrl>
        <Point>
          <coordinates>
            -57.9555193,-34.9126293,0
          </coordinates>
        </Point>
      </Placemark>
      <Placemark>
        <name>Bicicletas Soria</name>
        <styleUrl>#icon-1522-558B2F-nodesc</styleUrl>
        <Point>
          <coordinates>
            -57.9432738,-34.9222382,0
          </coordinates>
        </Point>
      </Placemark>
      <Placemark>
        <name>Ale Bikes La Plata</name>
        <styleUrl>#icon-1522-558B2F-nodesc</styleUrl>
        <Point>
          <coordinates>
            -57.9375422,-34.9249339,0
          </coordinates>
        </Point>
      </Placemark>
      <Placemark>
        <name>Bicicletas PBK</name>
        <styleUrl>#icon-1522-558B2F-nodesc</styleUrl>
        <Point>
          <coordinates>
            -57.9324648,-34.9349378,0
          </coordinates>
        </Point>
      </Placemark>
      <Placemark>
        <name>Mecanica Laguna</name>
        <styleUrl>#icon-1590-0288D1-nodesc</styleUrl>
        <Point>
          <coordinates>
            -57.9728443,-34.900169,0
          </coordinates>
        </Point>
      </Placemark>
      <Placemark>
        <name><![CDATA[TALLER MECANICO P&P]]></name>
        <styleUrl>#icon-1590-0288D1-nodesc</styleUrl>
        <Point>
          <coordinates>
            -57.970142,-34.9037368,0
          </coordinates>
        </Point>
      </Placemark>
      <Placemark>
        <name>AB Mecánica Ligera</name>
        <styleUrl>#icon-1590-0288D1-nodesc</styleUrl>
        <Point>
          <coordinates>
            -57.9753069,-34.9053298,0
          </coordinates>
        </Point>
      </Placemark>
      <Placemark>
        <name>Mecánica Integral Tidada</name>
        <styleUrl>#icon-1590-0288D1-nodesc</styleUrl>
        <Point>
          <coordinates>
            -57.9626671,-34.9195974,0
          </coordinates>
        </Point>
      </Placemark>
      <Placemark>
        <name>Mecanica Nico</name>
        <styleUrl>#icon-1590-0288D1-nodesc</styleUrl>
        <Point>
          <coordinates>
            -57.9810189,-34.9240412,0
          </coordinates>
        </Point>
      </Placemark>
      <Placemark>
        <name>Taller Mecanico Molina Marin</name>
        <styleUrl>#icon-1590-0288D1-nodesc</styleUrl>
        <Point>
          <coordinates>
            -57.9759711,-34.9308895,0
          </coordinates>
        </Point>
      </Placemark>
      <Placemark>
        <name>GPS Taller - G.R Mecanica Integral</name>
        <styleUrl>#icon-1590-0288D1-nodesc</styleUrl>
        <Point>
          <coordinates>
            -57.959109,-34.9382489,0
          </coordinates>
        </Point>
      </Placemark>
      <Placemark>
        <name>Mecánica Derudi</name>
        <styleUrl>#icon-1590-0288D1-nodesc</styleUrl>
        <Point>
          <coordinates>
            -57.949725,-34.9393673,0
          </coordinates>
        </Point>
      </Placemark>
      <Placemark>
        <name>Mecánico José</name>
        <styleUrl>#icon-1590-0288D1-nodesc</styleUrl>
        <Point>
          <coordinates>
            -57.9500061,-34.9522554,0
          </coordinates>
        </Point>
      </Placemark>
      <Placemark>
        <name>GPS Taller - Mecanica Nazabal</name>
        <styleUrl>#icon-1590-0288D1-nodesc</styleUrl>
        <Point>
          <coordinates>
            -57.9524863,-34.9519677,0
          </coordinates>
        </Point>
      </Placemark>
      <Placemark>
        <name>Bicicleteria</name>
        <styleUrl>#icon-1522-558B2F-nodesc</styleUrl>
        <Point>
          <coordinates>
            -57.9087942,-34.9191274,0
          </coordinates>
        </Point>
      </Placemark>
      <Placemark>
        <name>Bicicletería</name>
        <styleUrl>#icon-1522-558B2F-nodesc</styleUrl>
        <Point>
          <coordinates>
            -57.9050841,-34.9173168,0
          </coordinates>
        </Point>
      </Placemark>
      <Placemark>
        <name>Bicicletería Oscar</name>
        <styleUrl>#icon-1522-558B2F-nodesc</styleUrl>
        <Point>
          <coordinates>
            -57.9220604,-34.9103047,0
          </coordinates>
        </Point>
      </Placemark>
      <Placemark>
        <name>Bicicletería Roberto</name>
        <styleUrl>#icon-1522-558B2F-nodesc</styleUrl>
        <Point>
          <coordinates>
            -57.9156945,-34.9062038,0
          </coordinates>
        </Point>
      </Placemark>
      <Placemark>
        <name>R. Giameiio</name>
        <styleUrl>#icon-1522-558B2F-nodesc</styleUrl>
        <Point>
          <coordinates>
            -57.8795191,-34.8728245,0
          </coordinates>
        </Point>
      </Placemark>
      <Placemark>
        <name>San Antonio BikeShop</name>
        <styleUrl>#icon-1522-558B2F-nodesc</styleUrl>
        <Point>
          <coordinates>
            -57.8915677,-34.8813888,0
          </coordinates>
        </Point>
      </Placemark>
      <Placemark>
        <name>Miklavec Rodados</name>
        <styleUrl>#icon-1522-558B2F-nodesc</styleUrl>
        <Point>
          <coordinates>
            -57.8737882,-34.8723862,0
          </coordinates>
        </Point>
      </Placemark>
      <Placemark>
        <name>Bicicleteria Giamello</name>
        <styleUrl>#icon-1522-558B2F-nodesc</styleUrl>
        <Point>
          <coordinates>
            -57.8794586,-34.8727923,0
          </coordinates>
        </Point>
      </Placemark>
      <Placemark>
        <name>La Rueda Bicicleteria</name>
        <styleUrl>#icon-1522-558B2F-nodesc</styleUrl>
        <Point>
          <coordinates>
            -57.8749103,-34.8723002,0
          </coordinates>
        </Point>
      </Placemark>
      <Placemark>
        <name>Bicicletería El Nono</name>
        <styleUrl>#icon-1522-558B2F-nodesc</styleUrl>
        <Point>
          <coordinates>
            -57.8872595,-34.87547,0
          </coordinates>
        </Point>
      </Placemark>
      <Placemark>
        <name><![CDATA["BICICLERIA MARQUEZ"]]></name>
        <styleUrl>#icon-1522-558B2F-nodesc</styleUrl>
        <Point>
          <coordinates>
            -57.5148395,-35.0816987,0
          </coordinates>
        </Point>
      </Placemark>
      <Placemark>
        <name>Bicicleteria</name>
        <styleUrl>#icon-1522-558B2F-nodesc</styleUrl>
        <Point>
          <coordinates>
            -57.526701,-35.0757608,0
          </coordinates>
        </Point>
      </Placemark>
      <Placemark>
        <name>GPS Taller - Landa Hnos</name>
        <styleUrl>#icon-1590-0288D1-nodesc</styleUrl>
        <Point>
          <coordinates>
            -57.5200541,-35.0789605,0
          </coordinates>
        </Point>
      </Placemark>
      <Placemark>
        <name>veramotos</name>
        <styleUrl>#icon-1633-0288D1-nodesc</styleUrl>
        <Point>
          <coordinates>
            -57.5414668,-35.0666511,0
          </coordinates>
        </Point>
      </Placemark>
      <Placemark>
        <name>Taller pelolargo</name>
        <styleUrl>#icon-1590-0288D1-nodesc</styleUrl>
        <Point>
          <coordinates>
            -57.5312651,-35.0730049,0
          </coordinates>
        </Point>
      </Placemark>
      <Placemark>
        <name>Cars dock</name>
        <styleUrl>#icon-1590-0288D1-nodesc</styleUrl>
        <Point>
          <coordinates>
            -57.5312648,-35.0729783,0
          </coordinates>
        </Point>
      </Placemark>
      <Placemark>
        <name>GPS Taller - Legnabot S.H.</name>
        <styleUrl>#icon-1590-0288D1-nodesc</styleUrl>
        <Point>
          <coordinates>
            -57.5251305,-35.0743865,0
          </coordinates>
        </Point>
      </Placemark>
      <Placemark>
        <name>Taller de Inyección y tecnología electrónica automotriz</name>
        <styleUrl>#icon-1590-0288D1-nodesc</styleUrl>
        <Point>
          <coordinates>
            -57.5153826,-35.0768063,0
          </coordinates>
        </Point>
      </Placemark>
      <Placemark>
        <name>GPS Taller - Mecanica Sala</name>
        <styleUrl>#icon-1590-0288D1-nodesc</styleUrl>
        <Point>
          <coordinates>
            -57.5168017,-35.0750526,0
          </coordinates>
        </Point>
      </Placemark>
      <Placemark>
        <name>Mecánica y GNC - Monteagudo</name>
        <styleUrl>#icon-1590-0288D1-nodesc</styleUrl>
        <Point>
          <coordinates>
            -57.5224289,-35.0748602,0
          </coordinates>
        </Point>
      </Placemark>
      <Placemark>
        <name><![CDATA[Taller "El Ruso"]]></name>
        <styleUrl>#icon-1590-0288D1-nodesc</styleUrl>
        <Point>
          <coordinates>
            -57.5084197,-35.0808051,0
          </coordinates>
        </Point>
      </Placemark>
      <Placemark>
        <name>Taller MMA mecanica integral inyección nafta y diesel junto a Eco Wash. Estacion de lavado</name>
        <styleUrl>#icon-1590-0288D1-nodesc</styleUrl>
        <Point>
          <coordinates>
            -57.5153586,-35.0881886,0
          </coordinates>
        </Point>
      </Placemark>
      <Placemark>
        <name>Autodidacta Servicio Integral</name>
        <styleUrl>#icon-1899-DB4436-nodesc</styleUrl>
        <Point>
          <coordinates>
            -57.2303417,-35.272062,0
          </coordinates>
        </Point>
      </Placemark>
      <Placemark>
        <name>Charly Mottet Bikecenter</name>
        <styleUrl>#icon-1522-558B2F-nodesc</styleUrl>
        <Point>
          <coordinates>
            -57.3433696,-35.3866806,0
          </coordinates>
        </Point>
      </Placemark>
      <Placemark>
        <name>Bicicletería Sisti Bicisisti</name>
        <styleUrl>#icon-1522-558B2F-nodesc</styleUrl>
        <Point>
          <coordinates>
            -57.3364915,-35.3902961,0
          </coordinates>
        </Point>
      </Placemark>
      <Placemark>
        <name>Bicimania</name>
        <styleUrl>#icon-1522-558B2F-nodesc</styleUrl>
        <Point>
          <coordinates>
            -57.3380743,-35.3891668,0
          </coordinates>
        </Point>
      </Placemark>
      <Placemark>
        <name>Taller Mecanico San Clemen</name>
        <styleUrl>#icon-1590-0288D1-nodesc</styleUrl>
        <Point>
          <coordinates>
            -56.7281335,-36.3592674,0
          </coordinates>
        </Point>
      </Placemark>
      <Placemark>
        <name>GPS Taller - YPF Boxes San Clemente</name>
        <styleUrl>#icon-1590-0288D1-nodesc</styleUrl>
        <Point>
          <coordinates>
            -56.7176382,-36.3732118,0
          </coordinates>
        </Point>
      </Placemark>
      <Placemark>
        <name><![CDATA[Electricidad y mecánica"san clemente"]]></name>
        <styleUrl>#icon-1590-0288D1-nodesc</styleUrl>
        <Point>
          <coordinates>
            -56.7281841,-36.3591922,0
          </coordinates>
        </Point>
      </Placemark>
      <Placemark>
        <name>Taller Mecánico Sabando</name>
        <styleUrl>#icon-1590-0288D1-nodesc</styleUrl>
        <Point>
          <coordinates>
            -56.7258186,-36.3618011,0
          </coordinates>
        </Point>
      </Placemark>
      <Placemark>
        <name>SEA Taller Electricidad Del Automotor</name>
        <styleUrl>#icon-1590-0288D1-nodesc</styleUrl>
        <Point>
          <coordinates>
            -56.7276365,-36.3570074,0
          </coordinates>
        </Point>
      </Placemark>
      <Placemark>
        <name>Inyecpro Taller de inyección electrónica</name>
        <styleUrl>#icon-1590-0288D1-nodesc</styleUrl>
        <Point>
          <coordinates>
            -56.7434131,-36.3422493,0
          </coordinates>
        </Point>
      </Placemark>
      <Placemark>
        <name>Taller Flavio</name>
        <styleUrl>#icon-1590-0288D1-nodesc</styleUrl>
        <Point>
          <coordinates>
            -56.7276914,-36.3866222,0
          </coordinates>
        </Point>
      </Placemark>
      <Placemark>
        <name>Arreglo Cuatri</name>
        <styleUrl>#icon-1754-0288D1-nodesc</styleUrl>
        <Point>
          <coordinates>
            -56.733772,-36.3427016,0
          </coordinates>
        </Point>
      </Placemark>
      <Placemark>
        <name>Centro de Mecánica integral</name>
        <styleUrl>#icon-1590-0288D1-nodesc</styleUrl>
        <Point>
          <coordinates>
            -56.7280966,-36.3865364,0
          </coordinates>
        </Point>
      </Placemark>
      <Placemark>
        <name><![CDATA[Bicicleteria "Diez"]]></name>
        <styleUrl>#icon-1522-558B2F-nodesc</styleUrl>
        <Point>
          <coordinates>
            -56.6956752,-36.4967544,0
          </coordinates>
        </Point>
      </Placemark>
      <Placemark>
        <name>RODANDO</name>
        <styleUrl>#icon-1522-558B2F-nodesc</styleUrl>
        <Point>
          <coordinates>
            -56.6945021,-36.4922936,0
          </coordinates>
        </Point>
      </Placemark>
      <Placemark>
        <name>rodados Sivori</name>
        <styleUrl>#icon-1522-558B2F-nodesc</styleUrl>
        <Point>
          <coordinates>
            -56.7058186,-36.497383,0
          </coordinates>
        </Point>
      </Placemark>
      <Placemark>
        <name>7105bikes</name>
        <styleUrl>#icon-1522-558B2F-nodesc</styleUrl>
        <Point>
          <coordinates>
            -56.7229821,-36.3536493,0
          </coordinates>
        </Point>
      </Placemark>
      <Placemark>
        <name>Bicicleteria El Rayo</name>
        <styleUrl>#icon-1522-558B2F-nodesc</styleUrl>
        <Point>
          <coordinates>
            -56.7170943,-36.3711281,0
          </coordinates>
        </Point>
      </Placemark>
      <Placemark>
        <name>Pro bikes san clemente</name>
        <styleUrl>#icon-1522-558B2F-nodesc</styleUrl>
        <Point>
          <coordinates>
            -56.7223222,-36.3598281,0
          </coordinates>
        </Point>
      </Placemark>
      <Placemark>
        <name><![CDATA[Vicky's Bikes]]></name>
        <styleUrl>#icon-1522-558B2F-nodesc</styleUrl>
        <Point>
          <coordinates>
            -56.7224875,-36.3572391,0
          </coordinates>
        </Point>
      </Placemark>
      <Placemark>
        <name>Tuyu Bikes</name>
        <styleUrl>#icon-1522-558B2F-nodesc</styleUrl>
        <Point>
          <coordinates>
            -56.7226704,-36.357031,0
          </coordinates>
        </Point>
      </Placemark>
      <Placemark>
        <name>El Loco Lamas</name>
        <styleUrl>#icon-1522-558B2F-nodesc</styleUrl>
        <Point>
          <coordinates>
            -65.6078223,-22.1042727,0
          </coordinates>
        </Point>
      </Placemark>
      <Placemark>
        <name>Bicecleteria Albin</name>
        <styleUrl>#icon-1522-558B2F-nodesc</styleUrl>
        <Point>
          <coordinates>
            -65.6007595,-22.0870765,0
          </coordinates>
        </Point>
      </Placemark>
      <Placemark>
        <name>TODO EN BICI ‍ ️</name>
        <styleUrl>#icon-1522-558B2F-nodesc</styleUrl>
        <Point>
          <coordinates>
            -65.5988569,-22.0863151,0
          </coordinates>
        </Point>
      </Placemark>
      <Placemark>
        <name>Bicis albin</name>
        <styleUrl>#icon-1522-558B2F-nodesc</styleUrl>
        <Point>
          <coordinates>
            -65.6000348,-22.0860913,0
          </coordinates>
        </Point>
      </Placemark>
      <Placemark>
        <name>Taller Mecanico La Tuerquita De Jorge Moscoso</name>
        <styleUrl>#icon-1590-0288D1-nodesc</styleUrl>
        <Point>
          <coordinates>
            -65.5928122,-22.1012174,0
          </coordinates>
        </Point>
      </Placemark>
      <Placemark>
        <name>LICANS CARS</name>
        <styleUrl>#icon-1590-0288D1-nodesc</styleUrl>
        <Point>
          <coordinates>
            -65.6075173,-22.0876851,0
          </coordinates>
        </Point>
      </Placemark>
      <Placemark>
        <name>Taller Mecanico</name>
        <styleUrl>#icon-1590-0288D1-nodesc</styleUrl>
        <Point>
          <coordinates>
            -65.6082533,-22.0880423,0
          </coordinates>
        </Point>
      </Placemark>
      <Placemark>
        <name>Taller de chapa y pintura La Quiaca</name>
        <styleUrl>#icon-1590-0288D1-nodesc</styleUrl>
        <Point>
          <coordinates>
            -65.5941973,-22.0985503,0
          </coordinates>
        </Point>
      </Placemark>
      <Placemark>
        <name>GPS Taller - Electricidad David</name>
        <styleUrl>#icon-1590-0288D1-nodesc</styleUrl>
        <Point>
          <coordinates>
            -65.5898732,-22.1058804,0
          </coordinates>
        </Point>
      </Placemark>
      <Placemark>
        <name>Moto Mundo Repuestos Y Accesorios</name>
        <styleUrl>#icon-1633-0288D1-nodesc</styleUrl>
        <Point>
          <coordinates>
            -65.5933163,-22.1038455,0
          </coordinates>
        </Point>
      </Placemark>
      <Placemark>
        <name>Bulonera y Repuestos C-H</name>
        <styleUrl>#icon-1590-0288D1-nodesc</styleUrl>
        <Point>
          <coordinates>
            -65.5908371,-22.1006473,0
          </coordinates>
        </Point>
      </Placemark>
      <Placemark>
        <name>Serví. tec. automotriz Rodrigues</name>
        <styleUrl>#icon-1590-0288D1-nodesc</styleUrl>
        <Point>
          <coordinates>
            -65.6006709,-22.114654,0
          </coordinates>
        </Point>
      </Placemark>
      <Placemark>
        <name><![CDATA[GPS Taller - Calisaya "Riki" Electricidad]]></name>
        <styleUrl>#icon-1590-0288D1-nodesc</styleUrl>
        <Point>
          <coordinates>
            -65.6022678,-22.1103593,0
          </coordinates>
        </Point>
      </Placemark>
      <Placemark>
        <name>LUBRINOR</name>
        <styleUrl>#icon-1899-DB4436-nodesc</styleUrl>
        <Point>
          <coordinates>
            -65.5991464,-22.1088754,0
          </coordinates>
        </Point>
      </Placemark>
      <Placemark>
        <name>F.C MOTO REPUESTOS</name>
        <styleUrl>#icon-1633-0288D1-nodesc</styleUrl>
        <Point>
          <coordinates>
            -65.5946488,-22.1027771,0
          </coordinates>
        </Point>
      </Placemark>
      <Placemark>
        <name>Moto Repuestos Cary</name>
        <styleUrl>#icon-1633-0288D1-nodesc</styleUrl>
        <Point>
          <coordinates>
            -65.5946273,-22.1028244,0
          </coordinates>
        </Point>
      </Placemark>
      <Placemark>
        <name>Taller Mecanico La Tuerquita De Jorge Moscoso</name>
        <styleUrl>#icon-1590-0288D1-nodesc</styleUrl>
        <Point>
          <coordinates>
            -65.5928122,-22.1012174,0
          </coordinates>
        </Point>
      </Placemark>
      <Placemark>
        <name>GAMBIKE</name>
        <styleUrl>#icon-1522-558B2F-nodesc</styleUrl>
        <Point>
          <coordinates>
            -77.0181056,-12.084316,0
          </coordinates>
        </Point>
      </Placemark>
      <Placemark>
        <name>Bicicleteria Santa Catalina</name>
        <styleUrl>#icon-1522-558B2F-nodesc</styleUrl>
        <Point>
          <coordinates>
            -56.0101673,-28.0492882,0
          </coordinates>
        </Point>
      </Placemark>
      <Placemark>
        <name>Bicicleteria Baby Cicles</name>
        <styleUrl>#icon-1522-558B2F-nodesc</styleUrl>
        <Point>
          <coordinates>
            -65.2928871,-24.1970107,0
          </coordinates>
        </Point>
      </Placemark>
      <Placemark>
        <name><![CDATA[Bicicleteria Robert's]]></name>
        <styleUrl>#icon-1522-558B2F-nodesc</styleUrl>
        <Point>
          <coordinates>
            -65.2025669,-24.2529534,0
          </coordinates>
        </Point>
      </Placemark>
      <Placemark>
        <name>Bicicletería La Bici</name>
        <styleUrl>#icon-1522-558B2F-nodesc</styleUrl>
        <Point>
          <coordinates>
            -65.209985,-24.2601279,0
          </coordinates>
        </Point>
      </Placemark>
      <Placemark>
        <name>Gem bikes</name>
        <styleUrl>#icon-1522-558B2F-nodesc</styleUrl>
        <Point>
          <coordinates>
            -64.4394629,-33.2100884,0
          </coordinates>
        </Point>
      </Placemark>
      <Placemark>
        <name>Bicicleteria Santa Catalina</name>
        <styleUrl>#icon-1522-558B2F-nodesc</styleUrl>
        <Point>
          <coordinates>
            -55.9108222,-27.3804111,0
          </coordinates>
        </Point>
      </Placemark>
      <Placemark>
        <name>Taller mecánico</name>
        <styleUrl>#icon-1590-0288D1-nodesc</styleUrl>
        <Point>
          <coordinates>
            -65.4663444,-23.7441104,0
          </coordinates>
        </Point>
      </Placemark>
      <Placemark>
        <name>GPS Taller - Mecanica Amarilla</name>
        <styleUrl>#icon-1590-0288D1-nodesc</styleUrl>
        <Point>
          <coordinates>
            -65.3229099,-24.1939293,0
          </coordinates>
        </Point>
      </Placemark>
      <Placemark>
        <name>Mecánico Gabriel</name>
        <styleUrl>#icon-1590-0288D1-nodesc</styleUrl>
        <Point>
          <coordinates>
            -65.298371,-24.1806494,0
          </coordinates>
        </Point>
      </Placemark>
      <Placemark>
        <name>GPS Taller - Mecanica Miky</name>
        <styleUrl>#icon-1590-0288D1-nodesc</styleUrl>
        <Point>
          <coordinates>
            -65.3000071,-24.2010147,0
          </coordinates>
        </Point>
      </Placemark>
      <Placemark>
        <name>GPS Taller - Augusto C. Brion</name>
        <styleUrl>#icon-1590-0288D1-nodesc</styleUrl>
        <Point>
          <coordinates>
            -65.2833946,-24.2069629,0
          </coordinates>
        </Point>
      </Placemark>
      <Placemark>
        <name>MECANICA INTEGRAL JEM</name>
        <styleUrl>#icon-1590-0288D1-nodesc</styleUrl>
        <Point>
          <coordinates>
            -65.2154059,-24.2456073,0
          </coordinates>
        </Point>
      </Placemark>
      <Placemark>
        <name>Mecanica contreras ️</name>
        <styleUrl>#icon-1590-0288D1-nodesc</styleUrl>
        <Point>
          <coordinates>
            -65.253747,-24.2601475,0
          </coordinates>
        </Point>
      </Placemark>
      <Placemark>
        <name>GPS Taller - Raul Ricardo Rios</name>
        <styleUrl>#icon-1590-0288D1-nodesc</styleUrl>
        <Point>
          <coordinates>
            -65.2231088,-24.2708803,0
          </coordinates>
        </Point>
      </Placemark>
      <Placemark>
        <name>GPS Taller - Ginato Integral Service</name>
        <styleUrl>#icon-1590-0288D1-nodesc</styleUrl>
        <Point>
          <coordinates>
            -65.2633184,-24.3861886,0
          </coordinates>
        </Point>
      </Placemark>
      <Placemark>
        <name>El coya taller en general</name>
        <styleUrl>#icon-1590-0288D1-nodesc</styleUrl>
        <Point>
          <coordinates>
            -66.3652582,-23.4003895,0
          </coordinates>
        </Point>
      </Placemark>
      <Placemark>
        <name><![CDATA[Taller mecanico integral "piolin"]]></name>
        <styleUrl>#icon-1590-0288D1-nodesc</styleUrl>
        <Point>
          <coordinates>
            -66.3165838,-24.2179529,0
          </coordinates>
        </Point>
      </Placemark>
      <Placemark>
        <name>Bicicleteria - Bikes</name>
        <styleUrl>#icon-1522-558B2F-nodesc</styleUrl>
        <Point>
          <coordinates>
            -66.1607172,-25.1200188,0
          </coordinates>
        </Point>
      </Placemark>
      <Placemark>
        <name>Mecanica general Verdozo</name>
        <styleUrl>#icon-1590-0288D1-nodesc</styleUrl>
        <Point>
          <coordinates>
            -66.172806,-25.1261782,0
          </coordinates>
        </Point>
      </Placemark>
      <Placemark>
        <name>Taller Motos Ruta 40</name>
        <styleUrl>#icon-1633-0288D1-nodesc</styleUrl>
        <Point>
          <coordinates>
            -66.1628967,-25.1214896,0
          </coordinates>
        </Point>
      </Placemark>
      <Placemark>
        <name><![CDATA[Taller de Chapa y Pintura "El Artesano"]]></name>
        <styleUrl>#icon-1590-0288D1-nodesc</styleUrl>
        <Point>
          <coordinates>
            -66.1734988,-25.1099231,0
          </coordinates>
        </Point>
      </Placemark>
      <Placemark>
        <name>GPS Taller - Mecanica Flores</name>
        <styleUrl>#icon-1590-0288D1-nodesc</styleUrl>
        <Point>
          <coordinates>
            -66.185408,-25.100534,0
          </coordinates>
        </Point>
      </Placemark>
      <Placemark>
        <name>Taller Ariel Vasquez</name>
        <styleUrl>#icon-1590-0288D1-nodesc</styleUrl>
        <Point>
          <coordinates>
            -66.1720943,-25.1110782,0
          </coordinates>
        </Point>
      </Placemark>
      <Placemark>
        <name>Taller Mecanico 8 hermanos</name>
        <styleUrl>#icon-1590-0288D1-nodesc</styleUrl>
        <Point>
          <coordinates>
            -66.1599996,-25.1197652,0
          </coordinates>
        </Point>
      </Placemark>
      <Placemark>
        <name>Bicicleteria y Gomeria David</name>
        <styleUrl>#icon-1522-558B2F-nodesc</styleUrl>
        <Point>
          <coordinates>
            -66.1625819,-25.1207963,0
          </coordinates>
        </Point>
      </Placemark>
      <Placemark>
        <name><![CDATA[Servicios Mecanico "LA ESTRELLA"]]></name>
        <styleUrl>#icon-1590-0288D1-nodesc</styleUrl>
        <Point>
          <coordinates>
            -66.0909749,-25.0489367,0
          </coordinates>
        </Point>
      </Placemark>
      <Placemark>
        <name>Taller De Motos JD</name>
        <styleUrl>#icon-1633-0288D1-nodesc</styleUrl>
        <Point>
          <coordinates>
            -66.0974849,-25.0486217,0
          </coordinates>
        </Point>
      </Placemark>
      <Placemark>
        <name>Taller de motos los hnos marca registrada</name>
        <styleUrl>#icon-1633-0288D1-nodesc</styleUrl>
        <Point>
          <coordinates>
            -65.6397732,-24.9101941,0
          </coordinates>
        </Point>
      </Placemark>
      <Placemark>
        <name>Taller Mecánico</name>
        <styleUrl>#icon-1590-0288D1-nodesc</styleUrl>
        <Point>
          <coordinates>
            -65.628196,-24.9137532,0
          </coordinates>
        </Point>
      </Placemark>
      <Placemark>
        <name>RG Taller Mecánico</name>
        <styleUrl>#icon-1590-0288D1-nodesc</styleUrl>
        <Point>
          <coordinates>
            -65.5601264,-24.871822,0
          </coordinates>
        </Point>
      </Placemark>
      <Placemark>
        <name>Mecanica Orilla</name>
        <styleUrl>#icon-1590-0288D1-nodesc</styleUrl>
        <Point>
          <coordinates>
            -65.4674839,-24.8153594,0
          </coordinates>
        </Point>
      </Placemark>
      <Placemark>
        <name>TALLER MECANICO TANA</name>
        <styleUrl>#icon-1590-0288D1-nodesc</styleUrl>
        <Point>
          <coordinates>
            -65.4453085,-24.843636,0
          </coordinates>
        </Point>
      </Placemark>
      <Placemark>
        <name>BOHEMIA Mecánica y electricidad</name>
        <styleUrl>#icon-1590-0288D1-nodesc</styleUrl>
        <Point>
          <coordinates>
            -65.4465511,-24.8447088,0
          </coordinates>
        </Point>
      </Placemark>
      <Placemark>
        <name>Bicicleteria SantyBike</name>
        <styleUrl>#icon-1522-558B2F-nodesc</styleUrl>
        <Point>
          <coordinates>
            -65.4329373,-24.852517,0
          </coordinates>
        </Point>
      </Placemark>
      <Placemark>
        <name>Alvear Bikes</name>
        <styleUrl>#icon-1522-558B2F-nodesc</styleUrl>
        <Point>
          <coordinates>
            -65.4878364,-24.8409422,0
          </coordinates>
        </Point>
      </Placemark>
      <Placemark>
        <name>Bicicletearía</name>
        <styleUrl>#icon-1522-558B2F-nodesc</styleUrl>
        <Point>
          <coordinates>
            -66.2941673,-25.439656,0
          </coordinates>
        </Point>
      </Placemark>
      <Placemark>
        <name>CVA BIKES</name>
        <styleUrl>#icon-1522-558B2F-nodesc</styleUrl>
        <Point>
          <coordinates>
            -66.0523371,-26.7068838,0
          </coordinates>
        </Point>
      </Placemark>
      <Placemark>
        <name>EnBiciAndo deporte aventura</name>
        <styleUrl>#icon-1522-558B2F-nodesc</styleUrl>
        <Point>
          <coordinates>
            -66.043496,-26.690198,0
          </coordinates>
        </Point>
      </Placemark>
      <Placemark>
        <name>Taller mecánico</name>
        <styleUrl>#icon-1590-0288D1-nodesc</styleUrl>
        <Point>
          <coordinates>
            -66.0404741,-26.7127091,0
          </coordinates>
        </Point>
      </Placemark>
      <Placemark>
        <name>Mecánica de Motocicletas S.O.S</name>
        <styleUrl>#icon-1633-0288D1-nodesc</styleUrl>
        <Point>
          <coordinates>
            -66.0455904,-26.6910736,0
          </coordinates>
        </Point>
      </Placemark>
      <Placemark>
        <name>GPS Taller - SCR Repuestos</name>
        <styleUrl>#icon-1590-0288D1-nodesc</styleUrl>
        <Point>
          <coordinates>
            -66.061485,-26.695014,0
          </coordinates>
        </Point>
      </Placemark>
      <Placemark>
        <name>Inject Car</name>
        <styleUrl>#icon-1590-0288D1-nodesc</styleUrl>
        <Point>
          <coordinates>
            -66.0427994,-26.6938867,0
          </coordinates>
        </Point>
      </Placemark>
      <Placemark>
        <name>Taller 9 De Julio</name>
        <styleUrl>#icon-1590-0288D1-nodesc</styleUrl>
        <Point>
          <coordinates>
            -66.0506161,-26.7004013,0
          </coordinates>
        </Point>
      </Placemark>
      <Placemark>
        <name>GPS Taller - TALLER ISASM</name>
        <styleUrl>#icon-1590-0288D1-nodesc</styleUrl>
        <Point>
          <coordinates>
            -66.0486297,-26.6988015,0
          </coordinates>
        </Point>
      </Placemark>
      <Placemark>
        <name>Mecanico</name>
        <styleUrl>#icon-1590-0288D1-nodesc</styleUrl>
        <Point>
          <coordinates>
            -66.0475749,-26.7040416,0
          </coordinates>
        </Point>
      </Placemark>
      <Placemark>
        <name>Scrrepuestos</name>
        <styleUrl>#icon-1590-0288D1-nodesc</styleUrl>
        <Point>
          <coordinates>
            -66.0537073,-26.7058489,0
          </coordinates>
        </Point>
      </Placemark>
      <Placemark>
        <name>La 40 Soluciones Mecanicas</name>
        <styleUrl>#icon-1590-0288D1-nodesc</styleUrl>
        <Point>
          <coordinates>
            -66.0564864,-26.7081132,0
          </coordinates>
        </Point>
      </Placemark>
      <Placemark>
        <name>MGD MOTOS</name>
        <styleUrl>#icon-1633-0288D1-nodesc</styleUrl>
        <Point>
          <coordinates>
            -66.0560382,-26.7102602,0
          </coordinates>
        </Point>
      </Placemark>
      <Placemark>
        <name>Taller ruta 40</name>
        <styleUrl>#icon-1590-0288D1-nodesc</styleUrl>
        <Point>
          <coordinates>
            -68.5264685,-31.5962904,0
          </coordinates>
        </Point>
      </Placemark>
      <Placemark>
        <name>GPS taller</name>
        <styleUrl>#icon-1590-0288D1-nodesc</styleUrl>
        <Point>
          <coordinates>
            -68.549261,-31.691643,0
          </coordinates>
        </Point>
      </Placemark>
      <Placemark>
        <name>Taller Mecanico Camilo</name>
        <styleUrl>#icon-1590-0288D1-nodesc</styleUrl>
        <Point>
          <coordinates>
            -68.3819977,-31.8901082,0
          </coordinates>
        </Point>
      </Placemark>
      <Placemark>
        <name>MECÁNICA REYES</name>
        <styleUrl>#icon-1590-0288D1-nodesc</styleUrl>
        <Point>
          <coordinates>
            -68.8738402,-33.069392,0
          </coordinates>
        </Point>
      </Placemark>
      <Placemark>
        <name>REPSA</name>
        <styleUrl>#icon-1590-0288D1-nodesc</styleUrl>
        <Point>
          <coordinates>
            -69.0574253,-33.7613713,0
          </coordinates>
        </Point>
      </Placemark>
      <Placemark>
        <name>Mecánica</name>
        <styleUrl>#icon-1590-0288D1-nodesc</styleUrl>
        <Point>
          <coordinates>
            -69.0741568,-33.8864549,0
          </coordinates>
        </Point>
      </Placemark>
      <Placemark>
        <name>Eurotaller R40</name>
        <styleUrl>#icon-1590-0288D1-nodesc</styleUrl>
        <Point>
          <coordinates>
            -70.2704263,-37.3495446,0
          </coordinates>
        </Point>
      </Placemark>
      <Placemark>
        <name>Taller y Gomeria COQUI</name>
        <styleUrl>#icon-1590-0288D1-nodesc</styleUrl>
        <Point>
          <coordinates>
            -71.5142133,-42.0714496,0
          </coordinates>
        </Point>
      </Placemark>
      <Placemark>
        <name>TALLER HP</name>
        <styleUrl>#icon-1590-0288D1-nodesc</styleUrl>
        <Point>
          <coordinates>
            -71.5452561,-42.0339476,0
          </coordinates>
        </Point>
      </Placemark>
      <Placemark>
        <name>Venzo Córdoba Bike Shop</name>
        <styleUrl>#icon-1522-558B2F-nodesc</styleUrl>
        <Point>
          <coordinates>
            -64.1881978,-31.4266889,0
          </coordinates>
        </Point>
      </Placemark>
      <Placemark>
        <name>Bicicletas Oxea</name>
        <styleUrl>#icon-1522-558B2F-nodesc</styleUrl>
        <Point>
          <coordinates>
            -64.1789807,-31.411378,0
          </coordinates>
        </Point>
      </Placemark>
      <Placemark>
        <name>Taller Molina e Hjos</name>
        <styleUrl>#icon-1590-0288D1-nodesc</styleUrl>
        <Point>
          <coordinates>
            -59.9885693,-34.9231212,0
          </coordinates>
        </Point>
      </Placemark>
      <Placemark>
        <name>Alberto rueda</name>
        <styleUrl>#icon-1590-0288D1-nodesc</styleUrl>
        <Point>
          <coordinates>
            -62.7231811,-36.0025648,0
          </coordinates>
        </Point>
      </Placemark>
      <Placemark>
        <name>Taller La Estrella</name>
        <styleUrl>#icon-1590-0288D1-nodesc</styleUrl>
        <Point>
          <coordinates>
            -62.7617856,-35.9973786,0
          </coordinates>
        </Point>
      </Placemark>
      <Placemark>
        <name>EP Servicio Mecánico</name>
        <styleUrl>#icon-1590-0288D1-nodesc</styleUrl>
        <Point>
          <coordinates>
            -63.4144486,-36.3916167,0
          </coordinates>
        </Point>
      </Placemark>
      <Placemark>
        <name>Taller mecanico pinocho</name>
        <styleUrl>#icon-1590-0288D1-nodesc</styleUrl>
        <Point>
          <coordinates>
            -63.4230088,-36.4161311,0
          </coordinates>
        </Point>
      </Placemark>
      <Placemark>
        <name>Taller Mecanico EL Arito</name>
        <styleUrl>#icon-1590-0288D1-nodesc</styleUrl>
        <Point>
          <coordinates>
            -63.627265,-36.4641242,0
          </coordinates>
        </Point>
      </Placemark>
      <Placemark>
        <name><![CDATA[Gomeria y taller mecánico "LUIS" servicios al campo]]></name>
        <styleUrl>#icon-1590-0288D1-nodesc</styleUrl>
        <Point>
          <coordinates>
            -63.6203427,-36.4617809,0
          </coordinates>
        </Point>
      </Placemark>
      <Placemark>
        <name>GPS Taller - Taller Mecanico Alonso</name>
        <styleUrl>#icon-1590-0288D1-nodesc</styleUrl>
        <Point>
          <coordinates>
            -64.2898611,-36.6295924,0
          </coordinates>
        </Point>
      </Placemark>
      <Placemark>
        <name>LA 25 Gomería, Taller Mecánico y Lubricentro</name>
        <styleUrl>#icon-1590-0288D1-nodesc</styleUrl>
        <Point>
          <coordinates>
            -58.7977405,-34.6264484,0
          </coordinates>
        </Point>
      </Placemark>
      <Placemark>
        <name>GPS Taller - Junior Gas Motor</name>
        <styleUrl>#icon-1590-0288D1-nodesc</styleUrl>
        <Point>
          <coordinates>
            -58.9023404,-34.4744525,0
          </coordinates>
        </Point>
      </Placemark>
      <Placemark>
        <name>Mecanica Javier</name>
        <styleUrl>#icon-1590-0288D1-nodesc</styleUrl>
        <Point>
          <coordinates>
            -58.8989446,-34.4643132,0
          </coordinates>
        </Point>
      </Placemark>
      <Placemark>
        <name>Gerardi Roberto - Taller Mecanico</name>
        <styleUrl>#icon-1590-0288D1-nodesc</styleUrl>
        <Point>
          <coordinates>
            -58.9053615,-34.4569552,0
          </coordinates>
        </Point>
      </Placemark>
      <Placemark>
        <name>Mecánica Pedro Gomes (Taller Mecánico)</name>
        <styleUrl>#icon-1590-0288D1-nodesc</styleUrl>
        <Point>
          <coordinates>
            -58.9020607,-34.444545,0
          </coordinates>
        </Point>
      </Placemark>
      <Placemark>
        <name>Taller MG Mecanica GNC</name>
        <styleUrl>#icon-1590-0288D1-nodesc</styleUrl>
        <Point>
          <coordinates>
            -58.9010021,-34.4436919,0
          </coordinates>
        </Point>
      </Placemark>
      <Placemark>
        <name>Servicio Mecanico Daniel</name>
        <styleUrl>#icon-1590-0288D1-nodesc</styleUrl>
        <Point>
          <coordinates>
            -58.8924453,-34.4369446,0
          </coordinates>
        </Point>
      </Placemark>
      <Placemark>
        <name>Taller Mecánico Leggini</name>
        <styleUrl>#icon-1590-0288D1-nodesc</styleUrl>
        <Point>
          <coordinates>
            -58.8714896,-34.4153581,0
          </coordinates>
        </Point>
      </Placemark>
      <Placemark>
        <name>Taller Roselli</name>
        <styleUrl>#icon-1590-0288D1-nodesc</styleUrl>
        <Point>
          <coordinates>
            -58.835603,-34.3875203,0
          </coordinates>
        </Point>
      </Placemark>
      <Placemark>
        <name>Taller de Electricidad del automotor Escorpio</name>
        <styleUrl>#icon-1590-0288D1-nodesc</styleUrl>
        <Point>
          <coordinates>
            -58.8170165,-34.3758356,0
          </coordinates>
        </Point>
      </Placemark>
      <Placemark>
        <name>Taller ruta 3</name>
        <styleUrl>#icon-1590-0288D1-nodesc</styleUrl>
        <Point>
          <coordinates>
            -67.7190723,-53.7620911,0
          </coordinates>
        </Point>
      </Placemark>
      <Placemark>
        <name>FZservicios mecanicos</name>
        <styleUrl>#icon-1590-0288D1-nodesc</styleUrl>
        <Point>
          <coordinates>
            -65.9746561,-44.0464006,0
          </coordinates>
        </Point>
      </Placemark>
      <Placemark>
        <name>Taller mecánico tolbac</name>
        <styleUrl>#icon-1590-0288D1-nodesc</styleUrl>
        <Point>
          <coordinates>
            -63.3159397,-40.7566238,0
          </coordinates>
        </Point>
      </Placemark>
      <Placemark>
        <name>Electrocar</name>
        <styleUrl>#icon-1590-0288D1-nodesc</styleUrl>
        <Point>
          <coordinates>
            -59.078702,-36.0227822,0
          </coordinates>
        </Point>
      </Placemark>
      <Placemark>
        <name>Mecanica La Curva de Gabriel Clac</name>
        <styleUrl>#icon-1590-0288D1-nodesc</styleUrl>
        <Point>
          <coordinates>
            -58.8153798,-35.4447257,0
          </coordinates>
        </Point>
      </Placemark>
      <Placemark>
        <name>Sirimarco Hnos.</name>
        <styleUrl>#icon-1590-0288D1-nodesc</styleUrl>
        <Point>
          <coordinates>
            -58.8089994,-35.4326302,0
          </coordinates>
        </Point>
      </Placemark>
      <Placemark>
        <name>Mecánica Pesada Carlitos Vázquez</name>
        <styleUrl>#icon-1590-0288D1-nodesc</styleUrl>
        <Point>
          <coordinates>
            -58.7318656,-35.0431208,0
          </coordinates>
        </Point>
      </Placemark>
      <Placemark>
        <name>Taller Ruta 3</name>
        <styleUrl>#icon-1590-0288D1-nodesc</styleUrl>
        <Point>
          <coordinates>
            -58.635766,-34.8085963,0
          </coordinates>
        </Point>
      </Placemark>
      <Placemark>
        <name>Taller De Chapa Y Pintura Los Amigos</name>
        <styleUrl>#icon-1590-0288D1-nodesc</styleUrl>
        <Point>
          <coordinates>
            -58.5986903,-34.7231454,0
          </coordinates>
        </Point>
      </Placemark>
      <Placemark>
        <name>Lubrisevi ruta 8</name>
        <styleUrl>#icon-1899-DB4436-nodesc</styleUrl>
        <Point>
          <coordinates>
            -64.7217967,-33.3907828,0
          </coordinates>
        </Point>
      </Placemark>
      <Placemark>
        <name>GPS Taller - Taller El Rengo</name>
        <styleUrl>#icon-1590-0288D1-nodesc</styleUrl>
        <Point>
          <coordinates>
            -60.089541,-34.059407,0
          </coordinates>
        </Point>
      </Placemark>
      <Placemark>
        <name><![CDATA[TALLER MECANICO DEL AUTOMÓVIL V&V]]></name>
        <styleUrl>#icon-1590-0288D1-nodesc</styleUrl>
        <Point>
          <coordinates>
            -59.0821679,-34.3830125,0
          </coordinates>
        </Point>
      </Placemark>
      <Placemark>
        <name>Taller Mecánico</name>
        <styleUrl>#icon-1590-0288D1-nodesc</styleUrl>
        <Point>
          <coordinates>
            -58.9954384,-34.4293964,0
          </coordinates>
        </Point>
      </Placemark>
      <Placemark>
        <name>Taller mecánico DW camiones</name>
        <styleUrl>#icon-1590-0288D1-nodesc</styleUrl>
        <Point>
          <coordinates>
            -58.9867966,-34.435468,0
          </coordinates>
        </Point>
      </Placemark>
      <Placemark>
        <name><![CDATA[Taller de elasticos "PEDRO"]]></name>
        <styleUrl>#icon-1590-0288D1-nodesc</styleUrl>
        <Point>
          <coordinates>
            -58.9481484,-34.4510849,0
          </coordinates>
        </Point>
      </Placemark>
      <Placemark>
        <name>Taller Mecánico Staffieri</name>
        <styleUrl>#icon-1590-0288D1-nodesc</styleUrl>
        <Point>
          <coordinates>
            -58.9435269,-34.4529838,0
          </coordinates>
        </Point>
      </Placemark>
      <Placemark>
        <name>Taller Gabriel</name>
        <styleUrl>#icon-1590-0288D1-nodesc</styleUrl>
        <Point>
          <coordinates>
            -58.853096,-34.4519195,0
          </coordinates>
        </Point>
      </Placemark>
      <Placemark>
        <name>GPS Taller - Electricidad Baiardi</name>
        <styleUrl>#icon-1590-0288D1-nodesc</styleUrl>
        <Point>
          <coordinates>
            -58.8380458,-34.4540356,0
          </coordinates>
        </Point>
      </Placemark>
      <Placemark>
        <name>Taller mecanico</name>
        <styleUrl>#icon-1590-0288D1-nodesc</styleUrl>
        <Point>
          <coordinates>
            -58.7090499,-33.2508498,0
          </coordinates>
        </Point>
      </Placemark>
      <Placemark>
        <name>MAXI LUBRICANTES RUTA 14</name>
        <styleUrl>#icon-1899-DB4436-nodesc</styleUrl>
        <Point>
          <coordinates>
            -58.6265472,-33.0574167,0
          </coordinates>
        </Point>
      </Placemark>
      <Placemark>
        <name>Sca Rom</name>
        <styleUrl>#icon-1590-0288D1-nodesc</styleUrl>
        <Point>
          <coordinates>
            -58.6167522,-33.0335912,0
          </coordinates>
        </Point>
      </Placemark>
      <Placemark>
        <name>Los Gringos Reparaciones</name>
        <styleUrl>#icon-1590-0288D1-nodesc</styleUrl>
        <Point>
          <coordinates>
            -58.6272732,-33.0624013,0
          </coordinates>
        </Point>
      </Placemark>
      <Placemark>
        <name>MH CHECK - Taller Mecánico</name>
        <styleUrl>#icon-1590-0288D1-nodesc</styleUrl>
        <Point>
          <coordinates>
            -54.8909274,-27.1033227,0
          </coordinates>
        </Point>
      </Placemark>
      <Placemark>
        <name>Mecánica Multimarca</name>
        <styleUrl>#icon-1590-0288D1-nodesc</styleUrl>
        <Point>
          <coordinates>
            -54.4710981,-26.9693077,0
          </coordinates>
        </Point>
      </Placemark>
      <Placemark>
        <name>Taller Mecánico El Litoral</name>
        <styleUrl>#icon-1590-0288D1-nodesc</styleUrl>
        <Point>
          <coordinates>
            -54.4760061,-26.9821163,0
          </coordinates>
        </Point>
      </Placemark>
      <Placemark>
        <name>GPS Taller - Mecanica Farguharzon</name>
        <styleUrl>#icon-1590-0288D1-nodesc</styleUrl>
        <Point>
          <coordinates>
            -54.112801,-26.616301,0
          </coordinates>
        </Point>
      </Placemark>
      <Placemark>
        <name><![CDATA[Taller "Servicio mecánico ruta 65" (Plottier) taller mecánico]]></name>
        <styleUrl>#icon-1590-0288D1-nodesc</styleUrl>
        <Point>
          <coordinates>
            -68.2334052,-38.9344759,0
          </coordinates>
        </Point>
      </Placemark>
      <Placemark>
        <name>Taller Mecanico Ruta 6</name>
        <styleUrl>#icon-1590-0288D1-nodesc</styleUrl>
        <Point>
          <coordinates>
            -63.4387396,-32.6869613,0
          </coordinates>
        </Point>
      </Placemark>
      <Placemark>
        <name>Taller mecánico ruta 11</name>
        <styleUrl>#icon-1590-0288D1-nodesc</styleUrl>
        <Point>
          <coordinates>
            -60.7627684,-32.7063167,0
          </coordinates>
        </Point>
      </Placemark>
      <Placemark>
        <name>TALLER RUTA 53</name>
        <styleUrl>#icon-1590-0288D1-nodesc</styleUrl>
        <Point>
          <coordinates>
            -64.3009611,-31.1747286,0
          </coordinates>
        </Point>
      </Placemark>
      <Placemark>
        <name>Mecanica Victor</name>
        <styleUrl>#icon-1590-0288D1-nodesc</styleUrl>
        <Point>
          <coordinates>
            -58.2580269,-27.3571721,0
          </coordinates>
        </Point>
      </Placemark>
      <Placemark>
        <name><![CDATA[Taller mecanico "Dario"]]></name>
        <styleUrl>#icon-1590-0288D1-nodesc</styleUrl>
        <Point>
          <coordinates>
            -58.7457834,-27.4435346,0
          </coordinates>
        </Point>
      </Placemark>
      <Placemark>
        <name>GPS Taller - Mecanica Don Eugenio</name>
        <styleUrl>#icon-1590-0288D1-nodesc</styleUrl>
        <Point>
          <coordinates>
            -58.779701,-27.4902,0
          </coordinates>
        </Point>
      </Placemark>
      <Placemark>
        <name>Gomeria y taller mecánico</name>
        <styleUrl>#icon-1590-0288D1-nodesc</styleUrl>
        <Point>
          <coordinates>
            -58.7829234,-27.4828085,0
          </coordinates>
        </Point>
      </Placemark>
      <Placemark>
        <name>Roberto Mecánica y Electromecánica</name>
        <styleUrl>#icon-1590-0288D1-nodesc</styleUrl>
        <Point>
          <coordinates>
            -56.9065437,-27.6313103,0
          </coordinates>
        </Point>
      </Placemark>
      <Placemark>
        <name>Taller mecanico EL GARAGE</name>
        <styleUrl>#icon-1590-0288D1-nodesc</styleUrl>
        <Point>
          <coordinates>
            -67.8094466,-37.8840189,0
          </coordinates>
        </Point>
      </Placemark>
      <Placemark>
        <name><![CDATA[Taller Mecánico "Mario"]]></name>
        <styleUrl>#icon-1590-0288D1-nodesc</styleUrl>
        <Point>
          <coordinates>
            -68.1558274,-38.7250377,0
          </coordinates>
        </Point>
      </Placemark>
      <Placemark>
        <name>Zanotti Hnos. SRL</name>
        <styleUrl>#icon-1590-0288D1-nodesc</styleUrl>
        <Point>
          <coordinates>
            -68.0729109,-38.8345679,0
          </coordinates>
        </Point>
      </Placemark>
      <Placemark>
        <name>GPS Taller - Anejo J</name>
        <styleUrl>#icon-1590-0288D1-nodesc</styleUrl>
        <Point>
          <coordinates>
            -68.0734572,-38.8286085,0
          </coordinates>
        </Point>
      </Placemark>
      <Placemark>
        <name>Taller De Mecánica Y Rectificación Laprida</name>
        <styleUrl>#icon-1590-0288D1-nodesc</styleUrl>
        <Point>
          <coordinates>
            -68.0101537,-38.8854334,0
          </coordinates>
        </Point>
      </Placemark>
      <Placemark>
        <name>Establecimiento Don Pedro Pesce</name>
        <styleUrl>#icon-1590-0288D1-nodesc</styleUrl>
        <Point>
          <coordinates>
            -68.0254682,-38.9007315,0
          </coordinates>
        </Point>
      </Placemark>
      <Placemark>
        <name><![CDATA[F&B HIDRAULICA]]></name>
        <styleUrl>#icon-1590-0288D1-nodesc</styleUrl>
        <Point>
          <coordinates>
            -68.0315805,-38.9167059,0
          </coordinates>
        </Point>
      </Placemark>
      <Placemark>
        <name>Diesel Buscaglia</name>
        <styleUrl>#icon-1590-0288D1-nodesc</styleUrl>
        <Point>
          <coordinates>
            -68.0032145,-38.9471385,0
          </coordinates>
        </Point>
      </Placemark>
      <Placemark>
        <name>GPS Taller - Manzur Marcos</name>
        <styleUrl>#icon-1590-0288D1-nodesc</styleUrl>
        <Point>
          <coordinates>
            -68.007956,-38.9351794,0
          </coordinates>
        </Point>
      </Placemark>
      <Placemark>
        <name><![CDATA[GPS Taller - Servicio Mecanico A&M]]></name>
        <styleUrl>#icon-1590-0288D1-nodesc</styleUrl>
        <Point>
          <coordinates>
            -68.0093184,-38.9418842,0
          </coordinates>
        </Point>
      </Placemark>
      <Placemark>
        <name>REYBET motores</name>
        <styleUrl>#icon-1590-0288D1-nodesc</styleUrl>
        <Point>
          <coordinates>
            -61.1135934,-33.9031727,0
          </coordinates>
        </Point>
      </Placemark>
      <Placemark>
        <name>Taller Mecánico Ramiro</name>
        <styleUrl>#icon-1590-0288D1-nodesc</styleUrl>
        <Point>
          <coordinates>
            -62.3941589,-33.6284334,0
          </coordinates>
        </Point>
      </Placemark>
      <Placemark>
        <name>Yimibox. Taller Mecánico movil</name>
        <styleUrl>#icon-1590-0288D1-nodesc</styleUrl>
        <Point>
          <coordinates>
            -59.018582,-34.1169998,0
          </coordinates>
        </Point>
      </Placemark>
      <Placemark>
        <name>MF Mecánica Fabián</name>
        <styleUrl>#icon-1590-0288D1-nodesc</styleUrl>
        <Point>
          <coordinates>
            -59.020895,-34.1106737,0
          </coordinates>
        </Point>
      </Placemark>
      <Placemark>
        <name>Taller Mecanico Pacher</name>
        <styleUrl>#icon-1590-0288D1-nodesc</styleUrl>
        <Point>
          <coordinates>
            -59.016244,-34.1003098,0
          </coordinates>
        </Point>
      </Placemark>
      <Placemark>
        <name>Mecanica Scanner</name>
        <styleUrl>#icon-1590-0288D1-nodesc</styleUrl>
        <Point>
          <coordinates>
            -59.0479489,-34.1070119,0
          </coordinates>
        </Point>
      </Placemark>
      <Placemark>
        <name>Taller Felipe Servicio Multimarca</name>
        <styleUrl>#icon-1590-0288D1-nodesc</styleUrl>
        <Point>
          <coordinates>
            -59.0419103,-34.1034767,0
          </coordinates>
        </Point>
      </Placemark>
      <Placemark>
        <name>MECANICA INTELIGENTE</name>
        <styleUrl>#icon-1590-0288D1-nodesc</styleUrl>
        <Point>
          <coordinates>
            -59.0479489,-34.1070119,0
          </coordinates>
        </Point>
      </Placemark>
      <Placemark>
        <name>Graziani Oscar</name>
        <styleUrl>#icon-1590-0288D1-nodesc</styleUrl>
        <Point>
          <coordinates>
            -59.0308107,-34.1057312,0
          </coordinates>
        </Point>
      </Placemark>
      <Placemark>
        <name>Taller Mecanico NP Mecanica</name>
        <styleUrl>#icon-1590-0288D1-nodesc</styleUrl>
        <Point>
          <coordinates>
            -59.0365581,-34.1002606,0
          </coordinates>
        </Point>
      </Placemark>
      <Placemark>
        <name>Mecánica Zárate</name>
        <styleUrl>#icon-1590-0288D1-nodesc</styleUrl>
        <Point>
          <coordinates>
            -59.0351503,-34.1033182,0
          </coordinates>
        </Point>
      </Placemark>
      <Placemark>
        <name>GPS Taller - Mecanica Luis Pascuali e Hijo</name>
        <styleUrl>#icon-1590-0288D1-nodesc</styleUrl>
        <Point>
          <coordinates>
            -59.0362366,-34.0850292,0
          </coordinates>
        </Point>
      </Placemark>
      <Placemark>
        <name>Mecánica Hugo Guerrero</name>
        <styleUrl>#icon-1590-0288D1-nodesc</styleUrl>
        <Point>
          <coordinates>
            -58.9400493,-34.1834117,0
          </coordinates>
        </Point>
      </Placemark>
      <Placemark>
        <name>Taller Mecánico Díaz Power</name>
        <styleUrl>#icon-1590-0288D1-nodesc</styleUrl>
        <Point>
          <coordinates>
            -58.944436,-34.1774424,0
          </coordinates>
        </Point>
      </Placemark>
      <Placemark>
        <name>Las 4 Bocas - Servicio Integral del Automotor</name>
        <styleUrl>#icon-1590-0288D1-nodesc</styleUrl>
        <Point>
          <coordinates>
            -58.966011,-34.1787718,0
          </coordinates>
        </Point>
      </Placemark>
      <Placemark>
        <name>GPS Taller - Taller Alva</name>
        <styleUrl>#icon-1590-0288D1-nodesc</styleUrl>
        <Point>
          <coordinates>
            -58.9569078,-34.1742895,0
          </coordinates>
        </Point>
      </Placemark>
      <Placemark>
        <name>GPS Taller - Gringo s</name>
        <styleUrl>#icon-1590-0288D1-nodesc</styleUrl>
        <Point>
          <coordinates>
            -58.9497289,-34.1729013,0
          </coordinates>
        </Point>
      </Placemark>
      <Placemark>
        <name>Taller MGE</name>
        <styleUrl>#icon-1590-0288D1-nodesc</styleUrl>
        <Point>
          <coordinates>
            -58.9505346,-34.1668836,0
          </coordinates>
        </Point>
      </Placemark>
      <Placemark>
        <name>Taller mitre</name>
        <styleUrl>#icon-1590-0288D1-nodesc</styleUrl>
        <Point>
          <coordinates>
            -58.9550772,-34.1633593,0
          </coordinates>
        </Point>
      </Placemark>
      <Placemark>
        <name>CheckPoint - Servicio Mecánico</name>
        <styleUrl>#icon-1590-0288D1-nodesc</styleUrl>
        <Point>
          <coordinates>
            -58.9541438,-34.1594577,0
          </coordinates>
        </Point>
      </Placemark>
      <Placemark>
        <name>Mecanica General Pedroza</name>
        <styleUrl>#icon-1590-0288D1-nodesc</styleUrl>
        <Point>
          <coordinates>
            -58.9554467,-34.165296,0
          </coordinates>
        </Point>
      </Placemark>
      <Placemark>
        <name>Mecano Alineacion Alineacion Y Balanceo</name>
        <styleUrl>#icon-1590-0288D1-nodesc</styleUrl>
        <Point>
          <coordinates>
            -58.9555357,-34.1578984,0
          </coordinates>
        </Point>
      </Placemark>
      <Placemark>
        <name>Taller Mecánico Carizza</name>
        <styleUrl>#icon-1590-0288D1-nodesc</styleUrl>
        <Point>
          <coordinates>
            -64.250773,-35.0401683,0
          </coordinates>
        </Point>
      </Placemark>
      <Placemark>
        <name>Taller don lino</name>
        <styleUrl>#icon-1590-0288D1-nodesc</styleUrl>
        <Point>
          <coordinates>
            -64.2508733,-35.0398642,0
          </coordinates>
        </Point>
      </Placemark>
      <Placemark>
        <name><![CDATA[Mecánica "Seba García"]]></name>
        <styleUrl>#icon-1590-0288D1-nodesc</styleUrl>
        <Point>
          <coordinates>
            -64.238258,-35.0368214,0
          </coordinates>
        </Point>
      </Placemark>
      <Placemark>
        <name><![CDATA[Taller de motos "PEREYRA"]]></name>
        <styleUrl>#icon-1633-0288D1-nodesc</styleUrl>
        <Point>
          <coordinates>
            -64.2384704,-35.0348716,0
          </coordinates>
        </Point>
      </Placemark>
      <Placemark>
        <name>GPS Taller - Electricidad Yaco</name>
        <styleUrl>#icon-1590-0288D1-nodesc</styleUrl>
        <Point>
          <coordinates>
            -64.240583,-35.0349553,0
          </coordinates>
        </Point>
      </Placemark>
      <Placemark>
        <name>T.A. Taller AVILA</name>
        <styleUrl>#icon-1590-0288D1-nodesc</styleUrl>
        <Point>
          <coordinates>
            -64.240902,-35.0336672,0
          </coordinates>
        </Point>
      </Placemark>
      <Placemark>
        <name>POWER servicio mecánico motos motosierras motoguadañas</name>
        <styleUrl>#icon-1633-0288D1-nodesc</styleUrl>
        <Point>
          <coordinates>
            -64.2450606,-35.029924,0
          </coordinates>
        </Point>
      </Placemark>
      <Placemark>
        <name><![CDATA[Mecánica "Martino"]]></name>
        <styleUrl>#icon-1590-0288D1-nodesc</styleUrl>
        <Point>
          <coordinates>
            -64.2558313,-35.037379,0
          </coordinates>
        </Point>
      </Placemark>
      <Placemark>
        <name>Taller Mecanico el Calaco y el Rayito</name>
        <styleUrl>#icon-1590-0288D1-nodesc</styleUrl>
        <Point>
          <coordinates>
            -64.26667,-35.033417,0
          </coordinates>
        </Point>
      </Placemark>
      <Placemark>
        <name>Taller De Motos TORRES</name>
        <styleUrl>#icon-1633-0288D1-nodesc</styleUrl>
        <Point>
          <coordinates>
            -68.0293408,-38.9421314,0
          </coordinates>
        </Point>
      </Placemark>
      <Placemark>
        <name>BEITIA MOTOS</name>
        <styleUrl>#icon-1633-0288D1-nodesc</styleUrl>
        <Point>
          <coordinates>
            -68.0022039,-38.933233,0
          </coordinates>
        </Point>
      </Placemark>
      <Placemark>
        <name>Ontiveros Racing Team</name>
        <styleUrl>#icon-1633-0288D1-nodesc</styleUrl>
        <Point>
          <coordinates>
            -67.9869033,-38.9443021,0
          </coordinates>
        </Point>
      </Placemark>
      <Placemark>
        <name>Lucero Motos</name>
        <styleUrl>#icon-1633-0288D1-nodesc</styleUrl>
        <Point>
          <coordinates>
            -67.9877988,-38.9347503,0
          </coordinates>
        </Point>
      </Placemark>
      <Placemark>
        <name>Speedd Motos</name>
        <styleUrl>#icon-1633-0288D1-nodesc</styleUrl>
        <Point>
          <coordinates>
            -67.9903331,-38.9321987,0
          </coordinates>
        </Point>
      </Placemark>
      <Placemark>
        <name>Teller de motos</name>
        <styleUrl>#icon-1633-0288D1-nodesc</styleUrl>
        <Point>
          <coordinates>
            -67.9864781,-38.9302813,0
          </coordinates>
        </Point>
      </Placemark>
      <Placemark>
        <name>Mecanico Motos</name>
        <styleUrl>#icon-1633-0288D1-nodesc</styleUrl>
        <Point>
          <coordinates>
            -68.1433553,-38.8236174,0
          </coordinates>
        </Point>
      </Placemark>
      <Placemark>
        <name>Taller Losso motos</name>
        <styleUrl>#icon-1633-0288D1-nodesc</styleUrl>
        <Point>
          <coordinates>
            -68.1443444,-38.8217837,0
          </coordinates>
        </Point>
      </Placemark>
      <Placemark>
        <name><![CDATA[Taller de reparaciones "ACHA"]]></name>
        <styleUrl>#icon-1590-0288D1-nodesc</styleUrl>
        <Point>
          <coordinates>
            -62.2276805,-38.1049985,0
          </coordinates>
        </Point>
      </Placemark>
      <Placemark>
        <name>Taller Mecanico Torres Hnos</name>
        <styleUrl>#icon-1590-0288D1-nodesc</styleUrl>
        <Point>
          <coordinates>
            -62.223419,-38.0978371,0
          </coordinates>
        </Point>
      </Placemark>
      <Placemark>
        <name>GPS Taller - JQ Mecanica e Inyeccion Electronica</name>
        <styleUrl>#icon-1590-0288D1-nodesc</styleUrl>
        <Point>
          <coordinates>
            -60.270567,-38.3946087,0
          </coordinates>
        </Point>
      </Placemark>
      <Placemark>
        <name>TALLER SERGIO</name>
        <styleUrl>#icon-1590-0288D1-nodesc</styleUrl>
        <Point>
          <coordinates>
            -60.2518577,-38.3760182,0
          </coordinates>
        </Point>
      </Placemark>
      <Placemark>
        <name>Taller Mecanico Goñi JC</name>
        <styleUrl>#icon-1590-0288D1-nodesc</styleUrl>
        <Point>
          <coordinates>
            -60.2677004,-38.3862292,0
          </coordinates>
        </Point>
      </Placemark>
      <Placemark>
        <name>AP Servicios Mecánicos</name>
        <styleUrl>#icon-1590-0288D1-nodesc</styleUrl>
        <Point>
          <coordinates>
            -60.2642705,-38.3675118,0
          </coordinates>
        </Point>
      </Placemark>
      <Placemark>
        <name>Mecanica general Aguinaga</name>
        <styleUrl>#icon-1590-0288D1-nodesc</styleUrl>
        <Point>
          <coordinates>
            -60.2710343,-38.3681833,0
          </coordinates>
        </Point>
      </Placemark>
      <Placemark>
        <name>GPS Taller - El Chimuelo</name>
        <styleUrl>#icon-1590-0288D1-nodesc</styleUrl>
        <Point>
          <coordinates>
            -60.2909268,-38.3835607,0
          </coordinates>
        </Point>
      </Placemark>
      <Placemark>
        <name>ECUMANAGER Diesel</name>
        <styleUrl>#icon-1590-0288D1-nodesc</styleUrl>
        <Point>
          <coordinates>
            -60.281928,-38.380428,0
          </coordinates>
        </Point>
      </Placemark>
      <Placemark>
        <name>Carlos A Pellitero</name>
        <styleUrl>#icon-1590-0288D1-nodesc</styleUrl>
        <Point>
          <coordinates>
            -60.2850194,-38.378899,0
          </coordinates>
        </Point>
      </Placemark>
      <Placemark>
        <name>Taller ReanultTres</name>
        <styleUrl>#icon-1590-0288D1-nodesc</styleUrl>
        <Point>
          <coordinates>
            -60.2846068,-38.3702714,0
          </coordinates>
        </Point>
      </Placemark>
      <Placemark>
        <name>Mazzucchini Daniel</name>
        <styleUrl>#icon-1590-0288D1-nodesc</styleUrl>
        <Point>
          <coordinates>
            -60.2895201,-38.3665243,0
          </coordinates>
        </Point>
      </Placemark>
      <Placemark>
        <name>GPS Taller - Taller Ademar Competicion</name>
        <styleUrl>#icon-1590-0288D1-nodesc</styleUrl>
        <Point>
          <coordinates>
            -61.9224277,-37.4696774,0
          </coordinates>
        </Point>
      </Placemark>
      <Placemark>
        <name>GPS Taller – TP Service</name>
        <styleUrl>#icon-1590-0288D1-nodesc</styleUrl>
        <Point>
          <coordinates>
            -61.9242769,-37.4671756,0
          </coordinates>
        </Point>
      </Placemark>
      <Placemark>
        <name>Taller Mecanico LO DE HAROLDO</name>
        <styleUrl>#icon-1590-0288D1-nodesc</styleUrl>
        <Point>
          <coordinates>
            -61.9310768,-37.465531,0
          </coordinates>
        </Point>
      </Placemark>
      <Placemark>
        <name>GPS Taller - Electromecanica Ramos</name>
        <styleUrl>#icon-1590-0288D1-nodesc</styleUrl>
        <Point>
          <coordinates>
            -61.9421712,-37.4626864,0
          </coordinates>
        </Point>
      </Placemark>
      <Placemark>
        <name>RS SERVICE CORONEL SUAREZ</name>
        <styleUrl>#icon-1590-0288D1-nodesc</styleUrl>
        <Point>
          <coordinates>
            -61.9435241,-37.4605413,0
          </coordinates>
        </Point>
      </Placemark>
      <Placemark>
        <name>GPS Taller - Mecanica GNC Zaghet</name>
        <styleUrl>#icon-1590-0288D1-nodesc</styleUrl>
        <Point>
          <coordinates>
            -61.9443505,-37.4593745,0
          </coordinates>
        </Point>
      </Placemark>
      <Placemark>
        <name>GPS Taller - GRS Mecanica</name>
        <styleUrl>#icon-1590-0288D1-nodesc</styleUrl>
        <Point>
          <coordinates>
            -61.93267,-37.461618,0
          </coordinates>
        </Point>
      </Placemark>
      <Placemark>
        <name>GPS Taller - Taller El Aleman</name>
        <styleUrl>#icon-1590-0288D1-nodesc</styleUrl>
        <Point>
          <coordinates>
            -61.931168,-37.459301,0
          </coordinates>
        </Point>
      </Placemark>
      <Placemark>
        <name>GPS Taller - Taller Los Amigos</name>
        <styleUrl>#icon-1590-0288D1-nodesc</styleUrl>
        <Point>
          <coordinates>
            -62.4134774,-37.0127502,0
          </coordinates>
        </Point>
      </Placemark>
      <Placemark>
        <name>Taller Mecánico Lubricentro</name>
        <styleUrl>#icon-1590-0288D1-nodesc</styleUrl>
        <Point>
          <coordinates>
            -62.4137959,-37.0101869,0
          </coordinates>
        </Point>
      </Placemark>
      <Placemark>
        <name>JV servicios y repuestos</name>
        <styleUrl>#icon-1590-0288D1-nodesc</styleUrl>
        <Point>
          <coordinates>
            -57.9204673,-30.9909075,0
          </coordinates>
        </Point>
      </Placemark>
      <Placemark>
        <name>Taller Golluscio</name>
        <styleUrl>#icon-1590-0288D1-nodesc</styleUrl>
        <Point>
          <coordinates>
            -57.9266375,-31.0040151,0
          </coordinates>
        </Point>
      </Placemark>
      <Placemark>
        <name>Pesados del norte</name>
        <styleUrl>#icon-1590-0288D1-nodesc</styleUrl>
        <Point>
          <coordinates>
            -57.9265437,-31.0017972,0
          </coordinates>
        </Point>
      </Placemark>
      <Placemark>
        <name>Fc inyeccion</name>
        <styleUrl>#icon-1590-0288D1-nodesc</styleUrl>
        <Point>
          <coordinates>
            -57.9247078,-30.9992286,0
          </coordinates>
        </Point>
      </Placemark>
      <Placemark>
        <name>Taller San Francisco</name>
        <styleUrl>#icon-1590-0288D1-nodesc</styleUrl>
        <Point>
          <coordinates>
            -57.9216075,-30.9883633,0
          </coordinates>
        </Point>
      </Placemark>
      <Placemark>
        <name>Fernando Daniel Dodera</name>
        <styleUrl>#icon-1590-0288D1-nodesc</styleUrl>
        <Point>
          <coordinates>
            -57.9198417,-30.9850361,0
          </coordinates>
        </Point>
      </Placemark>
      <Placemark>
        <name>CarFix</name>
        <styleUrl>#icon-1590-0288D1-nodesc</styleUrl>
        <Point>
          <coordinates>
            -57.9195243,-30.9822657,0
          </coordinates>
        </Point>
      </Placemark>
      <Placemark>
        <name>Mg Motos</name>
        <description><![CDATA[https://www.google.com.ar/maps/place/25%C2%B003'08.4%22S+66%C2%B006'13.8%22W/@-25.0523699,-66.1039162,57m/data=!3m1!1e3!4m4!3m3!8m2!3d-25.05234!4d-66.10383?entry=ttu]]></description>
        <styleUrl>#icon-1633-0288D1</styleUrl>
        <Point>
          <coordinates>
            -66.10383,-25.05234,0
          </coordinates>
        </Point>
      </Placemark>
      <Placemark>
        <name><![CDATA[Taller de Bicicletas V&G Bike]]></name>
        <styleUrl>#icon-1522-558B2F-nodesc</styleUrl>
        <Point>
          <coordinates>
            -70.670859,-33.4089189,0
          </coordinates>
        </Point>
      </Placemark>
      <Placemark>
        <name>Taller de Bicicletas</name>
        <styleUrl>#icon-1522-558B2F-nodesc</styleUrl>
        <Point>
          <coordinates>
            -70.6713478,-33.3595811,0
          </coordinates>
        </Point>
      </Placemark>
      <Placemark>
        <name>Bicicleteria Cuq</name>
        <styleUrl>#icon-1522-558B2F-nodesc</styleUrl>
        <Point>
          <coordinates>
            -70.5960858,-33.4217063,0
          </coordinates>
        </Point>
      </Placemark>
      <Placemark>
        <name>El Taller de Bicicletas Spa</name>
        <styleUrl>#icon-1522-558B2F-nodesc</styleUrl>
        <Point>
          <coordinates>
            -70.5853348,-33.457994,0
          </coordinates>
        </Point>
      </Placemark>
      <Placemark>
        <name>Bike Master</name>
        <styleUrl>#icon-1522-558B2F-nodesc</styleUrl>
        <Point>
          <coordinates>
            -70.5862531,-33.4560515,0
          </coordinates>
        </Point>
      </Placemark>
      <Placemark>
        <name>Reparación De Bicicletas</name>
        <styleUrl>#icon-1522-558B2F-nodesc</styleUrl>
        <Point>
          <coordinates>
            -70.5642,-33.5359156,0
          </coordinates>
        </Point>
      </Placemark>
      <Placemark>
        <name>Vitius Taller de Bicicletas</name>
        <styleUrl>#icon-1522-558B2F-nodesc</styleUrl>
        <Point>
          <coordinates>
            -58.4366612,-34.6008859,0
          </coordinates>
        </Point>
      </Placemark>
      <Placemark>
        <name>Bicimovil Taller Argentina</name>
        <styleUrl>#icon-1522-558B2F-nodesc</styleUrl>
        <Point>
          <coordinates>
            -58.422142,-34.5992362,0
          </coordinates>
        </Point>
      </Placemark>
      <Placemark>
        <name>Re-cycles bikes</name>
        <styleUrl>#icon-1522-558B2F-nodesc</styleUrl>
        <Point>
          <coordinates>
            -57.9711195,-34.9279236,0
          </coordinates>
        </Point>
      </Placemark>
      <Placemark>
        <name>-32.97999, -68.79641</name>
        <description><![CDATA[19 de octubre de 2023<br>Personal muy competente. El propietario, Jorge, nos brindó especial atención en relación con las fugas de nuestro fiat ducato y los muchachos arreglaron todo lo que pudieron en un día para que pudiéramos salir a la carretera según fuera necesario.<br><br>Estamos aquí porque los otros Ghiotti en Mendoza nos señalaron al especialista ya que nuestro problema no era demasiado obvio para descubrirlo. Todos son realmente buenas personas y profesionales.<br><br>El precio que pagamos fue justo en repuestos y servicio.]]></description>
        <styleUrl>#icon-1590-0288D1</styleUrl>
        <Point>
          <coordinates>
            -68.79641,-32.97999,0
          </coordinates>
        </Point>
      </Placemark>
      <Placemark>
        <name>GM Servicios</name>
        <description><![CDATA[<br><br>18 de septiembre de 2023 <br>Juan tiene buena experiencia, repuestos para electricidad, baterías, cambio de aceite. Más o menos un taller completo con todas las piezas. Hacen trabajos mecánicos o conocen a alguien que puede hacerlo si ellos no lo hacen. Servicio perfecto. Paga dólares o pesos. WhatsApp: +54 261 6390321 Juan es el hijo del dueño y un gran tipo. Un poco de inglés<br><br>]]></description>
        <styleUrl>#icon-1590-0288D1</styleUrl>
<Point>
          <coordinates>
            -68.54597,-33.05123,0
          </coordinates>
        </Point>
      </Placemark>
      <Placemark>
        <name>-32.90459, -68.83679</name>
        <description><![CDATA[<br><br>2 de octubre de 2023<br>El alternador de nuestra Dodge Sprinter 2006 falló.<br>No se pudo encontrar ningún alternador nuevo en Mendoza ni en ningún lugar cercano.<br>Estos muchachos nos reconstruyeron uno en un día.<br>Estuvimos contentos con su servicio.<br>Padre e hijo.]]></description>
        <styleUrl>#icon-1590-0288D1</styleUrl>
<Point>
          <coordinates>
            -68.83679,-32.90459,0
          </coordinates>
        </Point>
      </Placemark>
      <Placemark>
        <name>-32.90020, -68.83390</name>
        <description><![CDATA[9 de octubre de 2023 <br>Recomendamos ampliamente esta reparación de carrocerías (carrocería). Nos arreglaron algo de aislamiento en nuestro Mitsubishi L300. Leo fue muy amable y profesional, vino con nosotros a la tienda de autopartes para asegurarse de que compráramos las mejores cosas. El propietario también es muy amable y profesional.]]></description>
        <styleUrl>#icon-1590-0288D1</styleUrl>
        <Point>
          <coordinates>
            -68.8339,-32.9003441,0
          </coordinates>
        </Point>
      </Placemark>
      <Placemark>
        <name>-32.89707, -68.83432</name>
        <description><![CDATA[19 de septiembre de 2023<br>excelente lugar. me atendio Aldo un capo. muy amable se preocupo por resolverme el problema. no tenia el repuesto que necesitaba pero me recomendo quien lo tenia. sin duda recomiendo este lugar. se especializan en repuestos para mercedez sprinters.]]></description>
        <styleUrl>#icon-1590-0288D1</styleUrl>
        <Point>
          <coordinates>
            -68.83432,-32.89707,0
          </coordinates>
        </Point>
      </Placemark>
      <Placemark>
        <name>-33.08477729826106, -68.47860981873409</name>
        <description><![CDATA[<br><br>Daniel Rusafa<br>Tengo taller de heladeras y trabajo mucho con las de las casillas ya sea en 12 volts y 220, por supuesto que siempre hay una atención especial para viajeros, cualquier problema en la zona de San Martín Mendoza. Ricardo Palencia, M5570 San Martín, Mendoza. 02634476816]]></description>
        <styleUrl>#icon-1590-0288D1</styleUrl>
<Point>
          <coordinates>
            -68.4786098187341,-33.0847772982611,0
          </coordinates>
        </Point>
      </Placemark>
      <Placemark>
        <name>TALLER MECANICO Power-car_p</name>
        <styleUrl>#icon-1590-0288D1-nodesc</styleUrl>
        <Point>
          <coordinates>
            -67.627245,-27.6933071,0
          </coordinates>
        </Point>
      </Placemark>
      <Placemark>
        <name>Taller De Motos (Motomecanicaelpollo)</name>
        <styleUrl>#icon-1633-0288D1-nodesc</styleUrl>
        <Point>
          <coordinates>
            -67.6161286,-27.6562441,0
          </coordinates>
        </Point>
      </Placemark>
      <Placemark>
        <name>Taller mecánico BC Competición</name>
        <styleUrl>#icon-1590-0288D1-nodesc</styleUrl>
        <Point>
          <coordinates>
            -67.6165296,-27.6584081,0
          </coordinates>
        </Point>
      </Placemark>
      <Placemark>
        <name>taller mecanica del automotor</name>
        <styleUrl>#icon-1590-0288D1-nodesc</styleUrl>
        <Point>
          <coordinates>
            -67.619049,-27.6834625,0
          </coordinates>
        </Point>
      </Placemark>
      <Placemark>
        <name>Taller Mecanico Willy Chayle</name>
        <styleUrl>#icon-1590-0288D1-nodesc</styleUrl>
        <Point>
          <coordinates>
            -67.6165418,-27.6845577,0
          </coordinates>
        </Point>
      </Placemark>
      <Placemark>
        <name>Respuesto y servicios Fiambala</name>
        <styleUrl>#icon-1590-0288D1-nodesc</styleUrl>
        <Point>
          <coordinates>
            -67.6191983,-27.6877127,0
          </coordinates>
        </Point>
      </Placemark>
      <Placemark>
        <name>Mecánico Pablo</name>
        <description>Detrás de banco Nación, 9 de Julio 50, Fiambala, Catamarca</description>
        <styleUrl>#icon-1590-0288D1</styleUrl>
        <Point>
          <coordinates>
            -67.6271987,-27.6931364,0
          </coordinates>
        </Point>
      </Placemark>
      <Placemark>
        <name>Taller Mecánico y Mantenciones Valery Cars Providencia</name>
        <styleUrl>#icon-1590-0288D1-nodesc</styleUrl>
        <Point>
          <coordinates>
            -70.623953,-33.4431722,0
          </coordinates>
        </Point>
      </Placemark>
      <Placemark>
        <name>Stagecars Taller</name>
        <styleUrl>#icon-1590-0288D1-nodesc</styleUrl>
        <Point>
          <coordinates>
            -70.5723443,-33.4640866,0
          </coordinates>
        </Point>
      </Placemark>
      <Placemark>
        <name>Taller Mecánico</name>
        <styleUrl>#icon-1590-0288D1-nodesc</styleUrl>
        <Point>
          <coordinates>
            -70.6675044,-33.4319418,0
          </coordinates>
        </Point>
      </Placemark>
      <Placemark>
        <name><![CDATA[Taller Mecanico R&G]]></name>
        <styleUrl>#icon-1590-0288D1-nodesc</styleUrl>
        <Point>
          <coordinates>
            -70.6632283,-33.5167052,0
          </coordinates>
        </Point>
      </Placemark>
      <Placemark>
        <name>Taller Link | Taller Mecánico y Automotriz | Mecanico a domicilio | Cambio de aceite | Cambio de baterías a domicilio</name>
        <styleUrl>#icon-1590-0288D1-nodesc</styleUrl>
        <Point>
          <coordinates>
            -70.5094913,-33.3606303,0
          </coordinates>
        </Point>
      </Placemark>
      <Placemark>
        <name>Taller Mecanico</name>
        <styleUrl>#icon-1590-0288D1-nodesc</styleUrl>
        <Point>
          <coordinates>
            -71.4058195,-33.0507653,0
          </coordinates>
        </Point>
      </Placemark>
      <Placemark>
        <name>Taller Mecánica General Carlos Espinosa</name>
        <styleUrl>#icon-1590-0288D1-nodesc</styleUrl>
        <Point>
          <coordinates>
            -71.4266262,-33.0546941,0
          </coordinates>
        </Point>
      </Placemark>
      <Placemark>
        <name>Taller Mecanico CANTALOUBE</name>
        <styleUrl>#icon-1590-0288D1-nodesc</styleUrl>
        <Point>
          <coordinates>
            -68.8134615,-32.9016058,0
          </coordinates>
        </Point>
      </Placemark>
      <Placemark>
        <name>Taller Mecánico en Concepción CLINIC CAR</name>
        <styleUrl>#icon-1590-0288D1-nodesc</styleUrl>
        <Point>
          <coordinates>
            -73.0510129,-36.8073922,0
          </coordinates>
        </Point>
      </Placemark>
      <Placemark>
        <name>DIEZ SESENTA TALLER</name>
        <styleUrl>#icon-1590-0288D1-nodesc</styleUrl>
        <Point>
          <coordinates>
            -68.0706563,-38.9607157,0
          </coordinates>
        </Point>
      </Placemark>
      <Placemark>
        <name>AutoCheck Mina Clavero</name>
        <styleUrl>#icon-1590-0288D1-nodesc</styleUrl>
        <Point>
          <coordinates>
            -65.0041025,-31.7470456,0
          </coordinates>
        </Point>
      </Placemark>
      <Placemark>
        <name>Servicio Mecanico Fredy</name>
        <styleUrl>#icon-1590-0288D1-nodesc</styleUrl>
        <Point>
          <coordinates>
            -65.0059292,-31.7381544,0
          </coordinates>
        </Point>
      </Placemark>
      <Placemark>
        <name>VTR mecánica</name>
        <styleUrl>#icon-1590-0288D1-nodesc</styleUrl>
        <Point>
          <coordinates>
            -64.9988354,-31.7307003,0
          </coordinates>
        </Point>
      </Placemark>
      <Placemark>
        <name><![CDATA["Nievas Motorsport "Mecanica Integral del Automotor, Taller Mecanico]]></name>
        <styleUrl>#icon-1590-0288D1-nodesc</styleUrl>
        <Point>
          <coordinates>
            -65.0017255,-31.718477,0
          </coordinates>
        </Point>
      </Placemark>
      <Placemark>
        <name>Taller Mecánico y Gomería Auxilio 24 Hs</name>
        <styleUrl>#icon-1590-0288D1-nodesc</styleUrl>
        <Point>
          <coordinates>
            -65.0069239,-31.7213472,0
          </coordinates>
        </Point>
      </Placemark>
      <Placemark>
        <name>MG</name>
        <styleUrl>#icon-1590-0288D1-nodesc</styleUrl>
        <Point>
          <coordinates>
            -65.0067916,-31.7280064,0
          </coordinates>
        </Point>
      </Placemark>
      <Placemark>
        <name>Mecánica Depetris</name>
        <styleUrl>#icon-1590-0288D1-nodesc</styleUrl>
        <Point>
          <coordinates>
            -65.0157603,-31.7266749,0
          </coordinates>
        </Point>
      </Placemark>
      <Placemark>
        <name>Taller Motos ary</name>
        <styleUrl>#icon-1633-0288D1-nodesc</styleUrl>
        <Point>
          <coordinates>
            -65.0167689,-31.7322717,0
          </coordinates>
        </Point>
      </Placemark>
      <Placemark>
        <name>Mecanica Martin</name>
        <styleUrl>#icon-1590-0288D1-nodesc</styleUrl>
        <Point>
          <coordinates>
            -65.0162705,-31.7318859,0
          </coordinates>
        </Point>
      </Placemark>
      <Placemark>
        <name>Taller Octacar Inyeccion Electronica , Electricidad,mecánica ligera</name>
        <styleUrl>#icon-1590-0288D1-nodesc</styleUrl>
        <Point>
          <coordinates>
            -64.9981613,-31.7698817,0
          </coordinates>
        </Point>
      </Placemark>
      <Placemark>
        <name>Mecanica Matias</name>
        <styleUrl>#icon-1590-0288D1-nodesc</styleUrl>
        <Point>
          <coordinates>
            -64.9975408,-31.7679993,0
          </coordinates>
        </Point>
      </Placemark>
      <Placemark>
        <name>GPS Taller - Taller Condor Rally Rancing</name>
        <styleUrl>#icon-1590-0288D1-nodesc</styleUrl>
        <Point>
          <coordinates>
            -65.000399,-31.7704305,0
          </coordinates>
        </Point>
      </Placemark>
      <Placemark>
        <name>servicio mecanico de motos</name>
        <styleUrl>#icon-1633-0288D1-nodesc</styleUrl>
        <Point>
          <coordinates>
            -65.0000778,-31.7928571,0
          </coordinates>
        </Point>
      </Placemark>
      <Placemark>
        <name>Lubricentro J y L - El Galpón</name>
        <styleUrl>#icon-1899-DB4436-nodesc</styleUrl>
        <Point>
          <coordinates>
            -65.0032736,-31.7981989,0
          </coordinates>
        </Point>
      </Placemark>
      <Placemark>
        <name>LYONbikes</name>
        <styleUrl>#icon-1522-558B2F-nodesc</styleUrl>
        <Point>
          <coordinates>
            -65.000557,-31.792445,0
          </coordinates>
        </Point>
      </Placemark>
      <Placemark>
        <name>DLUCABIKES</name>
        <styleUrl>#icon-1522-558B2F-nodesc</styleUrl>
        <Point>
          <coordinates>
            -65.0007815,-31.792795,0
          </coordinates>
        </Point>
      </Placemark>
      <Placemark>
        <name>El Lubricentro</name>
        <styleUrl>#icon-1899-DB4436-nodesc</styleUrl>
        <Point>
          <coordinates>
            -65.0006552,-31.791484,0
          </coordinates>
        </Point>
      </Placemark>
      <Placemark>
        <name>Todo Repuestos</name>
        <styleUrl>#icon-1590-0288D1-nodesc</styleUrl>
        <Point>
          <coordinates>
            -65.0007013,-31.7915971,0
          </coordinates>
        </Point>
      </Placemark>
      <Placemark>
        <name>GPS Taller - Marcelo Brugna Inyec. Electronica</name>
        <styleUrl>#icon-1590-0288D1-nodesc</styleUrl>
        <Point>
          <coordinates>
            -64.9879972,-31.8915498,0
          </coordinates>
        </Point>
      </Placemark>
      <Placemark>
        <name>Baterías Traslasierra</name>
        <styleUrl>#icon-1899-DB4436-nodesc</styleUrl>
        <Point>
          <coordinates>
            -64.9783938,-31.827855,0
          </coordinates>
        </Point>
      </Placemark>
      <Placemark>
        <name>Taller Automotor Brugna</name>
        <styleUrl>#icon-1590-0288D1-nodesc</styleUrl>
        <Point>
          <coordinates>
            -64.987503,-31.8915229,0
          </coordinates>
        </Point>
      </Placemark>
      <Placemark>
        <name>La Central Baterías y Electricidad del Automóvil</name>
        <styleUrl>#icon-1899-DB4436-nodesc</styleUrl>
        <Point>
          <coordinates>
            -58.4148099,-34.6209798,0
          </coordinates>
        </Point>
      </Placemark>
      <Placemark>
        <name>Central De Baterias</name>
        <styleUrl>#icon-1899-DB4436-nodesc</styleUrl>
        <Point>
          <coordinates>
            -58.5610908,-34.6646912,0
          </coordinates>
        </Point>
      </Placemark>
      <Placemark>
        <name>Champion Baterias</name>
        <styleUrl>#icon-1899-DB4436-nodesc</styleUrl>
        <Point>
          <coordinates>
            -57.9859008,-34.9388266,0
          </coordinates>
        </Point>
      </Placemark>
      <Placemark>
        <name>Baterías Nelson</name>
        <styleUrl>#icon-1899-DB4436-nodesc</styleUrl>
        <Point>
          <coordinates>
            -58.3877892,-34.6886338,0
          </coordinates>
        </Point>
      </Placemark>
      <Placemark>
        <name>Baterias Varela</name>
        <styleUrl>#icon-1899-DB4436-nodesc</styleUrl>
        <Point>
          <coordinates>
            -58.3060004,-34.7506056,0
          </coordinates>
        </Point>
      </Placemark>
      <Placemark>
        <name>Baterias Para Autos</name>
        <styleUrl>#icon-1899-DB4436-nodesc</styleUrl>
        <Point>
          <coordinates>
            -58.3178378,-34.6960044,0
          </coordinates>
        </Point>
      </Placemark>
      <Placemark>
        <name>BATERIAS SanBat</name>
        <styleUrl>#icon-1899-DB4436-nodesc</styleUrl>
        <Point>
          <coordinates>
            -58.576541,-34.6446482,0
          </coordinates>
        </Point>
      </Placemark>
      <Placemark>
        <name>Baterías ld</name>
        <styleUrl>#icon-1899-DB4436-nodesc</styleUrl>
        <Point>
          <coordinates>
            -58.4611507,-34.6271052,0
          </coordinates>
        </Point>
      </Placemark>
      <Placemark>
        <name>Baterías El Faro</name>
        <styleUrl>#icon-1899-DB4436-nodesc</styleUrl>
        <Point>
          <coordinates>
            -58.6607961,-34.6318259,0
          </coordinates>
        </Point>
      </Placemark>
      <Placemark>
        <name>Baterías Apolo</name>
        <styleUrl>#icon-1899-DB4436-nodesc</styleUrl>
        <Point>
          <coordinates>
            -58.750939,-34.5867786,0
          </coordinates>
        </Point>
      </Placemark>
      <Placemark>
        <name>El Galeon Comercial</name>
        <styleUrl>#icon-1590-0288D1-nodesc</styleUrl>
        <Point>
          <coordinates>
            -61.7720532,-29.2368894,0
          </coordinates>
        </Point>
      </Placemark>
      <Placemark>
        <name><![CDATA[Electromecánica "El Chispita"]]></name>
        <styleUrl>#icon-1590-0288D1-nodesc</styleUrl>
        <Point>
          <coordinates>
            -61.7719379,-29.235752,0
          </coordinates>
        </Point>
      </Placemark>
      <Placemark>
        <name>GPS Taller – Dagatti Servicio Automotor</name>
        <styleUrl>#icon-1590-0288D1-nodesc</styleUrl>
        <Point>
          <coordinates>
            -61.770369,-29.2338015,0
          </coordinates>
        </Point>
      </Placemark>
      <Placemark>
        <name><![CDATA[Taller Mecánico R&S de Sergio Cian]]></name>
        <styleUrl>#icon-1590-0288D1-nodesc</styleUrl>
        <Point>
          <coordinates>
            -59.6460332,-29.1447077,0
          </coordinates>
        </Point>
      </Placemark>
      <Placemark>
        <name>Airboost Taller</name>
        <styleUrl>#icon-1590-0288D1-nodesc</styleUrl>
        <Point>
          <coordinates>
            -59.6585022,-29.1628694,0
          </coordinates>
        </Point>
      </Placemark>
      <Placemark>
        <name>Rcdiagnosticoautomotriz</name>
        <styleUrl>#icon-1590-0288D1-nodesc</styleUrl>
        <Point>
          <coordinates>
            -59.6715931,-29.152882,0
          </coordinates>
        </Point>
      </Placemark>
      <Placemark>
        <name>Taller mecanico Schneider</name>
        <styleUrl>#icon-1590-0288D1-nodesc</styleUrl>
        <Point>
          <coordinates>
            -59.6429419,-29.1545357,0
          </coordinates>
        </Point>
      </Placemark>
      <Placemark>
        <name>GPS Taller - Tecnomotor</name>
        <styleUrl>#icon-1590-0288D1-nodesc</styleUrl>
        <Point>
          <coordinates>
            -59.6486635,-29.1586811,0
          </coordinates>
        </Point>
      </Placemark>
      <Placemark>
        <name><![CDATA[Taller "Raul Ruben Fun"]]></name>
        <styleUrl>#icon-1590-0288D1-nodesc</styleUrl>
        <Point>
          <coordinates>
            -59.6498486,-29.151938,0
          </coordinates>
        </Point>
      </Placemark>
      <Placemark>
        <name>GPS Taller - Mecanica General Rene Reniero</name>
        <styleUrl>#icon-1590-0288D1-nodesc</styleUrl>
        <Point>
          <coordinates>
            -59.6517035,-29.1503763,0
          </coordinates>
        </Point>
      </Placemark>
      <Placemark>
        <name>Taller Silva</name>
        <styleUrl>#icon-1590-0288D1-nodesc</styleUrl>
        <Point>
          <coordinates>
            -59.6715392,-29.1516991,0
          </coordinates>
        </Point>
      </Placemark>
      <Placemark>
        <name>Nardelli Alejandro J Taller Mecanico</name>
        <styleUrl>#icon-1590-0288D1-nodesc</styleUrl>
        <Point>
          <coordinates>
            -59.6666967,-29.1498977,0
          </coordinates>
        </Point>
      </Placemark>
      <Placemark>
        <name>GPS Taller - Roberto Alegre Servicio Mecanico</name>
        <styleUrl>#icon-1590-0288D1-nodesc</styleUrl>
        <Point>
          <coordinates>
            -59.6901004,-29.157105,0
          </coordinates>
        </Point>
      </Placemark>
      <Placemark>
        <name>Baterías B-Power Salta</name>
        <styleUrl>#icon-1899-DB4436-nodesc</styleUrl>
        <Point>
          <coordinates>
            -65.4451845,-24.8525429,0
          </coordinates>
        </Point>
      </Placemark>
      <Placemark>
        <name>Baterías Moura Salta (Zona Norte)</name>
        <styleUrl>#icon-1899-DB4436-nodesc</styleUrl>
        <Point>
          <coordinates>
            -65.4077427,-24.7717236,0
          </coordinates>
        </Point>
      </Placemark>
      <Placemark>
        <name>Baterias Champion</name>
        <styleUrl>#icon-1899-DB4436-nodesc</styleUrl>
        <Point>
          <coordinates>
            -65.4183982,-24.7754816,0
          </coordinates>
        </Point>
      </Placemark>
      <Placemark>
        <name>Baterias Lead</name>
        <styleUrl>#icon-1899-DB4436-nodesc</styleUrl>
        <Point>
          <coordinates>
            -65.4294286,-24.7922029,0
          </coordinates>
        </Point>
      </Placemark>
      <Placemark>
        <name>Baterias San Cayetano</name>
        <styleUrl>#icon-1899-DB4436-nodesc</styleUrl>
        <Point>
          <coordinates>
            -65.4451874,-24.8434743,0
          </coordinates>
        </Point>
      </Placemark>
      <Placemark>
        <name>Baterías B-Power Salta</name>
        <styleUrl>#icon-1899-DB4436-nodesc</styleUrl>
        <Point>
          <coordinates>
            -65.4037543,-24.8033628,0
          </coordinates>
        </Point>
      </Placemark>
      <Placemark>
        <name>Baterias San Cayetano</name>
        <styleUrl>#icon-1899-DB4436-nodesc</styleUrl>
        <Point>
          <coordinates>
            -65.4169034,-24.8053546,0
          </coordinates>
        </Point>
      </Placemark>
      <Placemark>
        <name>Baterias Moura Salta (Zona Sur)</name>
        <styleUrl>#icon-1899-DB4436-nodesc</styleUrl>
        <Point>
          <coordinates>
            -65.4182676,-24.8042184,0
          </coordinates>
        </Point>
      </Placemark>
      <Placemark>
        <name>Baterias Tempobat</name>
        <styleUrl>#icon-1899-DB4436-nodesc</styleUrl>
        <Point>
          <coordinates>
            -65.4129775,-24.7965815,0
          </coordinates>
        </Point>
      </Placemark>
      <Placemark>
        <name>Baterías Zarate</name>
        <styleUrl>#icon-1899-DB4436-nodesc</styleUrl>
        <Point>
          <coordinates>
            -65.4202536,-24.7968059,0
          </coordinates>
        </Point>
      </Placemark>
      <Placemark>
        <name>El rey de las baterías</name>
        <styleUrl>#icon-1899-DB4436-nodesc</styleUrl>
        <Point>
          <coordinates>
            -65.2910994,-24.1923822,0
          </coordinates>
        </Point>
      </Placemark>
      <Placemark>
        <name>SOS24 Delivery de Baterías Edna</name>
        <description><![CDATA["Muy buena atención, muy amables, buenas baterías y precios accesibles"<br>"Buena atencion y buen producto!!"<br>"El SOS auxilio lo atienden rápido, eso muy bueno."]]></description>
        <styleUrl>#icon-1899-DB4436</styleUrl>
        <Point>
          <coordinates>
            -65.2747299,-24.2336301,0
          </coordinates>
        </Point>
      </Placemark>
      <Placemark>
        <name>BATERNOR - BATERIAS MOURA</name>
        <description><![CDATA["Excelente servicio y buena atención!!!"<br>"Rápidos y eficientes!"<br>"Buen servicio buenos precios"]]></description>
        <styleUrl>#icon-1899-DB4436</styleUrl>
        <Point>
          <coordinates>
            -65.2871228,-24.1997897,0
          </coordinates>
        </Point>
      </Placemark>
      <Placemark>
        <name>BATERIAS MOURA RM JUJUY</name>
        <description><![CDATA["Muy buena atención al público y buenos precios"<br>"Excelente atención, muy buenos precios!!"<br>"Y las marcas que trabajan son muy buenas"   Av. Azopardo 30, Y4600 San Salvador de Jujuy, Jujuy   03885864139]]></description>
        <styleUrl>#icon-1899-DB4436</styleUrl>
        <Point>
          <coordinates>
            -65.2861488,-24.1985807,0
          </coordinates>
        </Point>
      </Placemark>
      <Placemark>
        <name>Baterías Edison</name>
        <description>Muy buena atención y la verdad muy buena calidad de sus productos se los recomiendo....     Av. El Exodo 170, Y4600 San Salvador de Jujuy, Jujuy   03884226256</description>
        <styleUrl>#icon-1899-DB4436</styleUrl>
        <Point>
          <coordinates>
            -65.2935836,-24.1966206,0
          </coordinates>
        </Point>
      </Placemark>
      <Placemark>
        <name>SOS24 Delivery de Baterías Edna</name>
        <description><![CDATA["Muy buena atención, muy dispuestos a solucionar el problema"<br>"Servicio SOS rapido en responder y me soluciono el problema en 1/2 hora"  Juana Manuela Gorriti 731, Y4600 San Salvador de Jujuy, Jujuy  08109993362]]></description>
        <styleUrl>#icon-1899-DB4436</styleUrl>
        <Point>
          <coordinates>
            -65.2991943,-24.1913319,0
          </coordinates>
        </Point>
      </Placemark>
      <Placemark>
        <name>El Señor De Las Baterias</name>
        <description>Juana Manuela Gorriti 037, Y4600 San Salvador de Jujuy, Jujuy   </description>
        <styleUrl>#icon-1899-DB4436</styleUrl>
        <Point>
          <coordinates>
            -65.2911006,-24.1923918,0
          </coordinates>
        </Point>
      </Placemark>
      <Placemark>
        <name>Acumuladores Láser</name>
        <description>Las baterías son de muy buena calidad, felicidades al dueño, Bendiciones   Cerro Chañi 723, Y4607 San Salvador de Jujuy, Jujuy  03884222579</description>
        <styleUrl>#icon-1899-DB4436</styleUrl>
        <Point>
          <coordinates>
            -65.2955629,-24.1982259,0
          </coordinates>
        </Point>
      </Placemark>
      <Placemark>
        <name>SOS BATERÍAS Y REMOLQUES - MOURA OFICIAL</name>
        <description><![CDATA["Buena atención al cliente , el servicio y las baterías a buenos precios."<br>"Buena atencion y rapida"<br>"Una excelente atención y buen servicio recomendable"   B°, Humahuaca N° 371, Y4600 San Salvador de Jujuy, Jujuy  03885080888]]></description>
        <styleUrl>#icon-1899-DB4436</styleUrl>
        <Point>
          <coordinates>
            -65.2968812,-24.1974111,0
          </coordinates>
        </Point>
      </Placemark>
      <Placemark>
        <name>RM Baterías Moura Jujuy</name>
        <description>Juana Manuela Gorriti 481, Y4607 San Salvador de Jujuy, Jujuy    03885864139</description>
        <styleUrl>#icon-1899-DB4436</styleUrl>
        <Point>
          <coordinates>
            -65.296323,-24.1916311,0
          </coordinates>
        </Point>
      </Placemark>
      <Placemark>
        <name>-54.82937, -68.34198</name>
        <description><![CDATA[20 de enero de 2020<br>Mecánico muy servicial, muy amigable, hizo un gran trabajo, ¡muy económico!<br><br>22 de noviembre de 2018 por wildjourney.de <br>¡Chicos amables y serviciales para problemas eléctricos!]]></description>
        <styleUrl>#icon-1590-0288D1</styleUrl>
        <Point>
          <coordinates>
            -68.34198,-54.82937,0
          </coordinates>
        </Point>
      </Placemark>
      <Placemark>
        <name>-54.82687, -68.33801</name>
        <description><![CDATA[<br><br>28 de febrero de 2020 <br>Servicio y reparación de motocicletas. Estos muchachos saben lo que hacen, son honestos y realmente amigables. Reparamos sellos de horquilla con fugas en mi Honda Africa Twin e hicimos servicio de mantenimiento. Trabajan en múltiples marcas. El horario es divertido, abre de 4 a 9 p.m. y trabaja en el garaje de una casa.<br><br>10 de febrero de 2020 <br>Servicio, taller, asistencia moto, neumática, cambio de aceite.<br><br><br><br><br><br><br><br>]]></description>
        <styleUrl>#icon-1633-0288D1</styleUrl>
<Point>
          <coordinates>
            -68.33801,-54.82687,0
          </coordinates>
        </Point>
      </Placemark>
      <Placemark>
        <name>-54.82324, -68.33483</name>
        <description><![CDATA[<br><br>10 de marzo de 2023 por ottenweinerts.blog <br>Necesitábamos un servicio y algunas reparaciones para nuestra Camper Iveco 4x4. Dejamos el coche allí mientras íbamos en un crucero por la Antártida, así que Edgardo tuvo tiempo suficiente: completó todo el trabajo e incluso logró conseguirnos repuestos originales Iveco. Mecánico muy cualificado y conocedor, muy atento y muy agradable. Precio justo, muy recomendable!<br><br>5 de marzo de 2023 <br>No recomendaríamos ir aquí. Edgardo pudo haber descubierto que una de nuestras hojas principales del resorte estaba rota, arruinó totalmente la reparación. En la foto añadida podéis ver el resultado. Tuvimos que arreglarlo en Río Grande. No es una buena experiencia.<br><br>19 de enero de 2023 <br>¡Mecánico altamente recomendado, súper agradable y genuino! También entiende un poco de inglés. Después de cruzar la puerta, llama a la primera casa a la izquierda o ve al garaje de atrás.<br><br>Nuestra camioneta chevy de 96' se quedó varada en Ushuaia con un problema de motor/inyección bastante complejo y ya no podía conducir cuesta arriba. Visité tres talleres antes de este, nadie identificó adecuadamente la causa: nos dijeron que reemplazáramos tres piezas bastante caras que, además, estaban más disponibles en Punta Arenas.<br><br>Pero Edgardo investigó e identificó la causa real, una combinación de problemas con la bomba de combustible, un filtro de combustible viejo y electricidad. ¡El diagnóstico y los reemplazos tomaron algún tiempo pero el precio al final fue más que justo! También encontró otros problemas menores en el camino, nos los explicó y los solucionó. Se nota que le encanta trabajar como mecánico.<br><br>Nos ahorró un viaje en autobús a Punta Arenas y de regreso + mucho dinero para piezas que no habrían resuelto el problema. ¡Estamos realmente agradecidos!<br><br>13 de enero de 2020 por Elviajedeamunche <br>Edgardo es alguien confiable y complaciente. Tuvimos un gran problema con el motor, le costó encontrar las piezas y las soluciones lo más rápido posible para nosotros.<br>además, nos ayudó a hacer la galería de nuestra Van.<br>!!Buen mecanico!!<br><br><br><br><br><br><br><br>]]></description>
        <styleUrl>#icon-1590-0288D1</styleUrl>
<Point>
          <coordinates>
            -68.33483,-54.82324,0
          </coordinates>
        </Point>
      </Placemark>
      <Placemark>
        <name>-54.82127, -68.33512</name>
        <description><![CDATA[<br><br>30 de enero de 2020 por Life.With.Glee <br>Lugar de repuestos de motos.<br>Marcelo muy servicial y habla un poco de inglés.]]></description>
        <styleUrl>#icon-1633-0288D1</styleUrl>
<Point>
          <coordinates>
            -68.33512,-54.82127,0
          </coordinates>
        </Point>
      </Placemark>
      <Placemark>
        <name>-54.82020, -68.33710</name>
        <description><![CDATA[28 de marzo de 2023 <br>No puedo recomendarlo completamente. Pablo dijo que podía revisar el amortiguador trasero de mi KLR después de que fallara el amortiguador. Básicamente lo desmontó, limpió y volvió a montar con aceite nuevo. el cargo fue de alrededor de 100 dólares. Después de unos 200 km, el amortiguador volvió a fallar. Habría confiado en su experiencia para afirmar que no es reparable o que primero necesita piezas. De esta forma da la impresión de que sólo quería ganar dinero rápido.<br>En el lado positivo, Pablo me dejó usar su taller y sus herramientas para cambiar varios rodamientos de mi bicicleta por un pequeño cargo, y ha sido amable y acogedor. Yo diría que es muy hábil, pero también parece un mecánico un poco desorganizado y tosco. Dicho esto, podría ser lo mejor que hay. Como siempre, es bueno acordar el precio de antemano para evitar sorpresas.<br><br>5 de enero de 2023 <br>Chico maravilloso y servicial.<br>Se cambió llanta delantera y se hizo revisión a la motocicleta.<br><br>28 de noviembre de 2019 por El mundo en un autobús <br>Buen chico. Creo que o me engañaron o son caros... 1500ars mano de obra/h. Acuerde el precio antes...<br>pero hicieron un buen trabajo y tienen mucho conocimiento.<br><br>16 de marzo de 2019 Por KixMarshall.com <br>Me recomendaron tienda para hacer el trabajo. Si andas en una Thumper o en cualquier bicicleta que no sea elegante, este es el lugar al que querrás ir para que te suelden o arreglen cosas. ¡Tienen bicicletas viejas al azar por ahí, así que puede que tengas suerte!]]></description>
        <styleUrl>#icon-1633-0288D1</styleUrl>
        <Point>
          <coordinates>
            -68.3371,-54.8202,0
          </coordinates>
        </Point>
      </Placemark>
      <Placemark>
        <name>-54.81991, -68.33747</name>
        <description><![CDATA[<br><br>9 de marzo de 2023<br>Me mantendría alejado de este lugar a menos que sea su única opción. Les pedí que repararan el cable del freno de estacionamiento y tuve una experiencia abismal. Les tomó 4 días hábiles completos instalarlo, lo reconstruyeron incorrectamente dos veces, tuve que mostrarles cómo instalarlo dos veces y cuando finalmente recuperé el auto después de todo ese tiempo, el freno estaba demasiado flojo. Unos días más tarde fui a ajustarlo y descubrí que no sólo no lo habían tendido correctamente (dejaron el cable colgando suelto contra el motor en lugar de atornillarlo con el hardware que les proporcioné) en lugar de reutilizar las piezas originales en perfecto estado, sino que Había improvisado el cable con un perno doblado y un poco de alambre de amarre. Así que ahora estoy atrapado con un cable de freno peligroso, suelto y difícil de ajustar. Además me cobraron demasiado incluso por Ushuaia, sobre todo por un trabajo tan cutre. Subí algunas fotos del cable roto que hablan por sí solas.<br><br>Al final del día, se gana algo y se pierde algo. Lo habría dejado pasar, pero después de todo eso, tuvieron el descaro de poner una pegatina con su logo en mi equipo sin preguntar. Evítales.<br><br>9 de marzo de 2023 <br>Literalmente los mecánicos más incompetentes de Sudamérica. Empeoraron todos nuestros problemas 10 veces, tardaron 3 días más de lo que dijeron, nos cobraron muchísimo de más y luego, para colmo de males, pusieron la calcomanía de su tienda en nuestro auto sin nuestro permiso. No vayas aquí.<br><br>28 de febrero de 2023 <br>Fui allí para revisar y cambiar el aceite y el motor después de una luz roja. Nos dijeron que dejáramos el coche aquí. Al parecer le cambiaron el sensor de aceite y nos cobran 950000 ARS. Fuimos a otro taller en Punta Arenas para hacer otro chequeo y me demuestra que no se había hecho nada.<br><br>12 de marzo de 2020 <br>Fui aquí para hacerme un cambio de aceite según las revisiones, me pareció lo más profesional. Observé mientras hacían el servicio y constantemente los veía haciendo las cosas incorrectamente, no sabían qué aceite usar y después de que les dijeron que todavía necesitaban un recordatorio. El tipo que limpiaba mi filtro de aire estaba soplando la suciedad más profundamente dentro del filtro en lugar de sacarla y cuando les pedí que engrasaran las líneas de transmisión y otros componentes, necesitaban que señalara todos y cada uno de ellos. También les tomó 30 minutos descubrir cómo usar la pistola engrasadora. Lo bueno es que era barato.<br><br>2 de febrero de 2020 por Centro Integral del Automor <br>Mecánica Servicio Cambio de aceite<br>Electricidad del vehículo<br>Reparación de aire acondicionado<br>Reparación de motores Aceite<br>Castrol para motos<br>Cambio de aceite y filtros<br>Limpieza de vehículos<br>Piezas de vehículos<br>Rotación de neumáticos<br>Alineación y balanceo<br><br>WhatsApp: +5492901440354<br>Instagram: @centrointegralautomotor<br>facebook: @centrointegralautomotor<br><br>1 de febrero de 2020 por impactoverland.com <br>Excelente taller de reparación y tienda minorista de repuestos para automóviles. Precio del petróleo más caro que en el norte, pero razonable para cualquier lugar de Ushuaia. El dueño estaba preparando Asado cuando llegamos, así que nos dio de comer mientras su equipo me cambiaba el aceite. Excelente gente, muy recomendable.<br><br><br><br><br><br><br><br><br><br>]]></description>
        <styleUrl>#icon-1590-0288D1</styleUrl>
<Point>
          <coordinates>
            -68.33747,-54.81991,0
          </coordinates>
        </Point>
      </Placemark>
      <Placemark>
        <name>-54.81972, -68.34045</name>
        <description><![CDATA[3 de enero de 2019 por lr110travels.com<br>Muy buenos chicos. Hicimos un nuevo parabrisas para nuestro Defender. Saqué el viejo, hice y monté el nuevo, todo en una hora. 3000 Pesos Argentinos.<br><br>9 de mayo de 2016<br>Aún allí<br><br>18 de febrero de 2016<br>Vidreria Valle, fabricaran un nuevo parabrisa plano con vidrio laminado.]]></description>
        <styleUrl>#icon-1899-DB4436</styleUrl>
        <Point>
          <coordinates>
            -68.34045,-54.81972,0
          </coordinates>
        </Point>
      </Placemark>
      <Placemark>
        <name>-54.81897, -68.35165</name>
        <description><![CDATA[13 de abril de 2019 <br>Taller mecánico. Funciona con Renault maestro]]></description>
        <styleUrl>#icon-1590-0288D1</styleUrl>
        <Point>
          <coordinates>
            -68.35165,-54.81897,0
          </coordinates>
        </Point>
      </Placemark>
      <Placemark>
        <name>-54.81919, -68.33437</name>
        <description><![CDATA[17 de mayo de 2017 por etc.sundaysfolks.com <br>Taller familiar y acogedor que me ha indicado un concesionario de coches. Tuve un problema con la alineación de las ruedas, se llevaron el auto y lograron arreglarlo por la tarde aunque estaban llenos ese día. Parece que están especializados en la reparación de ejes de coches.]]></description>
        <styleUrl>#icon-1590-0288D1</styleUrl>
        <Point>
          <coordinates>
            -68.33437,-54.81919,0
          </coordinates>
        </Point>
      </Placemark>
      <Placemark>
        <name>-54.80687, -68.30085</name>
        <description><![CDATA[<br><br>26 de diciembre de 2022 por secondtimearoundtheworld.wordpress.com <br>Piezas de Dodge y Mercedes Sprinter en inventario de un concesionario Dodge/Chrysler/Jeep muy amigable en Ushuaia, Argentina. dirección Belgrano 58 Ushuaia Argentina ver número de whatsapp abajo.<br>Pregunte por la Sra. Guadalupe, un gerente que habla bien inglés y que puede ayudarlo a encontrar repuestos.]]></description>
        <styleUrl>#icon-1590-0288D1</styleUrl>
<Point>
          <coordinates>
            -68.30085,-54.80687,0
          </coordinates>
        </Point>
      </Placemark>
      <Placemark>
        <name>-54.80708, -68.31531</name>
        <description><![CDATA[<br><br>4 de abril de 2022<br>Servicio increíble. Muy amable.<br>Ayúdame al principio. Buen trabajo.<br>Cambiaron mis amortecedores en mi motohorme grande. En otros lugares no quisieron hacerlo porque no caben, es demasiado grande… ¡<br>Aquí funciona!]]></description>
        <styleUrl>#icon-1590-0288D1</styleUrl>
<Point>
          <coordinates>
            -68.31531,-54.80708,0
          </coordinates>
        </Point>
      </Placemark>
      <Placemark>
        <name>-54.80503, -68.31492</name>
        <description><![CDATA[<br><br>14 de febrero de 2023 por Ninguno (131880) <br>Habíamos concertado una cita a la que el mecánico no pudo asistir. Entonces tuvimos que regresar al día siguiente. Pagamos 5000 pesos (aprox. 14 USD) para que nos repararan un golpe de piedra. El trabajo no fue bueno. Al cabo de unos días ya tenía nuevas grietas. No volvería a ir.<br><br>15 de noviembre de 2016 por panamericana.de <br>Realizamos una reparación de parabrisas inteligente en Mar y Sol. Bastante rápido (2 horas), muy amigable y al final no muy caro (400 pesos). Ripios, ¡allá vamos de nuevo!<br><br>9 de mayo de 2016 por Ninguno (2422) <br>Taller de reparación de parabrisas y reparación de neumáticos. Muy amigable. No hablamos inglés, pero nos las arreglamos para salir adelante;) Pagamos 200 ARG por la reparación del parabrisas astillado.<br><br>25 de enero de 2016 por Ninguno (776) <br>Es una gomeria, arreglan parabrisas.<br><br>]]></description>
        <styleUrl>#icon-1899-DB4436</styleUrl>
<Point>
          <coordinates>
            -68.31492,-54.80503,0
          </coordinates>
        </Point>
      </Placemark>
      <Placemark>
        <name>-54.80323, -68.31140</name>
        <description><![CDATA[<br><br>10 de enero de 2023 <br>Taller de mecanica en general y chapa y pintura. También tienen electricidad básica…<br>Luis el mecánico y Diego trabajan rápido y eficientes.<br>un problema con la transmisión, violetas y extremos y en 2h reparado.<br><br>11 de febrero de 2020 <br>Mechanics Taller Diego solucionó nuestro problema del radiador de manera muy profesional.<br>Él es muy amigable y servicial. Nos llevó a Ushuaia para comprar las piezas buenas y reparar el radiador que estaba corroído.<br>Pudimos dormir en la autocaravana durante la noche ya que no pudo terminar el trabajo en un día.<br><br>Recomendamos encarecidamente este lugar que aún no estaba en iOverlander.<br><br><br><br>]]></description>
        <styleUrl>#icon-1590-0288D1</styleUrl>
<Point>
          <coordinates>
            -68.3114,-54.80323,0
          </coordinates>
        </Point>
      </Placemark>
      <Placemark>
        <name>-54.80107, -68.28528</name>
        <description><![CDATA[<br><br>23 de diciembre de 2022 por secondtimearoundtheworld.wordpress.com <br>Nuevo concesionario Mercedes, gente agradable, pero necesitaba un mínimo de 10 días para obtener piezas de Buenas Aires. Terminamos comprando las piezas en el concesionario Dodge Jeep, pero el concesionario Mercedes hizo el cambio de aceite de la transmisión con mi aceite y filtro, también hizo un diagnóstico, 3 horas de trabajo por 17,000 pesos o $65.<br><br>30 de enero de 2020 por instagram.com/lobbes.the.bus <br>Tuve problemas de combustible con nuestra camioneta Mercedes de 47 años. Chicos muy profesionales, encontraron la solución muy rápidamente. Su tarifa ahora es de 1600 pesos por hora. Muy recomendable.<br><br>26 de diciembre de 2018 <br>Para nuestro Unimog sólo necesitábamos un cambio de aceite.<br><br>Nos dijeron que fuéramos justo después de la hora del almuerzo. Nos pidieron todos los demás filtros y demás por nombre y ubicación para estar muy seguros de qué hacer. No es posible ningún malentendido. Todas las piezas normales estaban en stock. Sólo el cartucho secador lo saqué de mis repuestos y pedí uno nuevo de inmediato. Tomará un tiempo, pero estamos en el fin del mundo, ¿no?<br><br>El trabajo se realizó de manera profesional y eficiente.<br>La factura fue correcta y nos fuimos con una sonrisa.<br><br>23 de enero de 2017 por ralentir.ch <br>Paramos en el garaje porque tuvimos un problema con la caja de cambios de nuestro velocista. Estos nos atendieron de inmediato incluso cuando llegamos una hora antes del cierre. Servicio muy eficiente y encantador.]]></description>
        <styleUrl>#icon-1590-0288D1</styleUrl>
<Point>
          <coordinates>
            -68.28528,-54.80107,0
          </coordinates>
        </Point>
      </Placemark>
      <Placemark>
        <name>-54.79588, -68.28792</name>
        <description><![CDATA[16 de febrero de 2023 <br>Pequeña tienda donde nos ayudaron a conectar nuestro sistema de gas alemán a una botella argentina.<br>realmente servicial y amigable<br><br>20 de febrero de 2020 <br>Perdí un tubo para la circulación de aire en mis ejes. Los repuestos no venden esto. Esta tienda tiene todos esos pequeños tubos que utilizan los sistemas hidráulicos.]]></description>
        <styleUrl>#icon-1590-0288D1</styleUrl>
        <Point>
          <coordinates>
            -68.28792,-54.79588,0
          </coordinates>
        </Point>
      </Placemark>
      <Placemark>
        <name>-54.79682, -68.27430</name>
        <description><![CDATA[<br><br>3 de marzo de 2023 por thepostcardman.de <br>Fui allí para hacerle el service a mi Toyota 4Runner. Ariel, el Gerente coordina perfectamente su equipo. También me cambiaron los frenos de disco. Para Ushuaia me cobraron justo y lo terminaron a tiempo. La mejor mecánica😇😇😇😇<br><br>27 de enero de 2020 <br>Servicio perfecto. Repararon una de nuestras llantas de repuesto de manera rápida y profesional.<br><br>20 de enero de 2020 <br>Buen y gran mecánico, hizo un buen trabajo. ¡Cobró 1600ARS por una hora!<br><br>14 de noviembre de 2019 <br>¡Gran mecánico! Reparamos nuestra llanta y encontramos una manera de arreglar nuestra línea de combustible por un precio verdaderamente justo. Abierto de 9:30 a 13:00 y de 15:00 a 19:00 de lunes a viernes.<br><br>8 de abril de 2019 por cronicasdeunavan <br>Nos falló la batería y si bien aquí son caras, en chico nos hizo un 20% de descuento en una nueva además fue muy amable y nos ayudó en varias cosas más! si buscáis recambios u otras cosas es un buen sitio!<br><br>1 de marzo de 2019 por meaj.com <br>Excelente lugar, vinimos a revisar un problema que teníamos con nuestras válvulas, quitaron las llantas y las revisaron. Todo estuvo bien, tardaron los 30min y no nos cobraron nada!! Además nos ofrecieron una taza para tomar mate durante nuestra estadía en argentina. La gente que conocemos suele ser agradable, ¡pero aquí son exagerados!<br><br>]]></description>
        <styleUrl>#icon-1590-0288D1</styleUrl>
<Point>
          <coordinates>
            -68.2743,-54.79682,0
          </coordinates>
        </Point>
      </Placemark>
      <Placemark>
        <name>-54.79712, -68.27246</name>
        <description><![CDATA[6 de diciembre de 2022 por Dragón de Arena II <br>Taller muy profesional. Aunque es caro, ¡hicieron un gran trabajo con nuestro Toyota!<br><br>4 de abril de 2018 por NomadicVince <br>¡Amigable pero demasiado caro! Tengo el aceite y el filtro, aun así me piden más de 1.000 pesos en efectivo solo para hacer el cambio de aceite! YPF cobra 200 pesos en Río Grande, pero el mecánico no estaba cuando paré allí... ¡Seguirá el camino de regreso entonces!<br><br>8 de mayo de 2017 por cruisingsouth.com <br>Proporcionan un servicio bastante rápido, pero, como era de esperar, el petróleo es caro. Entonces, si tienes un motor que necesita 8 litros terminarás pagando más de $100 USD.<br><br>7 de diciembre de 2016 <br>reemplazamos todos nuestros aceites aquí, rápido y amigable de lunes a viernes de 09:30 a 13:00 / de 15:00 a 20:30 sa de 09:30 a 13:00 por orden de llegada]]></description>
        <styleUrl>#icon-1899-DB4436</styleUrl>
        <Point>
          <coordinates>
            -68.27246,-54.79712,0
          </coordinates>
        </Point>
      </Placemark>
      <Placemark>
        <name>-54.79379, -68.26602</name>
        <description><![CDATA[17 de febrero de 2023<br>Mecánico súper agradable. Está especializado en reparación y pintura de piezas metálicas de coches y motos.<br>Reparó<br>nuestra puerta rota y las piezas metálicas junto al neumático en una hora e incluso derritió el plástico para recuperar su forma y lo pintó. Al final nos cobró sólo 4000 pesos por 1,5h de trabajo. Además de eso, también era muy amable.<br>En caso de que ya tengas que lidiar con mierdas como un auto averiado, ¡deberías acudir a este tipo!]]></description>
        <styleUrl>#icon-1590-0288D1</styleUrl>
        <Point>
          <coordinates>
            -68.26602,-54.79379,0
          </coordinates>
        </Point>
      </Placemark>
      <Placemark>
        <name>-54.79018, -68.26962</name>
        <description><![CDATA[<br><br>7 de diciembre de 2022 por juliewanders <br>Mecánico muy útil y conocedor.<br><br>17 de marzo de 2020 <br>Viajo en una Africa Twin y vivo en Ushuaia en los veranos y uso Negro como mecánico. Es un mecánico con mucha experiencia en motos, coches, furgonetas y camiones. Cualquiera que sea tu problema, él puede solucionarlo. También es útil para obtener piezas. Buenos precios y muy recomendable. Habla algo de inglés pero es más fácil a través de tex. Su WhatsApp<br>+54 9 290 144-8429<br><br><br><br><br><br><br><br><br><br>]]></description>
        <styleUrl>#icon-1590-0288D1</styleUrl>
<Point>
          <coordinates>
            -68.26962,-54.79018,0
          </coordinates>
        </Point>
      </Placemark>
      <Placemark>
        <name>-54.79415, -68.23056</name>
        <description><![CDATA[10 de julio de 2023 <br>Tiene rectificadora y hace mantenimiento a camionetas, principalmente Renault Master, se llama Léo Moreski, su contacto es +54 9 2901 49-5894, la mía la arreglé y el servicio fue bueno.<br>27 de diciembre de 2022 por notasdeavan <br>Car Garage, mecánicos muy amables, hicieron un buen trabajo en nuestro VW T4 (Servicio)]]></description>
        <styleUrl>#icon-1590-0288D1</styleUrl>
        <Point>
          <coordinates>
            -68.23056,-54.79415,0
          </coordinates>
        </Point>
      </Placemark>
      <Placemark>
        <name>-51.63000, -69.24709</name>
        <description><![CDATA[25 de octubre de 2023 por Thomas Brack <br>Tuvimos que cambiar los amortiguadores. Ivan fue muy amable, confiable y servicial. El garaje es muy recomendable.<br><br>6 de febrero de 2023<br>Mi Taller existe dos veces en iOverlander. Esta no es la ubicación actual. ¡Encuentra el otro! ¡Iván manda!<br><br>14 de marzo de 2020 por Saludos desde el mundo <br>Se trata de un pequeño taller mecánico en el garaje de una casa. El propietario, Ivan, tiene mucho conocimiento después de pasar la mayor parte de su carrera trabajando para una compañía petrolera como mecánico. Ahora dirige un pequeño taller pero está muy bien equipado para cualquier tipo de trabajo. También posee computadoras para cualquier tipo de vehículo, desde automóviles hasta camiones. Sus hijos hablan muy bien inglés e Ivan es muy acogedor y servicial.]]></description>
        <styleUrl>#icon-1590-0288D1</styleUrl>
        <Point>
          <coordinates>
            -69.24709,-51.63,0
          </coordinates>
        </Point>
      </Placemark>
      <Placemark>
        <name>-51.62724, -69.24969</name>
        <description><![CDATA[23 de mayo de 2023 <br>Mario es un excelente mecánico, con gran experiencia y profesionalismo. Me ayudó en una emergencia, en 1 días resolvió el problema con mi Ford Transit. El mejor mecánico de la ciudad y región.]]></description>
        <styleUrl>#icon-1590-0288D1</styleUrl>
        <Point>
          <coordinates>
            -69.24969,-51.62724,0
          </coordinates>
        </Point>
      </Placemark>
      <Placemark>
        <name>-50.35315, -72.26502</name>
        <description><![CDATA[<br><br>11 de marzo de 2020<br>Hola mi nombre es Juan. Soy el dueño de Metal Sur. Realizamos casi todo tipo de soldaduras. Te esperamos para brindarte el mejor servicio, serás bien recibido en nuestro taller. Nuestro horario de oficina es de lunes a viernes de 09:00 am a 5:00 pm y sábados de 09:00 am a 1:00 pm También hablamos inglés y portugués. WhatsApp +5492966653107.<br><br>11 de marzo de 2020 por WanderingPeso.com <br>Juan nos ayudó a arreglar una soldadura rota en nuestro parachoques delantero que se agrietó al golpear un tronco en un loco viaje todoterreno. $1000pesos.<br><br>Rápido y profesional.<br><br>Teléfono: +5492966653107<br>Horario: 9:00-17:00 Lun-Vie, Sáb 9:00-13:00<br>Servicios: Todo tipo de soldadura.<br><br>27 de enero de 2020<br>El cerrajero Juan es genial. Tiene un taller limpio y equipo profesional si necesita algo de soldadura. Arregló perfectamente nuestra suspensión.<br><br><br><br><br><br>]]></description>
        <styleUrl>#icon-1590-0288D1</styleUrl>
<Point>
          <coordinates>
            -72.26502,-50.35315,0
          </coordinates>
        </Point>
      </Placemark>
      <Placemark>
        <name>-47.25606, -72.57159</name>
        <description><![CDATA[<br><br>21 de octubre de 2023 <br>Entré para pedir consejo porque las puertas de nuestra caravana nos han estado dando algunos problemas. Muy útil. ¡No hablaba inglés pero entendía mi mal español!<br><br>10 de febrero de 2021 por sixwheelseast.com <br>Nos encontramos con una correa de alternador (muy polvorienta) que no pude encontrar en ningún otro lugar de la ciudad. Quién sabe qué más tendrán en ese ático suyo. No estoy seguro si sirve para todas las partes, pero aquí pidieron el doble de lo que pidió Cacharrita Austral 2 por exactamente el mismo regulador, así que tal vez vaya allí primero y aquí segundo.<br><br>3 de febrero de 2020 <br>Vendo gasolina camping a 2000 clp, formato 230g.<br><br>28 de marzo de 2019 por olivertheworld.com <br>Marvin es genial, ¡pero es un tipo muy ocupado! Nos ayudó con una solución para nuestra llanta de repuesto, que requería soldadura. Cuando no está disponible, recomienda Chispa al otro lado de la ciudad.<br><br>29 de enero de 2016 <br>Le pedimos consejo a Marvin (el propietario), pero en realidad no lo contratamos para trabajar. Aunque es un buen tipo.]]></description>
        <styleUrl>#icon-1590-0288D1</styleUrl>
<Point>
          <coordinates>
            -72.57159,-47.25606,0
          </coordinates>
        </Point>
      </Placemark>
      <Placemark>
        <name>-47.25187, -72.57137</name>
        <description><![CDATA[23 de octubre de 2023 <br>Juan-Carlos fue una auténtica joya. Las puertas de nuestra caravana ya no se abrían. Félix nos lo recomendó en el taller de repuestos. Dejé todo para arreglar las puertas y ponernos en camino nuevamente (después de tres días de arrastrarnos por los asientos del conductor).<br><br>15 de abril de 2023 por renomarca <br>Una experiencia bastante mala para nosotros. Según las opiniones a continuación, llegamos con nuestra caja de cambios land cruiser para ser desmantelada. Juan-Carlos quiso hacerlo pero tuvo muchos problemas, no tenía las herramientas adecuadas y no pudo ofrecernos soluciones para encontrar las piezas a cambiar o una caja de segunda mano. Era amable, pero a menudo estaba ausente y nuestros mensajes en Whatsapp no respondían. Y cuando recogimos nuestra caja para ir a hacer el trabajo a Coyhaique, estaban todas las piezas mezcladas, el aceite goteaba por todos lados… no es un trabajo serio. Tal vez trabaje bien para pequeñas necesidades pero debería habernos dicho que no podía hacer este trabajo demasiado complicado para él. Perdimos 8 días y tuvimos que trasladar nuestro coche a un camión.<br>Mucha gente en Cochrane va directamente a Coyhaique por sus problemas automotrices.<br>Si necesitas un camión para transportar tu auto llama a Mauricio Sorbazo, es confiable y serio (+56 9 5673 4546)<br><br>31 de marzo de 2023 por renomarca <br>Este lugar no está en Google.<br>El número telefónico es:<br>+ 569 56 67 99 66<br><br>23 de febrero de 2023 por mmq-photography.com <br>Súper mecánico en la ciudad. Vinimos aquí para hacerle mantenimiento a nuestro Toyota Landcruiser. Tengo una cita para la mañana siguiente. Buen trabajo y precios justos.<br><br>2 de febrero de 2023 <br>¡Juan Carlos Montesinos es un mecánico que ya no se encuentra en Europa! ¡Él es capaz de manejar ese arte con Leonora de la mejor manera! Hará todo lo posible para ayudarte como lo hizo con nuestra caravana.<br>Recomiendo ese lugar para problemas de mecanica. Trabajos de reparación a bajo precio.<br><br>27 de enero de 2023 <br>Tuvimos una línea de freno rota y nos ayudaron de inmediato. Pidió 40.000 pesos por aproximadamente 1,5 horas de trabajo incluyendo nuevas líneas de freno.<br><br>20 de enero de 2023 <br>Excelente el servicio de Juan Carlos y Leonora. Como ya describí en otro apartado donde dejé un mal comentario sobre el otro mecánico, fui primero a un mecánico q como no entendia nada de kombis me echó a los gritos e insultandome de su taller, después de intentar inventar que el problema que yo tenia era la suspención (yo no podré entender nada pero un volante completamente duro no tiene nada que ver con la suspención). Después de ser echada fui a alfa. El chico de alpha era super educado y amable pero dijo que mi caja de dirección estaba probablemente rota yq seria imposible repararla en esa ciudad, que hiciera un 'esfuerzo' por llegar a Coyhaique... al día siguiente, el volante estaba peor q el anterior... por lo que no pensaba animarme a conducir así en un terreno de curvas y contracurvas constantes como la carretera austral. Alguien me recomendó y mencionó a Juan Carlos a quien le estoy completamente agradecida. JuanCarlos desarmó la caja de dirección. Diagnostico: habia q comprar caja de direccion nueva o kit de reparacion de caja ya que se habian comprometido algunas piezas importantes. Las piezas se conseguian a precios estandares pero habia que mandar a pedirlas de Santiago e iban a demorar 15 dias en llegar. Yo ya tenia mi cabeza preparada para quedarme 15 días en cochrane esperando las piezas. Le dije a Juan Carlos que al día siguiente me contactaria con la tienda de santiago y las encargaria... cuestion q por la tarde yo veia que leo y juan carlos estaban trabajando con un torno y yo me quedé en el taller dentro de mi kombi haciendo mis cosas. Por la noche, Juan Carlos se acerca,me golpea la puerta y me dice: '¿mirá cómo están quedando tus piezas?' Cuestión: se pusieron en el torno a intentar reconstruir mis piezas. Resultado final: la kombi siguió andando. Hasta el momento llevo un]]></description>
        <styleUrl>#icon-1590-0288D1</styleUrl>
        <Point>
          <coordinates>
            -72.57137,-47.25187,0
          </coordinates>
        </Point>
      </Placemark>
      <Placemark>
        <name>LA TUERCA TALLER INTEGRAL DEL AUTOMOTOR</name>
        <description><![CDATA["Amplia Cartelera de servicio"<br>"Excelente, recomendable al 100x100."      02914522504]]></description>
        <styleUrl>#icon-1590-0288D1</styleUrl>
        <Point>
          <coordinates>
            -62.283185,-38.7062219,0
          </coordinates>
        </Point>
      </Placemark>
      <Placemark>
        <name>SERVICIO MECANICO Perrone</name>
        <description><![CDATA[<br><br>"Muy bueno tuve un problema en los frenos y me lo soluciono enseguida."<br>"Excelente atención y muy profesional.."     02914549152  <br><br>]]></description>
        <styleUrl>#icon-1590-0288D1</styleUrl>
<Point>
          <coordinates>
            -62.2767246,-38.7069301,0
          </coordinates>
        </Point>
      </Placemark>
      <Placemark>
        <name>Taller Mecánico Roberto Tarulli</name>
        <description><![CDATA[<br><br>Muy buen mecánico la experiencia de la edad y la sinceridad son cualidades que hacen que el taller sea de confianza !<br><br>Excelente mecánico muy confiable y muy buena atención.<br><br>Excelente mecánico, Muy responsable!Confiable!!       02914519463]]></description>
        <styleUrl>#icon-1590-0288D1</styleUrl>
<Point>
          <coordinates>
            -62.2812851,-38.7100299,0
          </coordinates>
        </Point>
      </Placemark>
      <Placemark>
        <name>Taller Mecanico y Service -Servicio Integral del Automotor S.I.A</name>
        <description><![CDATA[<br><br>"Muy buena atención, me solucionaron el problema y pude seguir viaje con mi auto."<br>"Llegamos super bien."<br>"Muy buen servicio y excelentes personas!"     02915086996]]></description>
        <styleUrl>#icon-1590-0288D1</styleUrl>
<Point>
          <coordinates>
            -62.2747557,-38.7120124,0
          </coordinates>
        </Point>
      </Placemark>
      <Placemark>
        <name>Taller Mecánico Dino David</name>
        <description><![CDATA[<br><br>"Responsables, honestos y cumplidores<br>"Muy buena atención y profesionalidad en los trabajos."<br>"Excelente trabajo me hicieron."     02914535526]]></description>
        <styleUrl>#icon-1590-0288D1</styleUrl>
<Point>
          <coordinates>
            -62.2871491,-38.713524,0
          </coordinates>
        </Point>
      </Placemark>
      <Placemark>
        <name>Mecanica Integral Gottau e Hijo</name>
        <description><![CDATA[<br><br>Excelente atención, puntual, y sobre todo buena onda! ❤️<br><br>Buena atención y rapidez. Te tratan de diez puntos<br><br>Satisfecho.                02914489285]]></description>
        <styleUrl>#icon-1590-0288D1</styleUrl>
<Point>
          <coordinates>
            -62.2872874,-38.7231172,0
          </coordinates>
        </Point>
      </Placemark>
      <Placemark>
        <name>Christian Moreno</name>
        <description><![CDATA[<br><br>"Excelente servicio y muy buena atención, lo recomiendo!!!"<br>"En enero llevé el auto a arreglar un problema con el marcado de combustible."<br>"Excelente atención y predisposición de todos los que trabajan ahí."                02914543010<br><br>]]></description>
        <styleUrl>#icon-1590-0288D1</styleUrl>
<Point>
          <coordinates>
            -62.2712238,-38.7290248,0
          </coordinates>
        </Point>
      </Placemark>
      <Placemark>
        <name>Taller Mecanico Dario</name>
        <description><![CDATA[<br><br>"Excelente servicio, muy buena atención y asesoramiento."<br>"Me encantó la forma de trabajar y excelente atención."                             02915710372]]></description>
        <styleUrl>#icon-1590-0288D1</styleUrl>
<Point>
          <coordinates>
            -62.236424,-38.7292241,0
          </coordinates>
        </Point>
      </Placemark>
      <Placemark>
        <name>Taller mecánico bahía blanca</name>
        <description><![CDATA[<br><br>"Altamente recomendable este taller, muy buena atención y un trabajo impecable."<br>"Gran profesional y gran persona, muy honesto !"<br>"Excelente atención, personalizada y profesional."                              02914168701]]></description>
        <styleUrl>#icon-1590-0288D1</styleUrl>
<Point>
          <coordinates>
            -62.2572017,-38.7320384,0
          </coordinates>
        </Point>
      </Placemark>
      <Placemark>
        <name>TALLER MECANICO SERVIMAR</name>
        <description><![CDATA[<br><br>Hola buenas noches mi nombre es Guillermo y la atención que recibí de Gustavo y de su hermano es para recomendar a todo aquel que necesite una ayuda en el camino. En mi caso se me quemo la junta de la tapa y no dudaron en ponerse manos a la obra para que al otro día siga viaje hacia al sur para hacer los 2000kms que me restaban por delante, dejando de lado el trabajo que tenían antes de que yo llegara. Por eso los recomiendo y los felicito por su compromiso y ponerse del lado del cliente. Mucha gracias y que tengan un bendecido 2023.                               02914558616]]></description>
        <styleUrl>#icon-1590-0288D1</styleUrl>
<Point>
          <coordinates>
            -62.273525,-38.743493,0
          </coordinates>
        </Point>
      </Placemark>
      <Placemark>
        <name>Taller Mecanico Carlos Blanco</name>
        <description><![CDATA[<br><br>"Excelente trato, nivel y proligidad."<br>"Excelente atención!!"                                01147316156]]></description>
        <styleUrl>#icon-1590-0288D1</styleUrl>
<Point>
          <coordinates>
            -58.5730239,-34.4235731,0
          </coordinates>
        </Point>
      </Placemark>
      <Placemark>
        <name>Taller Champion</name>
        <description><![CDATA[<br><br>Muy recomendable, gente seria y profesional. Me atendieron muy bien.                              01121664257]]></description>
        <styleUrl>#icon-1590-0288D1</styleUrl>
<Point>
          <coordinates>
            -58.5720677,-34.4244437,0
          </coordinates>
        </Point>
      </Placemark>
      <Placemark>
        <name>Taller (MR) mecanica ligera</name>
        <description><![CDATA[<br><br>"Excelente servicio y muy eficaz 👍"<br><br>Genio el mecánico!<br><br>Me salvó de un problema urgente, un genio! recomendadísimo                                   01130515285 ]]></description>
        <styleUrl>#icon-1590-0288D1</styleUrl>
<Point>
          <coordinates>
            -58.566381,-34.4271349,0
          </coordinates>
        </Point>
      </Placemark>
      <Placemark>
        <name>Taller mecánico en zona norte</name>
        <description><![CDATA[<br><br>"Buen trato y buena atencion"<br>"Super profesional y cumple a termino los plazos de entrega."<br>"Excelente servicio muy bien los precios"            01167895831 ]]></description>
        <styleUrl>#icon-1590-0288D1</styleUrl>
<Point>
          <coordinates>
            -58.5685481,-34.427859,0
          </coordinates>
        </Point>
      </Placemark>
      <Placemark>
        <name>Taller de Jorge (Mecánica Automótriz)</name>
        <description><![CDATA[<br><br>"Súper responsables y precio justo."<br><br>Exelente atención de Jorge y su hijo.<br>Llegue con una perdida importante de gasoil en una línea de combustible justo encima del tanque, ellos me solucionaron el problema rápidamente y pude continuar mi viaje.<br>Muchas gracias!!!!                                     0111551214425]]></description>
        <styleUrl>#icon-1590-0288D1</styleUrl>
<Point>
          <coordinates>
            -58.5823671,-34.4334422,0
          </coordinates>
        </Point>
      </Placemark>
      <Placemark>
        <name>GPS Taller - Taller GAVA</name>
        <description><![CDATA[<br><br>"Muchas gracias por solucionarme el problema del Ford Focus , un abrazo grande ."<br>"Muy buena gente, excelente atención."<br>"Seriedad absoluta y servicio al cliente 100%"        01147492224]]></description>
        <styleUrl>#icon-1590-0288D1</styleUrl>
<Point>
          <coordinates>
            -58.569072,-34.434079,0
          </coordinates>
        </Point>
      </Placemark>
      <Placemark>
        <name>GPS Taller - JL Mecánica General</name>
        <description><![CDATA[<br><br>Muy recomendables. Excelente trabajo.           01147493478]]></description>
        <styleUrl>#icon-1590-0288D1</styleUrl>
<Point>
          <coordinates>
            -58.5775911,-34.4386925,0
          </coordinates>
        </Point>
      </Placemark>
      <Placemark>
        <name>TALLER CEI-CAR</name>
        <description><![CDATA[<br><br>"Excelente muy buena atención y buen trato<br>"Excelente atención,profesionales y amables muy recomendables"<br>"Muy buena onda y buena predisposición para atender"                                                         01130897290]]></description>
        <styleUrl>#icon-1590-0288D1</styleUrl>
<Point>
          <coordinates>
            -58.5790383,-34.4406479,0
          </coordinates>
        </Point>
      </Placemark>
      <Placemark>
        <name>JN Chaperia Y Pintura</name>
        <description><![CDATA[Taller de Nino, miembro de la comunidad.<br>Chapista y entendido en mecánica general.     02613898718]]></description>
        <styleUrl>#icon-1590-0288D1</styleUrl>
        <Point>
          <coordinates>
            -68.7574025,-32.9932935,0
          </coordinates>
        </Point>
      </Placemark>
      <Placemark>
        <name>El Vasco Taller de Ruben Zubizarreta</name>
        <description><![CDATA[A 4 cuadras de Ruta 7. <br>Un genio!!!!<br>+54 9 236 4599302<br>Dato aportado por TERAPIAS DEL ALMA ]]></description>
        <styleUrl>#icon-1590-0288D1</styleUrl>
        <Point>
          <coordinates>
            -60.96373,-34.604294,0
          </coordinates>
        </Point>
      </Placemark>
      <Placemark>
        <name>-34.35047, -57.85370</name>
        <description><![CDATA[<br><br>14 de marzo de 2024 por T&L_aus_G <br>Alfredo die Service, Chance of All Filters incluyó filtro de aire acondicionado y perfeccionó nuestras ballestas y bridas traseras. Ha hecho un buen trabajo👍<br><br>8 de mayo de 2023 por andylop848 <br>No, este no es el museo de autos. es algo mas<br><br>24 de octubre de 2022 por jlgjeanlouis <br>Muséo C'ars coches históricos<br>De lunes a viernes 10 h 14 h<br>Sábado domingo 11 h 18 h<br><br>26 de septiembre de 2022 por Adrián de Jong <br>Lo visité hoy, soldé y ajusté una pieza. Amable, buen trabajo, precio justo. ¡Recomendado!<br><br><br><br>]]></description>
        <styleUrl>#icon-1590-0288D1</styleUrl>
<Point>
          <coordinates>
            -57.8537,-34.35047,0
          </coordinates>
        </Point>
      </Placemark>
      <Placemark>
        <name>-34.83907, -56.26097</name>
        <description><![CDATA[<br><br>9 de abril de 2024 por chemin_des_sources<br>¡Carlitur es una muy buena dirección para todas las reparaciones y soluciones para preparar el vehículo para el viaje! realmente lo recomiendo<br><br>14 de marzo de 2023 por anais.leblond18<br>Es un lugar más alto para ir si tienes algo que arreglar en tu caravana. ¡Carlos es realmente útil e intenta encontrar la mejor solución para ti! Tiene mucha experiencia y sabe cómo ayudarte mejor.<br><br>26 de septiembre de 2022 por mikebine<br>Gente muy servicial, tuvimos un robo en el puerto, nuestra puerta está rota y Carlos instaló cerraduras nuevas.<br>Después de esto, podrás usar el broche y Carlos para instalar una nueva funda.<br><br>25 de abril de 2022 por MinatoVanLife<br>Buen servicio, tuve un problema con la cocina de gas instalada según los estándares vasp franceses (tubo de cobre recocido en el diseño de la furgoneta) el jefe entendió el problema y rehizo la soldadura compleja y necesaria durante el día a un precio razonable para una soldadura de calidad, no fugas y rápida y perfecta instalación. Buenas explicaciones y muy atento. nosotros recomendamos]]></description>
        <styleUrl>#icon-1590-0288D1</styleUrl>
<Point>
          <coordinates>
            -56.26097,-34.83907,0
          </coordinates>
        </Point>
      </Placemark>
      <Placemark>
        <name>Taller Jose Vidal e Hijos SA (Especificación: Mercedes y Cajas de Cambios) | Mecanica y Repuestos</name>
        <description><![CDATA[10 de enero de 2023 <br>Mecanich tan amable y honesto. Lo recomendamos 100%. Él le dijo cuándo es mejor que no tenga que hacer el trabajo, pero también puede proporcionarle piezas para hacer el trabajo en Argentina, donde los salarios son mucho más baratos.<br><br>28 de diciembre de 2022 <br>Jose es realmente una persona muy profesional, honesta y servicial. Nos revisó la camioneta en el momento, nos dijo qué podíamos hacer y no nos cobró nada. Un lugar donde te vas tranquilo y seguro. ¡Recomendado!<br>25 de abril de 2019 por pagerougesetnoires.wordress.com <br>Mecánicos muy profesionales, amables, serviciales y honestos, José Manuel, uno de los hijos, habla bien inglés, nos dio muchos consejos sobre nuestra camioneta, sobre turismo en Montevideo y Uruguay, revisó otras cosas en nuestra camioneta y nos recomendó. una buena gomeria no muy lejos. ¡Nos dijo que podíamos llamar al taller en caso de cualquier problema y que estaba encantado de recibirnos! Incluso nos hizo un precio justo. ¡Recomendamos encarecidamente a estos amigables trabajadores si tiene problemas con su automóvil!]]></description>
        <styleUrl>#icon-1590-0288D1</styleUrl>
        <Point>
          <coordinates>
            -56.16888,-34.87049,0
          </coordinates>
        </Point>
      </Placemark>
      <Placemark>
        <name>Willi Motos | Mecanica y Repuestos</name>
        <description><![CDATA[<br><br>20 de marzo de 2023 por Budgetriders.com <br>Todo como se describe. Muy buena tienda de motos para visitar si necesitas algún trabajo en tu moto. Propietarios super amables y serviciales. Cambié 2 neumáticos, piñones de cadena, aceite y filtro, sellos de horquilla y aceite 1 día antes del envío.<br>Los propietarios saben dónde conseguir piezas de calidad a nivel local y tienen un taller totalmente equipado.<br>Excelentes precios justos.<br><br>30 de mayo de 2022 por Guarda bicicletas Uruguay <br>illi Motos es una reconocida tienda en Montevideo que ofrece servicio de taller, repuestos y almacenamiento de bicicletas a los viajeros.<br><br>Es legal estacionar tu bicicleta en Uruguay por hasta un año, por lo que Kevin Lemes ofrece almacenamiento a largo plazo, con servicio, carga regular de la batería y mantenimiento según sea necesario.<br><br>¡Siempre que regreses y abandones el país dentro de un año, podrás hacerlo varias veces! Uruguay es agradable y fundamental para gran parte de América del Sur.<br>contacto al +59899918712<br>fb: Kevin Lemes<br><br>27 de septiembre de 2018 por Guarda bicicletas Uruguay <br>Willi Motos ofrece taller y almacenamiento de bicicletas, además de una colección de bicicletas clásicas muy agradable de ver.<br><br>12 de enero de 2016 por smboilerworks.com <br>Mecánica de motos, repuestos, llantas, reparación y almacenaje. Mucho conocimiento. Familiarizado con bicicletas terrestres grandes. La dirección es Avenida Solano López 1684.<br><br><br><br><br><br>]]></description>
        <styleUrl>#icon-1633-0288D1</styleUrl>
<Point>
          <coordinates>
            -56.12532,-34.89171,0
          </coordinates>
        </Point>
      </Placemark>
      <Placemark>
        <name>-45.59341, -72.05382</name>
        <description><![CDATA[<br><br>7 de julio de 2023 por renomarca <br>Este garaje no sólo es muy profesional, ideal para 4x4 (especialmente Toyota), perfecto para viajeros motorizados, sino que sobre todo Sergio es súper servicial, está lleno de contactos, disponible además de ser extremadamente amable (y habla perfecto inglés).<br>Si tienes grandes problemas en tu auto, Sergio puede hacer mucho pero no olvides que estás en el sur de Chile. Estuvimos más de 3 meses (sí, sí, 100 días exactamente) en este lugar para cambiar toda la transmisión de nuestro Land cruiser HZJ78, un verdadero y muy complicado desafío en este rincón del mundo; y sin Sergio y todos los que trabajan allí nunca hubiéramos podido hacerlo.<br>ASIGT es un taller pero aún más que eso…<br><br>26 de diciembre de 2022 <br>Sergio es muy amable y extremadamente servicial. Especializado en Toyota y amor por las 4Runner. Nos ayudó de inmediato, lubricó nuestro tren motriz y nos dio un gran consejo y ayuda para continuar nuestro viaje a Ushuia.<br><br>¡Recomiendo encarecidamente el mejor garaje hasta ahora en toda Sudamérica para nosotros!<br><br>20 de enero de 2020 por Einmalrundum <br>El propietario Sergio, muy amable y servicial, puede conseguir repuestos desde Santiago en 24-48 h. Hicimos cambio de aceite (proporcionamos nuestro propio filtro de aceite y diésel), cambiamos las correas del ventilador e hicimos una revisión general de nuestro Toyota Land Cruiser. Precio justo, pagamos 125.000 por todo (aproximadamente 45.000 fueron por el aceite en sí, 20.000 por 3 correas y 60.000 por el trabajo de 3 horas de los hombres que trabajaron).<br><br><br><br><br><br><br><br><br><br><br><br><br><br>]]></description>
        <styleUrl>#icon-1590-0288D1</styleUrl>
<Point>
          <coordinates>
            -72.05382,-45.59341,0
          </coordinates>
        </Point>
      </Placemark>
      <Placemark>
        <name>-45.57671, -72.05560</name>
        <description><![CDATA[<br><br>31 de octubre de 2023 <br>Recomendamos ampliamente el servicio de ARACELI y VIDAL.<br>La llave de nuestra Sprinter se quedó atascada en el contacto. Estábamos varados.<br>Kaufmann dijo que tenían que importar una pieza de Alemania y que llevaría entre 20 y 30 días, lo que supondría un gasto enorme.<br>Este lugar nos ayudó a "cambiar la llave" de la llave de encendido. Tomó 2 horas y solo una fracción del costo. Además tenemos llaves de repuesto.<br>También realizan otros trabajos de cerrajería para todos los vehículos.<br><br>]]></description>
        <styleUrl>#icon-1590-0288D1</styleUrl>
<Point>
          <coordinates>
            -72.0556,-45.57671,0
          </coordinates>
        </Point>
      </Placemark>
      <Placemark>
        <name>DMD Caños de Escape </name>
        <description><![CDATA[<br><br>07/11/2023 Por Pinguinno_fedeaguirre.<br>Hoy le llevé el 608.Super recomendado.<br>Y conoce mucha gente así que puede ayudar a solucionar algún problema aparte de escapes.<br><br><br><br>]]></description>
        <styleUrl>#icon-1590-0288D1</styleUrl>
<Point>
          <coordinates>
            -64.3187907,-31.2221591,0
          </coordinates>
        </Point>
      </Placemark>
      <Placemark>
        <name>Motomecanica Balbuena</name>
        <description><![CDATA[<br><br>Como siempre con l buena atencion<br><br>Exelente atención del sr                                    03857401754]]></description>
        <styleUrl>#icon-1633-0288D1</styleUrl>
<Point>
          <coordinates>
            -62.2549285,-28.8879864,0
          </coordinates>
        </Point>
      </Placemark>
      <Placemark>
        <name>Taller BeltramoHnos.</name>
        <description><![CDATA[<br><br>Depende quien te atienda, el mayor es un bocho y el menos es... Bueno, dejémoslo en que rompe en vez de reparar.<br><br>El único lugar donde me repararon el auto. No cambio más de taller.                                      03857413316]]></description>
        <styleUrl>#icon-1590-0288D1</styleUrl>
<Point>
          <coordinates>
            -62.2606532,-28.8819756,0
          </coordinates>
        </Point>
      </Placemark>
      <Placemark>
        <name>CYC</name>
        <description><![CDATA[<br><br>ruta 13, Av. de los Agricultores Nte., G3064 Bandera, Santiago del Estero         03857441374   ]]></description>
        <styleUrl>#icon-1590-0288D1</styleUrl>
<Point>
          <coordinates>
            -62.2707409,-28.8822972,0
          </coordinates>
        </Point>
      </Placemark>
      <Placemark>
        <name>GPS Taller - Taller Ruta 21</name>
        <description><![CDATA[Falta un poco más de atención<br><br>Excelente atencion                    03857422048]]></description>
        <styleUrl>#icon-1590-0288D1</styleUrl>
        <Point>
          <coordinates>
            -62.2672558,-28.884952,0
          </coordinates>
        </Point>
      </Placemark>
      <Placemark>
        <name>MB TALLER MECANICO</name>
        <description><![CDATA[<br><br>Dr. Alem Sur, G3064 Bandera, Santiago del Estero                03857401995<br><br>]]></description>
        <styleUrl>#icon-1633-0288D1</styleUrl>
<Point>
          <coordinates>
            -62.2585522,-28.8874021,0
          </coordinates>
        </Point>
      </Placemark>
      <Placemark>
        <name><![CDATA[R&M MECANICA PESADA]]></name>
        <description><![CDATA[<br><br>Santa fe 545, G3064 Bandera, Santiago del Estero                  03857416636]]></description>
        <styleUrl>#icon-1590-0288D1</styleUrl>
<Point>
          <coordinates>
            -62.259339,-28.8878193,0
          </coordinates>
        </Point>
      </Placemark>
      <Placemark>
        <name>Taller Virili</name>
        <description><![CDATA[Excelente atencion<br><br>Buena atención                        0385715483337]]></description>
        <styleUrl>#icon-1590-0288D1</styleUrl>
        <Point>
          <coordinates>
            -62.2639939,-28.8914777,0
          </coordinates>
        </Point>
      </Placemark>
      <Placemark>
        <name>ERN - Encendidos Rumbo Norte</name>
        <description><![CDATA[<br><br>08/11/2023 Por Jean Franco (miembro de la comunidad) <br>Tengo un negocio de venta de repuestos electricos, encendido y electricidad acá en Catamarca Capital. Para que vean lo que vendo les dejo un link. Todo lo que pase corriente en el coche, multimarca. https://www.encendidorumbonorte.com/listado/accesorios-vehiculos/]]></description>
        <styleUrl>#icon-1899-DB4436</styleUrl>
<Point>
          <coordinates>
            -65.7693007,-28.47154,0
          </coordinates>
        </Point>
      </Placemark>
      <Placemark>
        <name>-27.56015, -48.63873</name>
        <description><![CDATA[<br><br>6 de octubre de 2023 por Salty_wanderlust_ <br>¡Super bien! Hablan inglés (fabia, la esposa del dueño). Nos hicieron espacio enseguida. ¡Tienen muchos campistas! ¡¡¡Los estábamos investigando e hicimos algunas buenas ideas !!!! ¡Ven aquí!<br><br>14 de agosto de 2023 por dougsurfspr <br>Gran servicio aquí. Aquí arreglan casi todo. Muy limpio y organizado. Desafortunadamente no se habla inglés, pero usarán el traductor de Google para ayudar a cualquiera. Muy recomendado y esta zona de Brasil tiene muchos talleres de reparación de vehículos recreativos.<br><br><br><br>]]></description>
        <styleUrl>#icon-1590-0288D1</styleUrl>
<Point>
          <coordinates>
            -48.63873,-27.56015,0
          </coordinates>
        </Point>
      </Placemark>
      <Placemark>
        <name>-37.37299, -70.27264</name>
        <styleUrl>#icon-1590-0288D1-nodesc</styleUrl>
        <Point>
          <coordinates>
            -70.27264,-37.37299,0
          </coordinates>
        </Point>
      </Placemark>
      <Placemark>
        <name>Autonomía Energética</name>
        <description><![CDATA[<br><br>Excelente lugar si quieres o necesitas Energías Renovables<br><br>Empresa de servicios de instalaciones de paneles solares , venta de artículos relacionados con energía solar                                         +56964941564]]></description>
        <styleUrl>#icon-1899-DB4436</styleUrl>
<Point>
          <coordinates>
            -71.2473314,-29.9177529,0
          </coordinates>
        </Point>
      </Placemark>
      <Placemark>
        <name>FOC Solar</name>
        <description><![CDATA[<br><br>Excelente! 👌👌👌…                                                                                                                                          Lo mejor de en instalaciones solares no solo domiciliarias si no también en casillas y motorhome!. <br><br>]]></description>
        <styleUrl>#icon-1899-DB4436</styleUrl>
<Point>
          <coordinates>
            -64.114023,-32.177488,0
          </coordinates>
        </Point>
      </Placemark>
      <Placemark>
        <name>LA.FA.YA ELECTROMECANICA</name>
        <description><![CDATA[<br><br>"Siempre buena atención"<br>"El mejor lugar para solucionar el problema eléctrico de tu vehículo."<br>"Solución inmediata !!"                                 02921406969]]></description>
        <styleUrl>#icon-1590-0288D1</styleUrl>
<Point>
          <coordinates>
            -61.2997317,-38.7182289,0
          </coordinates>
        </Point>
      </Placemark>
      <Placemark>
        <name>Taller Mecanico AM Sportline</name>
        <description><![CDATA[<br><br>"Fui por una consulta y fui atendido de la mejor manera excelente atencion"<br>"Muy buena atención...una solución segura..!!!!!"<br>"Un taller de confianza super recomendable muy buena atencion                                        02921405969<br><br><br><br>]]></description>
        <styleUrl>#icon-1590-0288D1</styleUrl>
<Point>
          <coordinates>
            -61.2744543,-38.7219319,0
          </coordinates>
        </Point>
      </Placemark>
      <Placemark>
        <name>GPS Taller - Taller Naviliat</name>
        <description><![CDATA[<br><br>"Para recomendar. atención inigualable."<br>"Muy buena atencion y efisiencia"                  0292115423060]]></description>
        <styleUrl>#icon-1590-0288D1</styleUrl>
<Point>
          <coordinates>
            -61.2862332,-38.713447,0
          </coordinates>
        </Point>
      </Placemark>
      <Placemark>
        <name>Boxes</name>
        <description><![CDATA[<br><br>"Muy buena atención..."<br>"Todo barbaro buen lugar"<br>"Llegamos por una falla electrónica que presentó nuestro vehículo en la ruta."                           02921405475 <br><br><br><br>]]></description>
        <styleUrl>#icon-1590-0288D1</styleUrl>
<Point>
          <coordinates>
            -61.283097,-38.7205226,0
          </coordinates>
        </Point>
      </Placemark>
      <Placemark>
        <name>-27.37539, -70.32551</name>
        <description><![CDATA[<br><br>20 de noviembre de 2023 por daannauta <br>Buen mecánico de motos. Concesionario Honda y especialista en enduro. Equipo muy cualificado.<br><br><br><br><br><br>]]></description>
        <styleUrl>#icon-1633-0288D1</styleUrl>
<Point>
          <coordinates>
            -70.32551,-27.37539,0
          </coordinates>
        </Point>
      </Placemark>
      <Placemark>
        <name>-29.16971, -67.49798</name>
        <description><![CDATA[4 de agosto de 2023 por en.vagabundo <br>De hecho, un buen mecánico PERO muy ocupado. Si puedes encontrar otro lugar, será mejor porque realmente no tiene tiempo.<br><br>17 de marzo de 2023 por hippysquared.com <br>Como mencionaron viajeros anteriores, este es un muy buen taller. Tuvimos una fuga en nuestro tanque de combustible que nos obligó a dejar el auto durante la noche, incluso nos organizaron una cabaña en el valle sobre la ciudad para pasar la noche a un precio muy razonable y nos transportaron hacia y desde la cabaña. El coste de las reparaciones también estuvo muy bien de precio.<br><br>10 de mayo de 2022 por elmoost <br>Gran servicio de Claudio y su equipo. Teníamos un miembro de soporte diferencial roto, lo cual evaluó y nos llevó a un buen soldador.<br>Después de eso vinimos para un cambio de aceite/filtro. Muy meticuloso en cada detalle.<br>Precio justo.<br><br>4 de febrero de 2022 por Stephan & María <br>Este taller brinda un excelente servicio. Los mecánicos son muy competentes, amigables y realmente ayudan. Tuvimos un problema importante con la inyección diésel y lo solucionaron rápido, limpio y bien.]]></description>
        <styleUrl>#icon-1590-0288D1</styleUrl>
        <Point>
          <coordinates>
            -67.49798,-29.16971,0
          </coordinates>
        </Point>
      </Placemark>
      <Placemark>
        <name>-28.06702, -67.56261</name>
        <description><![CDATA[<br><br>16 de agosto de 2023 por juli.almiron <br>Tuvimos problemas con el alternador de nuestro colectivo, Hugo el empleado del taller nos ayudo bastante! Lo super recomendamos. Fue y vino con nosotros a buscar repuestos. Estuvimos estacionados en la calle dos noches sin problemas.]]></description>
        <styleUrl>#icon-1590-0288D1</styleUrl>
<Point>
          <coordinates>
            -67.56261,-28.06702,0
          </coordinates>
        </Point>
      </Placemark>
      <Placemark>
        <name>-27.66485, -67.61929</name>
        <description><![CDATA[26 de junio de 2023 por raphaelvoeltl.de <br>Tuvimos un problema con nuestro motor. Ya no sirve y no podemos ir a Tinogasta como queríamos.<br>Cuando llegamos, Eduardo detuvo su trabajo de inmediato para ayudarnos con nuestro problema. Hizo funcionar nuestro motor cambiando el Katalysator que estaba lleno de hollín. Antes revisó los filtros, el aceite, los inyectores y algunas cosas más.<br>Realmente podemos recomendarlo. Tiene un taller al aire libre muy sencillo pero realmente sabe lo que hace.]]></description>
        <styleUrl>#icon-1590-0288D1</styleUrl>
        <Point>
          <coordinates>
            -67.61929,-27.66485,0
          </coordinates>
        </Point>
      </Placemark>
      <Placemark>
        <name>Taller Mecánico Castillo Rizo</name>
        <description><![CDATA[<br><br>Loteo Libertad VIII(Ex Paneta)-Lote 8-Cuarta Etapa- La Puntilla-, San Martin, San Juan     02645145536<br><br>]]></description>
        <styleUrl>#icon-1590-0288D1</styleUrl>
<Point>
          <coordinates>
            -68.342932,-31.555043,0
          </coordinates>
        </Point>
      </Placemark>
      <Placemark>
        <name>-27.65681, -67.02606</name>
        <description><![CDATA[9 de octubre de 2023 por viajandoaventuras <br>Se incendió el garaje de la plaza. ahora está ubicado en una calle lateral. persona muy amable y honesta. Nos dejó trabajar en nuestro propio coche y nos dejó usar sus herramientas. él siempre encontró una solución<br><br>2 de noviembre de 2015 por no urbia <br>Mecánico general. Juan el hermano mayor y su esposa Laura son súper amables. Teníamos una luz de verificación del motor y nos dijeron que era el único mecánico en la ciudad que tenía un lector de códigos. Abierto por la mañana y después de las 17 horas. Todo en este pueblo está cerrado por la tarde.]]></description>
        <styleUrl>#icon-1590-0288D1</styleUrl>
        <Point>
          <coordinates>
            -67.02606,-27.65681,0
          </coordinates>
        </Point>
      </Placemark>
      <Placemark>
        <name>-27.65016, -67.02956</name>
        <description><![CDATA[<br><br>18 de noviembre de 2023 por abartels<br>Pequeño taller de repuestos para motos. Muy amable y servicial.<br><br>23 de mayo de 2016 por danielroberts11<br>mecanico de motos. muy útil aunque no creo que nada de inglés.<br>Feliz de poder cambiar el aceite en el taller y parecía saber lo que hacían. tornillo roscado contrarrestado corregido para mí.]]></description>
        <styleUrl>#icon-1633-0288D1</styleUrl>
<Point>
          <coordinates>
            -67.02956,-27.65016,0
          </coordinates>
        </Point>
      </Placemark>
      <Placemark>
        <name>-27.66043, -67.02676</name>
        <description><![CDATA[<br><br>6 de octubre de 2023 por yaenne_tremp <br>muy buena mecanica. Trabajaron toda la noche en nuestro auto hasta que encontraron el problema. Eran las 5 de la mañana cuando nos fuimos. ¡El prive también fue muy justo! ¡No podemos recomendar este lugar lo suficiente!<br><br>28 de abril de 2023 por Mentiras <br>Gente agradable y servicial. Mucha experiencia con Toyotas y otros autos 4x4.<br>Lote de repuestos.]]></description>
        <styleUrl>#icon-1590-0288D1</styleUrl>
<Point>
          <coordinates>
            -67.02676,-27.66043,0
          </coordinates>
        </Point>
      </Placemark>
      <Placemark>
        <name>-40.18680, -62.62617</name>
        <description><![CDATA[<br><br>26 de octubre de 2023 por grasiele89 <br>Gran mecánico llamado Nino. Funciona con diésel. Nosotros recomendamos<br><br>]]></description>
        <styleUrl>#icon-1590-0288D1</styleUrl>
<Point>
          <coordinates>
            -62.62617,-40.1868,0
          </coordinates>
        </Point>
      </Placemark>
      <Placemark>
        <name>-40.81154, -63.00288</name>
        <description><![CDATA[<br><br>13 de noviembre de 2023 por tschuang.tse<br>Repuestos, accesorios y mecánica para motos chinas. Muy útil y profesional.<br><br>]]></description>
        <styleUrl>#icon-1633-0288D1</styleUrl>
<Point>
          <coordinates>
            -63.00288,-40.81154,0
          </coordinates>
        </Point>
      </Placemark>
      <Placemark>
        <name>-38.36059, -60.26863</name>
        <description><![CDATA[<br><br>7 de octubre de 2023 por proyectonomadacombi <br>Taller especializado solo de combis y escarabajos. El señor Roberto y su hijo atienden el taller.<br>Roberto se ha dedicado a la marca por muchos años, así que sabe un montón y es súper buena onda, nos comentó que han pasado muchos viajeros por acá.<br><br><br><br><br><br>]]></description>
        <styleUrl>#icon-1590-0288D1</styleUrl>
<Point>
          <coordinates>
            -60.26863,-38.36059,0
          </coordinates>
        </Point>
      </Placemark>
      <Placemark>
        <name>-34.80316636706585, -58.45393359659884</name>
        <description><![CDATA[<br><br>"Muy bien atendido por sus dueños muy confiables"<br>"Buen trabajo y buena atención personal!!"<br>"Muy mala atención, cobran mucho y el trabajo no estuvo acorde al precio."              01142960870<br><br>]]></description>
        <styleUrl>#icon-1590-0288D1</styleUrl>
<Point>
          <coordinates>
            -58.4539335965988,-34.8031663670658,0
          </coordinates>
        </Point>
      </Placemark>
      <Placemark>
        <name>-38.91226, -68.16969</name>
        <description><![CDATA[30 de octubre de 2023 por reisemeycl <br>Taller de camiones. Le cambiamos el aceite y todo funciono perfecto.]]></description>
        <styleUrl>#icon-1590-0288D1</styleUrl>
        <Point>
          <coordinates>
            -68.16969,-38.91226,0
          </coordinates>
        </Point>
      </Placemark>
      <Placemark>
        <name>-38.90013, -70.08151</name>
        <description><![CDATA[<br><br>29 de noviembre de 2023 por Waka Nash <br>Gran mecánico que reemplazó los cojinetes de nuestras ruedas y restableció la luz de advertencia del motor. Comenzó a trabajar en nuestra camioneta de inmediato y explicó todo lo que hizo a través del traductor de Google. Convenientemente cerca del camping municipal. Un equipo realmente agradable, lo recomiendo encarecidamente.]]></description>
        <styleUrl>#icon-1590-0288D1</styleUrl>
<Point>
          <coordinates>
            -70.08151,-38.90013,0
          </coordinates>
        </Point>
      </Placemark>
      <Placemark>
        <name>-37.86478, -71.05096</name>
        <description><![CDATA[26 de noviembre de 2023 por benacoolos <br>Patio mecánico para reparar vehículos, etc. El propietario habla inglés y es muy amable. Nos ayudó cuando nuestra caravana se averió cerca de la ciudad. Trabajé en ello durante dos días seguidos para que volviéramos a la carretera.]]></description>
        <styleUrl>#icon-1590-0288D1</styleUrl>
        <Point>
          <coordinates>
            -71.05096,-37.86478,0
          </coordinates>
        </Point>
      </Placemark>
      <Placemark>
        <name>Taller Jorge</name>
        <description><![CDATA[<br><br>Tenia un ruido feo en el auto, pasé por un par de mecánicos hasta q llegué a Perito Moreno (Sta Cruz) y di con uno q me solucionó el problema, súper recomendable! mando foto de la tarjetita para q lo agreguen porfa...tengo poca señal...gracias]]></description>
        <styleUrl>#icon-1590-0288D1</styleUrl>
<Point>
          <coordinates>
            -70.9266607,-46.5862502,0
          </coordinates>
        </Point>
      </Placemark>
      <Placemark>
        <name>Vicente Mecánico +54 9 3512 11-2172</name>
        <description>Karo                                                                                Buen día. Tengo para agregar un mecánico rodantero en Córdoba capital.</description>
        <styleUrl>#icon-1590-0288D1</styleUrl>
        <Point>
          <coordinates>
            -64.2676545,-31.3878713,0
          </coordinates>
        </Point>
      </Placemark>
      <Placemark>
        <name>-42.46391, -65.02307</name>
        <description><![CDATA[<br><br>26 de septiembre de 2023 por daannauta <br>Mecánicos conocedores y profesionales y chicos amigables.<br>Limpié mi moto Honda y mi cadena y cambié aceite y filtro.<br>Buen precio.<br><br><br><br>]]></description>
        <styleUrl>#icon-1633-0288D1</styleUrl>
<Point>
          <coordinates>
            -65.02307,-42.46391,0
          </coordinates>
        </Point>
      </Placemark>
      <Placemark>
        <name>-33.16061, -64.37365</name>
        <description><![CDATA[24 de noviembre de 2023 por la señorita Daisy <br>Llegamos el viernes al mediodía con un problema de fuga de aceite de motor en nuestro camión.<br>El gerente Eduardo y todo el personal nos recibieron con gran hospitalidad.<br>Intente solucionar el problema antes de que finalice la jornada laboral y consígalo.<br>Nos permitieron pasar la noche en el garaje.<br><br>21 de febrero de 2022 por Baluaufweltreise.wordpress.com <br>Llegamos el domingo por la tarde. Estacionamos frente a la oficina y queríamos quedarnos allí hasta que abrieran al día siguiente. El hombre de seguridad salió y cuando escuchó que teníamos un problema con el cubo de la rueda más caliente, abrió la puerta y nos dejó<br>quedarnos en el área cercada del taller.<br>Al día siguiente, el mecánico quitó el neumático y el tambor de freno, revisó los frenos, etc., limpió los dos cojinetes de las ruedas y los revisó también: ¡todo bien!<br>Tenemos demasiado miedo a los daños después de casi 2 años sin uso debido al covid.<br>Pero no fue una pérdida de dinero (4 horas de trabajo por Arg$ 21.780 = € 90 con cambio de tarifa WU), ¡porque ahora sabemos que todo está funcionando!<br><br>Fueron muy amables y nos explicaron todo. ¡Lo recomendamos!<br>www.cantore.com.ar]]></description>
        <styleUrl>#icon-1590-0288D1</styleUrl>
        <Point>
          <coordinates>
            -64.37365,-33.16061,0
          </coordinates>
        </Point>
      </Placemark>
      <Placemark>
        <name>-32.92151, -68.76453</name>
        <description><![CDATA[<br><br>23 de noviembre de 2023 por Family4rêveurs <br>Taller especializado en suspensiones. Asesoramiento perfecto y trabajadores. Muy amable y eficiente. Cita muy rápidamente. Nos dicen la cantidad antes.]]></description>
        <styleUrl>#icon-1590-0288D1</styleUrl>
<Point>
          <coordinates>
            -68.76453,-32.92151,0
          </coordinates>
        </Point>
      </Placemark>
      <Placemark>
        <name>-32.91152, -68.77646</name>
        <description><![CDATA[28 de octubre de 2023 por cm.entwine <br>Damian es un muy buen mecánico. Nos ayudó con un problema en nuestro diferencial y nos instaló una batería extra para los servicios, haciéndole una ranura debajo de la camioneta, colocando un enchufe en la cabina y un interruptor para conectar o desconectar la batería a la batería del motor. Fue muy servicial y amigable, y relativamente rápido. Precio muy honesto y paguemos en euros al tipo de cambio azul actual.<br><br>El número de teléfono es +54 9 2616 50 4468]]></description>
        <styleUrl>#icon-1590-0288D1</styleUrl>
        <Point>
          <coordinates>
            -68.77646,-32.91152,0
          </coordinates>
        </Point>
      </Placemark>
      <Placemark>
        <name>-32.89330, -68.81081</name>
        <description><![CDATA[<br><br>10 de noviembre de 2023 por aescenda <br>Recomendamos este lugar. Lorenzo fue muy amable y profesional. Revisó el coche y nos dijo lo que teníamos que cambiar. Pero nos aconsejó ir a Chile a hacer el trabajo por el precio y la disponibilidad de las piezas. No pidió nada (pero le dimos algo). Muy reactivo en WhatsApp cuando teníamos dudas antes y después de verlo.<br>contacto : +54 9261346-6755<br><br>13 de junio de 2023 por delphineperrot <br>Fuimos a Lorenzo para comprobar el estado de nuestra suspensión (que sospechábamos OoO desde hace un tiempo en la parte trasera) y porque había muchos ruidos extraños. Los chicos hicieron algunas comprobaciones rápidas y nos dijeron qué era exactamente lo que había que cambiar. Sin embargo, muy buena experiencia y nos recomendó los repuestos adecuados para nuestra camioneta sin intentar dejarnos cambiar más de lo que realmente necesitábamos (también nos mostró los resortes usados). Recuperamos nuestra furgoneta en un día. Los ruidos han desaparecido y la suspensión trasera hace lo que tiene que hacer. Buen equipo.<br><br>3 de marzo de 2020 por bradyanddanica <br>Terminamos no necesitando servicios de suspensión, pero Lorenzo fue muy amable, hizo una inspección y un diagnóstico gratuitos y nos recomendó el taller que podía hacer el trabajo que necesitábamos.<br><br>19 de febrero de 2020 por donteaonorte <br>Taller especializado en suspensión. Necesitamos hacer algunos servicios que duraron 1 día y medio. Nos gusta el servicio y la agilidad. Horario de atención de lunes a viernes de 8:30 a 12:30 y de 16 a 20.<br><br>]]></description>
        <styleUrl>#icon-1590-0288D1</styleUrl>
<Point>
          <coordinates>
            -68.81081,-32.8933,0
          </coordinates>
        </Point>
      </Placemark>
      <Placemark>
        <name>-32.90287, -68.81334</name>
        <description><![CDATA[31 de octubre de 2023 por kileyoshields<br>Víctor es el soldador aquí y es realmente genial. Soldó marcos personalizados en mis motocicletas y en las de mi novio para nuestras alforjas en 1,5 días por $60 cada uno. Trabajo de súper alta calidad y muy amable. ¡Recomendar!]]></description>
        <styleUrl>#icon-1590-0288D1</styleUrl>
        <Point>
          <coordinates>
            -68.81334,-32.90287,0
          </coordinates>
        </Point>
      </Placemark>
      <Placemark>
        <name>-32.89527, -68.81996</name>
        <description><![CDATA[<br><br>26 de noviembre de 2023 por theroamingvan <br>Vinimos allí dos veces para diferentes trabajos posteriores en nuestro Dodge y ¡definitivamente es el mejor taller de Sudamérica! Juan-Pablo y su equipo son competentes y serviciales. Tienen muchos conocimientos, conciencia profesional y encuentran soluciones. Solucionaron problemas con nuestro eje de transmisión, nuestro motor de arranque e hicieron muchas cosas pequeñas. ¡Recomendaría este lugar al 100%!<br>La entrada tiene ahora más de 3 m de altura.<br><br>19 de abril de 2023 por elixmia <br>Juan Pablo y sus muchachos fueron fantásticos. Les dejamos nuestro camión a primera hora de la mañana para realizarle mantenimiento y lo hicieron por la tarde. Aquí trabajan en todo tipo de vehículos y cuidaron muy bien nuestra GMC. Nota: nuestra caravana estaba fuera del camión; la entrada probablemente sería demasiado baja para caber. El WhatsApp de Juan Pablo es: +54 9 2613 41-6867<br><br>25 de octubre de 2022 por donteaonorte <br>Excelente mecánica para todo tipo de autos en Mendoza. Nos respondieron rápidamente, evaluaron el problema y nos hicieron un presupuesto con un precio muy justo. Juan Pablo y los demás mecánicos son súper amables y eficientes.<br><br>Excelente oficina para todos los tipos de carro en Mendoza. Nos atenderemos rápido, resolveremos el problema y solucionaremos un problema con un precio justo. Juan Pablo y los demás mecánicos son súper amigos y eficientes.<br><br>]]></description>
        <styleUrl>#icon-1590-0288D1</styleUrl>
<Point>
          <coordinates>
            -68.81996,-32.89527,0
          </coordinates>
        </Point>
      </Placemark>
      <Placemark>
        <name>-45.87237, -67.50188</name>
        <description><![CDATA[<br><br>20 de diciembre de 2023 por clave <br>Estos son profesionales. Oímos un pitido extraño en el motor de nuestro Mercedes Sprinter e inmediatamente dejaron de jugar con otros autos para ayudarnos. Finalmente lo encontraron. Nueva bomba de agua instalada en 4 horas. ¡Trabajo de clase entregado!<br><br>30 de noviembre de 2023 por flattour67 <br>Un buen garaje. Muy bonito y rápido. Pagamos $20.000 para reemplazar la jarra de gas refrigerante (aviones nuevos ya en nueva fase) por 1 hora de trabajo<br><br>10 de febrero de 2023 por vanbulancia22 <br>Lo recomendaría, chicos muy serviciales y amables. El servicio de remolque dejó nuestra caravana aquí después de que se rompió el casquillo del cojinete del cardán. Los chicos echaron un vistazo de inmediato a pesar de que estaban bastante ocupados.<br><br>Necesitábamos algunas piezas que no se podían enviar a Argentina por lo que las hicieron fabricar en una metalurgia cercana. Nos quedamos dentro de su garaje durante 1,5 días mientras esperábamos las piezas, ¡incluso pudimos usar el baño y la ducha! También hay una gran Anónima a tres cuadras.<br><br>El precio también estuvo bien, cobran ~ 6000 ARS por hora en cajero automático.<br><br>Ahora solo cruzamos los dedos, sus piezas elaboradas nos duran lo suficiente, ¡por ahora tiene buena pinta!<br><br><br><br><br><br><br><br>]]></description>
        <styleUrl>#icon-1590-0288D1</styleUrl>
<Point>
          <coordinates>
            -67.50188,-45.87237,0
          </coordinates>
        </Point>
      </Placemark>
      <Placemark>
        <name>-45.87235, -67.50673</name>
        <description><![CDATA[<br><br>23 de noviembre de 2023 por rinopuchg <br>Fuimos allí para lubricar nuestros ejes de transmisión. También compré petróleo allí. Muy buen servicio y gente muy agradable!<br><br>14 de enero de 2023 por noemiferrerjordan <br>Realmente un buen lugar para cambiar el aceite y el filtro con un equipo grande, y son súper amables y atentos. ¡También tenía el filtro para nuestro automóvil Chevrolet Express Chevy Van! ¡lo recomendamos!<br><br>23 de octubre de 2021 por alixandig <br>Ótimo lugar para trocar o óleo del vehículo, con poços para vehículos grandes<br><br>]]></description>
        <styleUrl>#icon-1899-DB4436</styleUrl>
<Point>
          <coordinates>
            -67.50673,-45.87235,0
          </coordinates>
        </Point>
      </Placemark>
      <Placemark>
        <name>-45.86162, -67.49422</name>
        <description><![CDATA[<br><br>16 de noviembre de 2023 por brunopath<br>Soldador de llantas, enderezar y soldar todo el metal.]]></description>
        <styleUrl>#icon-1590-0288D1</styleUrl>
<Point>
          <coordinates>
            -67.49422,-45.86162,0
          </coordinates>
        </Point>
      </Placemark>
      <Placemark>
        <name>-45.86675, -67.51050</name>
        <description><![CDATA[<br><br>1 de diciembre de 2023 por flattour67<br>La mecánica es súper agradable, trabajo rápido. Fueron muy complacientes con nosotros. Están especializados en pintura de vehículos, reparación de parachoques, pulidos, tratamientos acrílicos,… los recomendamos.]]></description>
        <styleUrl>#icon-1590-0288D1</styleUrl>
<Point>
          <coordinates>
            -67.5105,-45.86675,0
          </coordinates>
        </Point>
      </Placemark>
      <Placemark>
        <name>-45.88920, -67.52549</name>
        <description><![CDATA[<br><br>8 de diciembre de 2023 por expedición.cosmos <br>Si necesita algún arreglo en su Ford Transit o cualquier automóvil Ford, este es el lugar al que debe acudir cuando esté en Comodoro. Tuvimos problemas con nuestra bomba de combustible y necesitábamos cambiar el aceite. Nos pusimos en contacto con Pedro (el propietario) prácticamente en el último minuto, y él amablemente nos recibió un jueves por la tarde, justo antes de un feriado nacional. Él y todo su equipo fueron muy amables y serviciales, y solucionaron nuestros problemas en poco tiempo. Pagamos 93000 pesos y el precio nos pareció muy justo considerando la cantidad de servicios que le hicieron a nuestro auto (además de los mencionados anteriormente). Recomendamos ampliamente el servicio de Pedro, seguro que no te arrepentirás. Incluso nos dio su número privado para comunicarnos con él desde cualquier lugar, en caso de que tengamos más problemas. En definitiva, muy buen servicio a buen precio.<br><br><br><br><br><br>]]></description>
        <styleUrl>#icon-1590-0288D1</styleUrl>
<Point>
          <coordinates>
            -67.52549,-45.8892,0
          </coordinates>
        </Point>
      </Placemark>
      <Placemark>
        <name>-45.89574, -67.55316</name>
        <description><![CDATA[23 de noviembre de 2023 por morgane.duparc <br>Nos dijeron que fuéramos allí para rehacer el sellado del techo de nuestra camioneta porque teníamos algunas fugas de agua.<br>Es un garaje nuevo que aún no está abierto al público pero debería abrir pronto. ¡El chico fue de gran ayuda e hizo un gran trabajo por un precio justo! ¡Muy recomendable!]]></description>
        <styleUrl>#icon-1590-0288D1</styleUrl>
        <Point>
          <coordinates>
            -67.55316,-45.89574,0
          </coordinates>
        </Point>
      </Placemark>
      <Placemark>
        <name>-49.30901, -67.73502</name>
        <description><![CDATA[<br><br>22 de enero de 2024 por larutamidestino<br>Taller electromecánico, especializado en Diesel y Gasolina, con amplia experiencia en vehículos carburados y de inyección, mecánica en general.<br><br>Tuvimos la suerte de llegar a casa de Federico, después de gastar mucho dinero y con toda la experiencia, a pesar de lo difícil que es nuestra caravana se solucionó. Recomendamos mucho este lugar porque convirtieron el problema de la situación en una excelente experiencia en Puerto San Julián.<br><br><br><br>]]></description>
        <styleUrl>#icon-1590-0288D1</styleUrl>
<Point>
          <coordinates>
            -67.73502,-49.30901,0
          </coordinates>
        </Point>
      </Placemark>
      <Placemark>
        <name>-51.61993, -69.25471</name>
        <description><![CDATA[<br><br>29 de diciembre de 2023 por la señorita Daisy <br>Walter es mecánico especializado en Mercedes, simpático y profesional. Nos revisó el camión con una computadora. Resultó que necesito un electricista de automóviles. Su mecánico Tibo habla inglés.<br>+5492966568699<br>Nos envió a JCA Repuestos ver Ioverlander<br><br>27 de noviembre de 2023 por brunopath <br>Muy amable, nos proporcionó la manguera gratis. recomiendo<br><br>très sympa, il a fourni la durite gratuitement. Lo recomiendo<br><br>Muy bonito, proporcionó la manguera de forma gratuita. Yo lo recomiendo<br><br>10 de noviembre de 2016 por paullongdensecure <br>Funcionó al instante. Entusiasta. Consulta el precio antes de que empiecen a trabajar...<br><br>19 de abril de 2016 por glob3trotters <br>Es uno de los mejores mecánicos de Sudamérica. Walter Ojeda y su equipo son muy amables, tranquilos y sumamente competentes. Nos llevaron enseguida. Tenemos un iveco y su equipo solucionó nuestro problema. Pueden manejar cualquier marca de camión o furgoneta. Se toman el tiempo para hacer las cosas bien a la primera. El precio es muy competitivo. Tel: (02966) 442842. Correo electrónico eltriangulo_diesel@hotmail.com<br><br>21 de marzo de 2016 por glob3trotters <br>Gente seria y meticulosa.<br>Nos llevó rápidamente arreglar el tubo del turbo de aceite.<br><br>21 de marzo de 2016 por glob3trotters <br>Lo olvidé, por último, pero no menos importante: el precio es muy justo (alrededor de 100 dólares por más de un día de trabajo completo). Hemos podido quedarnos allí por la noche, con luz y agua.<br><br>]]></description>
        <styleUrl>#icon-1590-0288D1</styleUrl>
<Point>
          <coordinates>
            -69.25471,-51.61993,0
          </coordinates>
        </Point>
      </Placemark>
      <Placemark>
        <name>-38.54012, -58.75882</name>
        <description><![CDATA[16 de noviembre de 2023 por tschuang.tse <br>Repuestos y Mecánica para Motos Pequeñas]]></description>
        <styleUrl>#icon-1633-0288D1</styleUrl>
        <Point>
          <coordinates>
            -58.75882,-38.54012,0
          </coordinates>
        </Point>
      </Placemark>
      <Placemark>
        <name>-53.79642, -67.73703</name>
        <description><![CDATA[19 de enero de 2024 por Roadfuxx <br>muy amigable. Quería cambiar las zapatas de freno delanteras (que traje conmigo) de mi vieja camioneta. Lo hubieran hecho inmediatamente porque no había nada que hacer. Precio alrededor de 600€. Cuando se le preguntó, dijo que en realidad cuesta 800 €. Totalmente excesivo para 4 horas y más caro que Europa. Regresé directamente. Es muy decepcionante cómo estafan a los turistas.<br><br>4 de abril de 2023 por Radio Baobab <br>Excelente concesionario Iveco! También aceptan camiones grandes de otras marcas (por ejemplo, el enorme camión de bomberos del aeropuerto estaba en su tienda). Tienen todo el equipo para hacer todo internamente, desde mecanizado (torno), soldadura, inyectores, revisión de motores, etc…. Mecánicos capaces y amigables y precios justos. Muy recomendable. Instalamos un tanque de diésel adicional aquí y realizamos una reparación que requirió una herramienta muy específica exclusiva de Iveco. No tenían la herramienta, pero la mecanizaron.<br><br>13 de diciembre de 2022 por verónica <br>¡Un gran equipo que hace un muy buen trabajo y por un buen precio! Te recomiendo que vayas a ellos. Están ahí para ayudarte tanto como sea posible. Muy amable !<br><br>6 de diciembre de 2016 por lesvirevoltants <br>Mecánica oficial Iveco, junto a Toyota. buen servicio, equipo amable y eficiente!]]></description>
        <styleUrl>#icon-1590-0288D1</styleUrl>
        <Point>
          <coordinates>
            -67.73703,-53.79642,0
          </coordinates>
        </Point>
      </Placemark>
      <Placemark>
        <name>-53.78388, -67.70755</name>
        <description><![CDATA[<br><br>2 de enero de 2024 por verbalhelmet18 <br>Especialista en freios em geral, muchos buenos servicios y atención<br><br>7 de marzo de 2019 por Frieder.hack <br>Este lugar está especializado en frenos. Intentamos conseguir pastillas de freno nuevas para nuestra autocaravana Fiat Ducato (modelo europeo) pero no pudimos encontrar pastillas de repuesto adecuadas. ¡En este lugar pudieron cortar almohadillas similares (Mercedes sprinter) para adaptarlas y permitirnos continuar nuestro viaje! Muy recomendable y amigable!<br>La ubicación está un poco escondida en el patio trasero, solo siga el pin del GPS.]]></description>
        <styleUrl>#icon-1590-0288D1</styleUrl>
<Point>
          <coordinates>
            -67.70755,-53.78388,0
          </coordinates>
        </Point>
      </Placemark>
      <Placemark>
        <name>-53.78988, -67.71615</name>
        <description><![CDATA[<br><br>17 de enero de 2024 por aescenda <br>Muy recomendado ! Thomas fue muy acogedor y servicial. Habla inglés, lo que facilita las cosas. Estuvo muy disponible y eficiente (llegamos a media tarde, cogimos el coche y terminamos el trabajo antes del final del día). Fue amable y nos dio consejos sobre cosas que visitar, y se sintió como un tipo honesto.<br>Nos cuesta unos 135 euros (tarifa azul) cambiar aceite y filtro de aire + arreglar nuestro sistema de aireación. Puedes pagar con tarjeta.<br>Volveremos para una revisión más general al final de nuestra estadía en Tierra del Fuego.<br>El garaje está abierto de lunes a sábado (los sábados cierra al mediodía).<br>whatsapp de Tomás : +54 9 2964 40-4129<br><br>28 de diciembre de 2023 por flattour67 <br>Tuvimos un problema con el escape de nuestra autocaravana. Es de los únicos talleres en Tierra del Fuego que reparan autocaravanas y sobre todo saben hacer todo (por dentro y por fuera con fibra de vidrio). ¡Son muy bonitos, muy rápidos y son muy versátiles! El precio es realmente interesante para el período actual. ¡Realmente recomendamos este garaje!<br><br>13 de noviembre de 2023 por LesTronchesD'Happy <br>Taller mecánico pero tienen una actividad secundaria de construcción de caravanas/autocaravanas. Entonces tienen muchos repuestos para el celular.<br><br>Atelier mécanique mais ils ont una activité secondaire de building de caravane / camping-car. Ils ont donc de numerosas piezas de recambio para la célula<br><br>7 de abril de 2023 por @alyvanblake <br>excelente recomendación. Estos muchachos son geniales y pueden hacerlo todo. Tienda enorme con un gran inventario y muy bien informada. Dejó todo para ayudarnos con algunas soldaduras de emergencia de nuestro marco y nos hizo un nuevo escape en sus 3 horas, los cuales fueron dañados por la cerraterra austral. Obviamente es más caro que otras partes de Argentina, pero estamos en una isla en el fin del mundo, y me alegré de contar con su ayuda y resultó genial. dobladora de tubos de mandril y soldadoras MIG de calidad. Hubo muchas otras cosas que hablamos sobre arreglar y que estaban listos para abordar, pero obtener repuestos desde Buenos Aires generalmente toma una semana o más y de todos modos conduciremos hasta allí. Pequeña selección de suministros para vehículos recreativos, como bomba de agua de 12 V, configuraciones de ducha, calentador de agua e inversor. Incluso nos ofrecieron que si no terminábamos la reparación hoy podríamos dormir aquí en la camioneta, pero fueron lo suficientemente rápidos como para que no fuera necesario. El número que aparece es de Juan Ignacio quien respondió rápidamente pero solo atendí a su hermano Tomás, quien fue genial. ambos hablan inglés.<br><br>23 de febrero de 2023 por katherineletts <br>¡Grandes chicos y gran trabajo! Otro mecánico nos recomendó aquí. Los propietarios hablan inglés fluido y les gustan los extranjeros. Han convertido un hermoso velocista grande con planes de convertir más, por lo que conocen mucho sobre los campistas. 2 generaciones y contando de propiedad.<br><br>Han trabajado en vehículos y remolques de todos los tamaños y se especializan en escapes, pero también se dedican a la mecánica general. Tienen un taller con techo alto, por lo que cabe cualquier equipo. Chicos realmente amables y sociables que ofrecieron su número para ayudarnos en cualquier momento mientras estemos en Argentina (tienen referencias en todas las provincias). ¡Wifi también! Recomiendo encarecidamente revisarlos para cualquier necesidad de vehículo.<br><br>Aquí nos cambiaron el escape. Entra y sale en una hora. También tienen algunos accesorios diversos para la caravana (pequeño tanque de agua, inversor, estufa, cabezal de ducha). +5492964485217 WhatsApp. Es un taller de vehículos, no un taller de reparación de motocicletas, pero pueden reparar motocicletas y montarlas como pasatiempo.<br><br><br><br><br><br><br><br><br><br>]]></description>
        <styleUrl>#icon-1590-0288D1</styleUrl>
<Point>
          <coordinates>
            -67.71615,-53.78988,0
          </coordinates>
        </Point>
      </Placemark>
      <Placemark>
        <name>-53.79558, -67.71425</name>
        <description><![CDATA[<br><br>26 de enero de 2024 por selfishinjury61 <br>El mejor mecánico de Tierra del Fuego. Barato, rápido, se toma su tiempo para explicar y comprobar todo en nuestra furgoneta. Realmente recomendado.<br><br>]]></description>
        <styleUrl>#icon-1590-0288D1</styleUrl>
<Point>
          <coordinates>
            -67.71425,-53.79558,0
          </coordinates>
        </Point>
      </Placemark>
      <Placemark>
        <name>-34.39368, -72.01862</name>
        <description><![CDATA[7 de noviembre de 2023 por Darío <br>Cristian es un gran tipo. Fui a su casa para soldar una pieza al colector de escape de mi auto, pero como los dos materiales necesitan una varilla de soldadura específica que él no tenía, no pudo soldarla por mí. Pero lo que realmente me gusta de él fue que en lugar de simplemente soldarlo con la montura equivocada y destruir todo, encontró una solución mejor y me llevó por la ciudad para encontrar personas que pudieran fabricarme lo que necesitaba. Un tipo muy honesto y estoy seguro de que sus habilidades de soldadura son de primera categoría.<br><br>20 de marzo de 2023 por nick <br>Cristián es un excelente soldador. Le llevó nuestro Suzuki Jimny y soldó un soporte para tablas de surf, un soporte para bidones, un soporte para sillas de camping y un brazo giratorio para nuestra antena satelital Starlink. Todo por un precio súper razonable. Este hombre siempre tiene una sonrisa en su rostro y quiere hacer un esfuerzo adicional. Nos dijo que trabajaría en la industria minera durante varios años antes de mudarse a Pichilemu. Ha construido casas fabricadas, baños móviles, etc.: una habilidad increíble. No puedo recomendar lo suficiente a Cristian. Para ponerte en contacto con él búscalo en Instagram: fit_four_spa]]></description>
        <styleUrl>#icon-1590-0288D1</styleUrl>
        <Point>
          <coordinates>
            -72.01862,-34.39368,0
          </coordinates>
        </Point>
      </Placemark>
      <Placemark>
        <name>-34.39179, -72.00347</name>
        <description><![CDATA[7 de noviembre de 2023 por Darío <br>Todo en un taller donde puede obtener de todo, desde ayuda eléctrica hasta soldadura y mecanizado o cualquier otra cosa relacionada con el vehículo. ¡La gente es realmente amigable y hace un trabajo preciso! Conseguimos un adaptador para un sensor de temperatura mecanizado y luego instalado. Hicieron un gran trabajo y tenemos un precio razonable. En general, ¡simplemente un gran lugar!]]></description>
        <styleUrl>#icon-1590-0288D1</styleUrl>
        <Point>
          <coordinates>
            -72.00347,-34.39179,0
          </coordinates>
        </Point>
      </Placemark>
      <Placemark>
        <name>-35.43752, -71.64792</name>
        <description><![CDATA[<br><br>1 de diciembre de 2023 por familia4rêveurs <br>¡Especializados en suspensión! Buen trabajo. Él también puede dar buenos consejos.]]></description>
        <styleUrl>#icon-1590-0288D1</styleUrl>
<Point>
          <coordinates>
            -71.64792,-35.43752,0
          </coordinates>
        </Point>
      </Placemark>
      <Placemark>
        <name>-53.80685, -67.66998</name>
        <description>5 de febrero 2024 por Sonia                                      Taller Mecánico.  Willy el mecánico super recomendable , se puso a trabajar inmediatamente en nuestro motorhome y nos ayudó a solucionar el problema.</description>
        <styleUrl>#icon-1590-0288D1</styleUrl>
        <Point>
          <coordinates>
            -67.66998,-53.80685,0
          </coordinates>
        </Point>
      </Placemark>
      <Placemark>
        <name>-34.622451, -68.349185</name>
        <description><![CDATA[Daniel Herbas<br>Mecanico 👍<br>2604679601]]></description>
        <styleUrl>#icon-1590-0288D1</styleUrl>
        <Point>
          <coordinates>
            -68.349185,-34.622451,0
          </coordinates>
        </Point>
      </Placemark>
      <Placemark>
        <name>-53.21964, -70.94082</name>
        <description><![CDATA[<br><br>2 de enero de 2024 por olaf <br>De hecho, John es un mecánico experto, tranquilo, amigable y parece escocés (no lo es). Necesitábamos instalar una nueva pieza transversal en nuestro eje de transmisión y él y su colega lo hicieron de forma rápida y profesional. Al lado está Jackson, un soldador, maestranza y taller de metal muy hábil (principalmente botes, etc.) que mientras tanto soldó el brazo del espejo lateral, el guardabarros lateral y reparó la rosca de la cerradura de la puerta trasera que se rompió en la Carretera Austral. Es un lugar que supone desde fuera pero no dejes que las apariencias te engañen. Trabajo bueno, rápido y a un precio justo, que de otro modo nos habría llevado a varios lugares de la ciudad, ahora todo de una vez. ¡Recomendado!<br><br>20 de diciembre de 2023 por facebook.com/overlandersouthamerica <br>Mecánico muy confiable para camiones, campers, vehículos recreativos, bicicletas, habla inglés, también tiene estacionamiento para almacenamiento.<br><br><br><br><br><br><br><br><br><br>]]></description>
        <styleUrl>#icon-1590-0288D1</styleUrl>
<Point>
          <coordinates>
            -70.94082,-53.21964,0
          </coordinates>
        </Point>
      </Placemark>
      <Placemark>
        <name>-53.16426, -70.91213</name>
        <description><![CDATA[6 de diciembre de 2023 por Ezcheese <br>Ya no es un lugar de servicio Bosch y aquí ya nadie habla inglés, no tomé nota del nombre. Parecían ser mecánicos realmente buenos, pero la comunicación fue mala, por lo que fue una mala experiencia en general.<br><br>Acordamos que harán una inspección adecuada por 40.000 clp y nos dirán exactamente qué está mal y luego nos darán una cotización para solucionarlo. Le explicamos que ya habíamos ido a dos mecánicos en Ushuaia que nos dijeron lo que les parecía mal y les aconsejaron que vinieran a Punta Arenas a repararlo porque allí no estaban disponibles los repuestos.<br><br>En lugar de eso, no nos llamaron e hicieron una reparación temporal porque, en su opinión, sería moral y étnicamente incorrecto dejarnos ir con el coche en el estado en que se encontraba y las piezas tampoco están disponibles aquí, lo cual es una intención honorable. pero no lo que acordamos. No llamaron y dieron la opción de reparación temporal o pedir las piezas desde Santiago y esperar que llegaran para hacer la reparación permanente.<br><br>Después de una negociación mayoritariamente profesional (con el traductor), todavía no admitieron que se habían equivocado, pero pagamos sólo por el material (60.000 clp) que se utilizó. De ninguna manera iba a pagar el precio completo (166.000 clp) por un trabajo realizado sin consulta.<br><br>Es una pena porque sé que estaban tratando de hacernos un favor para que podamos irnos rápidamente, pero no consideraron que solucionar el problema adecuadamente (independientemente de esperar piezas) es lo que estábamos tratando de lograr.<br><br>3 de marzo de 2016 por giorgio <br>Tuvimos un par de ballestas rotas y fuimos aquí para arreglarlo. Tuvimos que arreglar lo mismo en Santiago para saber cuánto cuesta y nos cobraron casi 3 veces más en este lugar. La mano de obra es cara y creemos que está exagerada. También esperamos 3 días para que nos devolvieran el coche. No muy feliz.<br><br>23 de febrero de 2016 por mit-eigenen-augen.blogspot.de <br>Estábamos allí porque tuvimos problemas con nuestro velocista. Los mecánicos parecían competentes y lo que diagnosticaron parecía correcto. El gerente habla muy bien inglés. Intentaron conseguir otra correa para el motor ya que la primera (reemplazada en calafate) parecía ser demasiado larga y eso causaba un ruido extraño. Teníamos esperanzas, pero el motor sonaba sólo un poco mejor. Cuando dijimos que todavía suena diferente, dijo que no tiene una buena memoria de sonido. Bueno, nos decepcionó porque "mejor" no es lo que pagamos. Queríamos que se resolviera el problema y que desapareciera el ruido, pero simplemente dijeron que eso es todo lo que podían hacer. Tuvimos que pagar 75.000 pero sólo cobraron la mitad de la mano de obra. Creo que son competentes; pero supongo que no tuvimos tanta suerte.<br><br>6 de enero de 2016 por verfolgtuns.blogspot.com <br>Necesitábamos un mecánico para quitar y reparar nuestro tanque de combustible. Casualmente también le hicimos una revisión completa después de la Carretera Austral y encontraron amortiguadores y gomas para cambiar.<br>Todo el equipo es muy servicial y profesional, uno de los jefes nos explicó varias veces lo que es urgente arreglar y realmente hicieron una buena consulta para personas como nosotros que no entienden mucho sobre autos. También estaba preocupado por nuestro cronograma, siempre nos decía cuánto tiempo tomaría algo y por qué (obtener repuestos en el mercado local, etc.).<br>Finalmente no tuvimos que quitar el tanque de combustible y todo el resto del trabajo (aunque fue bastante) se realizó en 1 día y medio por un precio realmente justo.<br>Lugar muy recomendable.]]></description>
        <styleUrl>#icon-1590-0288D1</styleUrl>
        <Point>
          <coordinates>
            -70.91213,-53.16426,0
          </coordinates>
        </Point>
      </Placemark>
      <Placemark>
        <name>-53.16137, -70.89849</name>
        <description><![CDATA[<br><br>17 de febrero de 2024 por tzizzym <br>Tienda de motos. Toneladas de cosas. Estaba bien provisto. Tengo neumáticos aquí, de buena calidad. Tengo una rueda dentada trasera para mi DR650 y también tenía muchos neumáticos de bicicleta más grandes. Parada sólida y los precios rondaban entre un 5% y un 8% más de lo que pagaría en Norteamérica. (Canadá) sólida tienda de motocicletas para quienes viajan.<br><br>30 de enero de 2024 por baloo1100 <br>Excelente taller y servicio. Suficientes neumáticos de moto.<br><br>26 de enero de 2022 descubriendo el mundo - viaje mundial en moto <br>La ubicación ya está corregida.<br>Puedo recomendar absolutamente este lugar.<br>Si estás en bicicleta en Punta Arenas, simplemente ve allí y toma un café. Excelente lugar para conocer ciclistas locales. Y si necesitas algún servicio o pieza, Salva te ayudará con una gran sonrisa.<br>También puedes guardar tu bicicleta allí, si estás fuera del país por algún tiempo.<br><br>26 de enero de 2022 descubriendo el mundo - viaje mundial en moto <br>Absolutamente excelente tienda de bicicletas y propietario totalmente relajado y siempre sonriente.<br>Muy buen servicio al cliente y comunicación en inglés.<br>Guardamos nuestras bicicletas allí durante un mes por un precio muy razonable. También lo comprobaron en la aduana, por lo que no hubo problema para conservar la bicicleta más tiempo del permitido originalmente por la aduana.<br>También lavarán tu bicicleta por 10.000$.<br>Definitivamente lo recomiendo, e incluso si es solo para tomar un café, conocerás a muchos ciclistas locales.<br><br><br><br><br><br><br><br>]]></description>
        <styleUrl>#icon-1633-0288D1</styleUrl>
<Point>
          <coordinates>
            -70.89849,-53.16137,0
          </coordinates>
        </Point>
      </Placemark>
      <Placemark>
        <name>-53.15921, -70.89949</name>
        <description><![CDATA[<br><br>8 de enero de 2024 por territorio efectivo55 <br>Tenía el parabrisas roto en nuestra 4Runner desde BA. Se presentaron aquí el lunes por la mañana, tenían el reemplazo en stock e hicieron el trabajo esa tarde. Mantuvieron el auto durante 24 horas, pero Punta Arenas es transitable y de todos modos es difícil estacionar. Muy contento con el trabajo, precio justo y rapidez.<br><br>26 de enero de 2023 por Two Vets on Tracks Emiel y Leslie <br>Incluso para nuestro Landcruiser tenían inmediatamente una ventana delantera y una ventana mosquitera en la puerta del sitio.<br>Pagamos pesos 245.000 y 140.000.<br>Buen servicio<br>. El efectivo ofrece un 10% de descuento. ver foto.<br><br>22 de noviembre de 2019 por dgrolfe <br>Tenga una gran selección en stock. Sin embargo, se necesitan 24 horas para arreglarlo (para que el sello se seque), aunque te dejarán tomarlo el mismo día sin garantía.]]></description>
        <styleUrl>#icon-1590-DB4436</styleUrl>
<Point>
          <coordinates>
            -70.89949,-53.15921,0
          </coordinates>
        </Point>
      </Placemark>
      <Placemark>
        <name>-53.15653, -70.89448</name>
        <description><![CDATA[<br><br>5 de enero de 2024 por brunopath <br>almacén de repuestos, alternador, compresor, herramientas, baterías etc.<br><br>almacén de piezas sueltas, alternador, compresor, descarga, baterías, etc.<br><br>almacén de repuestos, alternador, compresor, herramientas, baterías, etc.<br><br>16 de marzo de 2022 por Lord_Ford <br>¡Muy bien equipado! Encontramos un termostato de agua de refrigeración para nuestra Ford Transit importada, que buscábamos desde hace mucho tiempo y que ni siquiera estaba disponible en Santiago.<br><br><br><br><br><br><br><br>]]></description>
        <styleUrl>#icon-1590-0288D1</styleUrl>
<Point>
          <coordinates>
            -70.89448,-53.15653,0
          </coordinates>
        </Point>
      </Placemark>
      <Placemark>
        <name>-32.16424, -64.44685</name>
        <description><![CDATA[8 de enero de 2024 por lunapaganatarot <br>Excelente atención, todas las marcas de lubricantes. El dueño y su hija fueron muy amables y nos recomendaron lugares para visitar en la zona.]]></description>
        <styleUrl>#icon-1590-DB4436</styleUrl>
        <Point>
          <coordinates>
            -64.44685,-32.16424,0
          </coordinates>
        </Point>
      </Placemark>
      <Placemark>
        <name>-32.89614, -68.81470</name>
        <description><![CDATA[<br><br>16 de febrero de 2024 por Alexander GER <br>Súper servicio, nuestra Transit obtuvo aquí su control de 45.000 km. Precio sobre favorable. Buenas sensaciones desde el primer minuto y todos fueron súper amables. Todo fue discutido y bien explicado.<br><br>28 de junio de 2023 por otterlanding <br>Estación de servicio Ford/Postventa. Extramadamente útil. Tenían repuestos para la Ford Transit 250 americana y arreglaron nuestra puerta corredera rota.<br><br>Tenga en cuenta que el otro concesionario/tienda de servicio Ford de Mendoza no trabajó en nuestra camioneta estadounidense y nos dijo que no podríamos encontrar repuestos porque era completamente diferente.<br><br>Allayme 160<br>Nueva Ciudad - Guaymallén<br>Teléfono: 261-2058634<br><br>]]></description>
        <styleUrl>#icon-1590-0288D1</styleUrl>
<Point>
          <coordinates>
            -68.8147,-32.89614,0
          </coordinates>
        </Point>
      </Placemark>
      <Placemark>
        <name>-32.90522, -68.83880</name>
        <description><![CDATA[<br><br>26 de febrero de 2024 por t <br>El cambio de aceite y el servicio general de una KTM 690 costaron $53,000. Incluye limpieza de cadena y lubricante. No es barato y querían un 10% adicional si se cargaba a una tarjeta de crédito. Hice el trabajo en aproximadamente una hora y con buen nivel. Probablemente no los vuelva a utilizar.<br><br>11 de noviembre de 2023 por daannauta <br>Cambio de aceite y limpieza de filtro de aire y cadena. Muy buen precio y buen trabajo. Gabriel está bien informado, es muy amigable y me ayudó de inmediato. Buen taller. Podría usar sus herramientas para algún otro trabajo. Muy recomendable.<br><br>28 de octubre de 2023 por B0x3rb0y <br>Mecánico de motos realmente útil. Me hizo el mantenimiento de mi moto por 14.000 pesos (incluido aceite nuevo). Se tomó el tiempo de explicarme algunos detalles y logró mirar la bicicleta de inmediato. Su número es: +5492616147754. Lo recomendaría para trabajar en moto en Mendoza.<br><br><br><br>]]></description>
        <styleUrl>#icon-1590-DB4436</styleUrl>
<Point>
          <coordinates>
            -68.8388,-32.90522,0
          </coordinates>
        </Point>
      </Placemark>
      <Placemark>
        <name>-32.88367, -68.85646</name>
        <description><![CDATA[4 de enero de 2024 por ocupacionalgarb90 <br>Taller de bicicletas.<br>Gente muy maja y llena de experiencia, rápido y muy barato.<br>¡Incluso hacen más por el precio!]]></description>
        <styleUrl>#icon-1522-558B2F</styleUrl>
        <Point>
          <coordinates>
            -68.85646,-32.88367,0
          </coordinates>
        </Point>
      </Placemark>
      <Placemark>
        <name>-32.85321, -68.84145</name>
        <description><![CDATA[<br><br>14 de febrero de 2024 por regulatorbrace18 <br>El mejor electricista de Mendonça, amable, servicio muy económico, muy atento. nos ofrecieron agua potable.<br><br>]]></description>
        <styleUrl>#icon-1590-0288D1</styleUrl>
<Point>
          <coordinates>
            -68.84145,-32.85321,0
          </coordinates>
        </Point>
      </Placemark>
      <Placemark>
        <name>-32.93860, -68.82874</name>
        <description><![CDATA[<br><br>6 de diciembre de 2023 por carrodeviagem <br>Revisamos la autocaravana, cambiamos aceite y filtros, fueron muy atentos y nos permitieron seguir el proceso. Custodia 117 mil pesos, 680 reales.<br><br>30 de enero de 2020 por cometzero <br>Tuve que cambiar mi bomba de agua y el embrague magnético del ventilador, y cambiar el aceite y el filtro de aire. ¡Tenían todas las piezas que necesitaba en stock! ¡¡Muy buen trabajo!! ¡Son expertos en Camiones Iveco! Estoy muy feliz de encontrarlos... :-) ¡¡¡Muy recomendable!!! Siempre volveré con mi Iveco Daily 35-10.<br><br>16 de enero de 2020 por 4enquete.com <br>Fui a buscar repuestos y obtuve buenos precios y buen servicio.<br>Hice la reparación 3 días después como propusieron.<br>Muy buen y profesional funcionamiento del taller también. El tiempo y el precio fueron exactamente los previstos.<br>También obtuve precios justos. Lo recomiendo totalmente a los propietarios de IVECO.<br><br>21 de febrero de 2019 por ascousin76 <br>El gran taller Iveco no pudo recogernos durante 5 días y nos envió aquí. Este es un vendedor de recambios Iveco con asistencia de taller que sólo tiene Iveco. No podemos decir si funcionan bien porque solo necesitábamos piezas. Lo suficientemente grande para nuestras autocaravanas.<br><br><br><br>]]></description>
        <styleUrl>#icon-1590-0288D1</styleUrl>
<Point>
          <coordinates>
            -68.82874,-32.9386,0
          </coordinates>
        </Point>
      </Placemark>
      <Placemark>
        <name>-32.94514, -68.73054</name>
        <description><![CDATA[26 de enero de 2024 por worldtour.news <br>¡Buen mecánico! Especialista en Toyota. Soldamos un poco en nuestra caravana. Muy útil. ¡Techo alto, al menos 3,5 m!]]></description>
        <styleUrl>#icon-1590-0288D1</styleUrl>
        <Point>
          <coordinates>
            -68.73054,-32.94514,0
          </coordinates>
        </Point>
      </Placemark>
      <Placemark>
        <name>-40.76130, -71.64281</name>
        <description><![CDATA[27 de febrero de 2024 por denisgoedert<br>La tienda tiene todo para electricidad y muy buen servicio pero no confíen en el electricista que trabaja atrás, él quedó el miércoles para ver nuestro auto, hicimos una cita para el sábado, confirmó el viernes y el sábado por la mañana dijo. no pudo ayudar. Total falta de respeto.<br><br>enero 11, 2019 por gilperoux<br>Familia muy amigable que hace un trabajo bueno y rápido. Muy recomendado]]></description>
        <styleUrl>#icon-1590-0288D1</styleUrl>
        <Point>
          <coordinates>
            -71.64281,-40.7613,0
          </coordinates>
        </Point>
      </Placemark>
      <Placemark>
        <name>-40.74395, -71.64904</name>
        <description><![CDATA[23 de febrero de 2024 por brunopath<br>Un mecánico vino a ayudarnos en plena noche (el remolque es demasiado caro) a la salida de la aduana, luego lo seguimos hasta su casa para terminar al día siguiente, 500.000 pesos más las piezas. Dormimos en su tierra, sin más comodidad que seguridad.]]></description>
        <styleUrl>#icon-1590-0288D1</styleUrl>
        <Point>
          <coordinates>
            -71.64904,-40.74395,0
          </coordinates>
        </Point>
      </Placemark>
      <Placemark>
        <name>-38.54127138786752, -58.753285964417884</name>
        <description><![CDATA[<br><br>17 de abril 2024 por Deby Braun/BrownieViajero  Lo llamamos un feriado que estábamos en ruta,para que nos solucione la conexión de las luces de nuestra casita rodante. Trabaja de lunes a lunes, se acerca hasta el lugar donde uno está. El señor se llama Nelson. Súper honesto. Te: 02262594035<br><br><br><br>]]></description>
        <styleUrl>#icon-1590-0288D1</styleUrl>
<Point>
          <coordinates>
            -58.7532859644179,-38.5412713878675,0
          </coordinates>
        </Point>
      </Placemark>
      <Placemark>
        <name>-32.58650, -69.34323</name>
        <description><![CDATA[<br><br>20 de enero de 2024 por Los viajes de los fous <br>Chico muy amable, trabaja en frigoríficos, fontanería, electricidad. Estaba disponible, echó un vistazo a nuestros problemas con el agua y el refrigerador. No pudo arreglarlos porque no tenía los repuestos necesarios, pero nos dio buenas indicaciones para comprarlos en Mendoza.]]></description>
        <styleUrl>#icon-1590-0288D1</styleUrl>
<Point>
          <coordinates>
            -69.34323,-32.5865,0
          </coordinates>
        </Point>
      </Placemark>
      <Placemark>
        <name>-32.58429, -69.34321</name>
        <description><![CDATA[6 de febrero de 2024 por claumich <br>Como las otras dos mecánicas en Uspallata estaban cerradas hoy, Iván se dirigió a nosotros y nos ayudó más o menos inmediatamente con un amigo (no profesional) que nos remolcó hasta su casa. La reparación de nuestro tubo de aceite roto se realizó en una hora. ¡Recomendado!]]></description>
        <styleUrl>#icon-1590-0288D1</styleUrl>
        <Point>
          <coordinates>
            -69.34321,-32.58429,0
          </coordinates>
        </Point>
      </Placemark>
      <Placemark>
        <name>-31.510772651595502, -68.57087259003663</name>
        <styleUrl>#icon-1590-0288D1-nodesc</styleUrl>
        <Point>
          <coordinates>
            -68.5708725900366,-31.5107726515955,0
          </coordinates>
        </Point>
      </Placemark>
      <Placemark>
        <name>Taller servicio mecanico computarizado Xentryservicesj</name>
        <description><![CDATA[<br><br>Jose Luis 2645229117 . Amigos rodanteros hace 2 dias conte q estoy en San Juan ando en una 313. Y no podia subir los cerros porque se quedaba y levantaba temperatura. Hoy encontre a un mecanico con tan buena onda Especialista en Mercedez Benz cuando lo llame y le conte q andaba de paseo me dijo venite q te lo miramos se llama jose luis un genio apenas llegue le conecto la compu y no vio nada raro en el motor o turbo salvo los inyectores q mas adelante cambiare. En resumen era el viscozo q no funcionaba y yo q al acelerar lo hacia con temor porque me levantaba temperatura ahi nomas pidio el repuesto y desarmo toda la trompa x q estaba durisimo el tornillo. No se aprovecho de la situacion por eso les dejo el telefono por si a alguien le hace falta. Un capo Jose Luis !!!!!! Direccion del taller Benavidez 3142 oeste. San juan capital]]></description>
        <styleUrl>#icon-1590-0288D1</styleUrl>
<Point>
          <coordinates>
            -68.5708404,-31.5109922,0
          </coordinates>
        </Point>
      </Placemark>
      <Placemark>
        <name>-22.08294, -65.60923</name>
        <description><![CDATA[<br><br>13 de abril de 2024 por MalHierMalDa98 <br>Tuvimos algunos problemas eléctricos y renovamos nuestro aceite aquí. El servicio fue perfecto y el precio también es muy bueno.<br><br>Nuestro coche es un Chevrolet N400.<br><br>10 de enero de 2024 por piloux96 <br>Merci à Fabien pour son travail, super sympas et très professionalnelle! Je recommande très fortement si vous avez des problèmes mécanique!<br><br>23 de junio de 2023 por claire_cl <br>Recomendamos 100% este garaje de Fabián. Tuvimos múltiples problemas con el motor y las ruedas en nuestro Mitsubishi L300. Somos muy amables, revisaron todo el motor para asegurarse de que no faltara nada, también encontraron otros problemas y nos explicaron todo mientras los observábamos durante el proceso. Fueron necesarios 5 días enteros de trabajo para todo, pudimos dormir en la furgoneta, usar los baños y Wifi. También era muy barato en comparación con otros garajes que encontramos en la ciudad.<br><br><br><br>]]></description>
        <styleUrl>#icon-1590-0288D1</styleUrl>
<Point>
          <coordinates>
            -65.60923,-22.08294,0
          </coordinates>
        </Point>
      </Placemark>
      <Placemark>
        <name>-33.03044, -68.87713</name>
        <description><![CDATA[<br><br>5 de marzo de 2024 por desinteresadogap57 <br>Encantador mecánico con una amable esposa que me consoló y ayudó por 20 $, ¡lo recomiendo profundamente!<br><br>Pero: necesitaba que me remolcaran desde la RN7 y este tipo y yo teníamos un entendimiento diferente con respecto al tipo de cambio del dólar. No soy una persona que empezaría una pelea por 10$, pero tampoco acepto que alguien me grite sin motivo alguno. El apellido era Gonzales, no sé si es el nombre de la empresa también. Le aconsejo que no utilice el servicio de grúa de esa persona.<br><br>Edgardo, el mecánico, fue totalmente comprensivo e incluso me protegió de él.<br><br>12 de abril de 2022 por Jimmytravelsaround <br>Gran hombre, nos ayudó con algunos problemas que tuvimos. Sólo pagamos 4000 pesos (18 dólares estadounidenses) por casi medio día de búsqueda del problema. desafortunadamente no pudimos resolverlo (Sin embargo, nadie pudo resolverlo hasta ahora ;-). Un amigo nuestro que estaba ese mismo día allí, pagó lo mismo y solucionó su problema con una válvula rota.<br><br>]]></description>
        <styleUrl>#icon-1590-0288D1</styleUrl>
<Point>
          <coordinates>
            -68.87713,-33.03044,0
          </coordinates>
        </Point>
      </Placemark>
      <Placemark>
        <name>-36.72334, -56.69673</name>
        <description><![CDATA[febrero 6, 2024 por Trotamundos<br>Muy buen mecánico, especialmente para el camión. Muy amable, servicial y económico.]]></description>
        <styleUrl>#icon-1590-0288D1</styleUrl>
        <Point>
          <coordinates>
            -56.69673,-36.72334,0
          </coordinates>
        </Point>
      </Placemark>
      <Placemark>
        <name>-36.34290, -56.72972</name>
        <description><![CDATA[febrero 8, 2024 por Trotamundos<br>Taller muy útil, están especializados en vehículos 4x4, pero también fabrican otros vehículos e incluso pudieron ayudarme con el camión. Lamentablemente, el daño no pudo repararse debido a la falta de repuestos disponibles. Pero se esfuerzan mucho. Sin embargo, abierto dentro de las 10 horas del mes.]]></description>
        <styleUrl>#icon-1590-0288D1</styleUrl>
        <Point>
          <coordinates>
            -56.72972,-36.3429,0
          </coordinates>
        </Point>
      </Placemark>
      <Placemark>
        <name>-34.61892, -58.38020</name>
        <description><![CDATA[25 de marzo de 2024 por max.cailly <br>Buenos suministros de aceites y refrigerantes para motocicletas.]]></description>
        <styleUrl>#icon-1899-DB4436</styleUrl>
        <Point>
          <coordinates>
            -58.3802,-34.61892,0
          </coordinates>
        </Point>
      </Placemark>
      <Placemark>
        <name>-34.64055, -58.46963</name>
        <description><![CDATA[12 de abril de 2024 por Northernfreeplay23 <br>Un tipo increíble para ayudarte con proyectos personalizados. Consulté con él sobre la construcción de llantas personalizadas para contenedores de envío. No funcionó debido a las compañías de envío, pero fue muy minucioso con las mediciones y habló sobre el proceso. Muchos lugareños también usan a este tipo. Mándale un mensaje al Whatsapp +549011 3496-4139]]></description>
        <styleUrl>#icon-1590-0288D1</styleUrl>
        <Point>
          <coordinates>
            -58.46963,-34.64055,0
          </coordinates>
        </Point>
      </Placemark>
      <Placemark>
        <name>-34.71721, -58.32457</name>
        <description><![CDATA[<br><br>29 de abril de 2024 por theworldoffroad.com <br>Gran taller para arreglar o dar servicio a tu bicicleta a precios razonables y tiempos rápidos. Danny, el propietario, es un aficionado a las bicicletas y un viajero, por lo que está más que entusiasmado por conocer a otros viajeros.<br><br><br><br><br><br>]]></description>
        <styleUrl>#icon-1522-558B2F</styleUrl>
<Point>
          <coordinates>
            -58.32457,-34.71721,0
          </coordinates>
        </Point>
      </Placemark>
      <Placemark>
        <name>-34.85585, -58.07447</name>
        <description><![CDATA[<br><br>19 de febrero de 2024 por ArjenM🇳🇱 <br>¡Este lugar está cerrado!<br>Por favor, busca otro lugar.<br><br>16 de diciembre de 2023 por ajlisse <br>Está abierto y atienden de lunes a sábados de 7 a 20 horas y domingos hasta las 16, se puede entrar desde altas.<br><br>13 de diciembre de 2021 por iariap <br>Este lugar está en la ubicación incorrecta: está ubicado en -34.85585, -58.07447<br><br>27 de julio de 2021 por gero12 <br>Se mudó a Villa Elisa.<br><br>cambiar locación<br><br>26 de julio de 2021 por ajlisse <br>Aceite de estación Shell, buen mini marcado para una pausa en el camino.<br><br>5 de enero de 2017 por andree <br>Servicio perfecto. Cambiamos el aceite de motor y el filtro de aceite de nuestro Mercedes LA 1113 B. Todo estaba en stock y tardó 30 minutos. Wi-Fi gratis.<br><br>18 de marzo de 2015 por La Vuelta al mundo en N días <br>Cambio de aceite, filtros etc. Abierto toda la semana domingo inclusive. Wi-Fi gratis<br><br>]]></description>
        <styleUrl>#icon-1899-DB4436</styleUrl>
<Point>
          <coordinates>
            -58.07447,-34.85585,0
          </coordinates>
        </Point>
      </Placemark>
      <Placemark>
        <name>-34.45670, -57.83117</name>
        <description><![CDATA[<br><br>13 de marzo de 2024 por Compañeros en Sudamérica <br>Fabricio es un mecánico de primer nivel. Fue muy confiable y profesional e intentó todo lo posible para arreglar el punto de dirección roto de nuestro IVECO daily 4x4, justo en la carretera donde sucedió. Muy recomendable en cuanto a problemas.]]></description>
        <styleUrl>#icon-1590-0288D1</styleUrl>
<Point>
          <coordinates>
            -57.83117,-34.4567,0
          </coordinates>
        </Point>
      </Placemark>
      <Placemark>
        <name>-40.78043, -62.99354</name>
        <description><![CDATA[<br><br>23 de abril de 2024 por Waka Nash <br>Taller limpio y moderno con personal servicial y precios razonables. Cambié aceite, filtro y engrasé todo.<br><br>]]></description>
        <styleUrl>#icon-1899-DB4436</styleUrl>
<Point>
          <coordinates>
            -62.99354,-40.78043,0
          </coordinates>
        </Point>
      </Placemark>
      <Placemark>
        <name>-42.74245, -65.11248</name>
        <description><![CDATA[6 de abril de 2024 por elaboradavast86 <br>Tenga en cuenta. El mecánico es un estafador de primera. Tuvimos que reparar nuestra correa de distribución y válvulas de admisión. Nos pidió 6 millones de pesos para las reparaciones con el pretexto de que Puerto Madryn está caro. Cuando nos negamos a hacer las reparaciones, nos cobró 450.000 pesos de mano de obra por desarmar el motor para hacer su diagnóstico.<br>El hombre parece simpático y honesto, pero no te molestes, porque es todo lo contrario.]]></description>
        <styleUrl>#icon-1590-A52714</styleUrl>
        <Point>
          <coordinates>
            -65.11248,-42.74245,0
          </coordinates>
        </Point>
      </Placemark>
      <Placemark>
        <name>-42.78731, -65.04396</name>
        <description><![CDATA[<br><br>19 de abril de 2024 por naturwunderer_&photografnix <br>Trabajan de lunes a viernes de 8:30 a 17 horas sin pausa para el almuerzo.<br>El precio por hora aprox. 40.000 Pesos.<br>Los repuestos en Puerto Madryn/Patagonia son muy muy caros.<br>Las pastillas de freno traseras cuestan 218.000 pesos, en Alemania ~40.000 pesos.<br>Así que ven bien preparado.<br>Pagando en efectivo o tarjeta de crédito (15% recargo).<br>El equipo es bueno, amigable, servicial y trabaja rápido (para el estándar de Sudamérica).<br>Sólo habla español.<br>Vinimos con 2 vehículos recreativos y comenzaron el trabajo de inmediato. Dormimos 6 noches frente al garaje y tuvimos acceso al agua y al baño del garaje.<br>Supermercado, lavandería (no en IOverlander, pregúntale a Ruben) y parque infantil cerca.<br>No es la mejor mecánica de todos los tiempos, pero funciona muy bien.<br><br>10 de enero de 2024 por lvarasoniga <br>Muy atento y agradable. Identificó los problemas acertadamente. ¡Organiza muy bien a su equipo y el precio es muy competitivo!<br>Vino con nosotros a probar la autocaravana para asegurar que todo estaba arreglado y funcionando como debía.<br>Recomendado.<br><br>7 de octubre de 2023 por martinot.amelie <br>Teníamos que hacer un trabajo rápido y Rubén y su equipo hicieron un trabajo perfecto. Respuesta rápida, cita rápida y trabajo rápido por un precio muy justo. ¡Muy buenos chicos allí!<br><br>su número de WhatsApp : +54 9 280 458-9891<br><br>11 de abril de 2023 por l.gilliand <br>Allí hacemos el control de los 10 mil kilómetros. Precio justo y servicio rápido. Incluso podríamos rellenar agua.]]></description>
        <styleUrl>#icon-1590-0288D1</styleUrl>
<Point>
          <coordinates>
            -65.04396,-42.78731,0
          </coordinates>
        </Point>
      </Placemark>
      <Placemark>
        <name>-27.58186, -65.61391</name>
        <description><![CDATA[24 de abril de 2024 por darialipko <br>¡Gran mecánico! nos ayudó mucho!!! ¡Muy recomendable si tiene algún problema (incluidos problemas con el motor) a precios razonables! teléfono: +5493865666188]]></description>
        <styleUrl>#icon-1590-0288D1</styleUrl>
        <Point>
          <coordinates>
            -65.61391,-27.58186,0
          </coordinates>
        </Point>
      </Placemark>
      <Placemark>
        <name>-25.70347, -56.18821</name>
        <description><![CDATA[<br><br>5 de marzo de 2024 por Roadfuxx <br>Fuimos a Egon para que nos cambiaran el Michelin. También descubrí cosas para soldar. Egon hizo todo genial y es muy recomendable.<br><br>14 de agosto de 2023 por Baluaufweltreise.wordpress.com <br>Como el año pasado quedamos muy satisfechos, esta vez les dejamos cambiar el aceite del motor con la bomba de aceite, los anillos de sellado de la caja de transferencia y del eje delantero, el cilindro receptor del embrague y todas las correas trapezoidales. También se ajustaron los frenos y se revisaron todos los cojinetes de las ruedas. Recomendamos encarecidamente a Egon y su equipo.<br><br>11 de julio de 2022 por Baluaufweltreise.wordpress.com <br>En nuestro MB 1017, Egon ha cambiado el líquido de frenos y de refrigeración, así como una junta tórica en el eje trasero. No sólo succionó el líquido de frenos de los contenedores, sino que también lo bombeó por completo fuera de las líneas. Él sabe de camiones grandes. ¡Muy recomendable!<br><br>28 de enero de 2020 por bradyanddanica <br>El mecánico no estaba cuando pasamos. Los empleados fueron muy serviciales y nos informaron de varias tiendas de automóviles a pocos pasos de distancia (hay al menos 5 a poca distancia). Aquí parece que se centran principalmente en el mantenimiento de camiones grandes.<br><br>26 de septiembre de 2019 por erich.marti.57 <br>Muy buen mecánico. Amable y servicial.<br><br>]]></description>
        <styleUrl>#icon-1590-0288D1</styleUrl>
<Point>
          <coordinates>
            -56.18821,-25.70347,0
          </coordinates>
        </Point>
      </Placemark>
      <Placemark>
        <name>-26.96256, -56.20975</name>
        <description><![CDATA[<br><br>3 de mayo de 2024 por glozar75 <br>Gran taller mecánico. Funciona de lunes a viernes de 7 am a 5 pm. Realiza todo tipo de trabajos mecánicos y estructurales. Muy recomendable.<br>Telf. (+595) 985 719130<br><br>Taller mecanico grande. Funciona de lunes a viernes de 7am a 5pm. Realiza todo tipo de trabajos mecánicos y de carrocería. Miy recomendable.]]></description>
        <styleUrl>#icon-1590-0288D1</styleUrl>
<Point>
          <coordinates>
            -56.20975,-26.96256,0
          </coordinates>
        </Point>
      </Placemark>
      <Placemark>
        <name>-27.10569, -55.66937</name>
        <description><![CDATA[<br><br>29 de mayo de 2024 por Heidi <br>El mejor mecánico de la ciudad, trabajando con seguridad y seriedad, con un Fiat Ducato él podría ayudarnos. Recuperó nuestro sistema de iluminación y el motor que había perdido potencia. Hizo su formación en Alemania y se nota que si buscas competencia la encontrarás aquí.<br><br>El mejor mecánico de la ciudad, trabaja limpia y profesionalmente, fue el único que pudo ayudarnos con nuestro Fiat Ducato. Reparó nuestras luces y el motor que había perdido potencia. Se formó en Alemania y eso se nota: si buscas experiencia, la encontrarás aquí.<br><br>8 de marzo de 2024 por raphael.nussbaumer <br>https://maps.app.goo.gl/pAN2F2TWG7S1U34W6?g_st=ic<br><br>El gps no es correcto. utiliza el enlace.<br>+595991366963<br><br>8 de marzo de 2024 por raphael.nussbaumer <br>Es un mecánico alemán. Él habla inglés y español también.]]></description>
        <styleUrl>#icon-1590-0288D1</styleUrl>
<Point>
          <coordinates>
            -55.66937,-27.10569,0
          </coordinates>
        </Point>
      </Placemark>
      <Placemark>
        <name>-27.07192, -55.64579</name>
        <description><![CDATA[<br><br>5 de abril de 2024 por white_troopy <br>¡Ve a este lugar!<br><br>Elvio reparó dos paneles oxidados en nuestro Land Cruiser del 90, reparó un tanque de diesel con fugas y puso un drenaje en nuestro tanque de agua. NO podría estar más feliz con el trabajo.<br><br>Le llevamos el camión el miércoles por la tarde y estábamos rodando el viernes por la mañana.<br><br>¡Súper meticuloso con su trabajo y, en general, un gran tipo!<br><br>A un precio muy razonable. Recomendación máxima…..<br><br>26 de febrero de 2024 por Roadfuxx <br>Nos registramos con anticipación para la pintura completa del camión y se suponía que íbamos a pasar. Elvio es una persona súper cálida y de inmediato nos sentimos bienvenidos. Según lo acordado, terminamos algunos trabajos adicionales después de 2 semanas. Un gran equipo que entrega un gran trabajo. Nosotros recomendamos. Muchas gracias Elvio y equipo 👍😁<br><br>21 de septiembre de 2023 por Sprinteroli <br>Nos cambiaron el soporte de la rueda de repuesto, quitaron una mancha de óxido en el techo de nuestro vehículo y pintaron y pulieron la ventana del techo. Estamos muy satisfechos con el trabajo de Elvio y sus empleados y la estancia allí fue muy agradable. Nosotros recomendamos.<br><br>2 de agosto de 2023 por Baluaufweltreise.wordpress.com <br>Esta es la segunda vez que estamos con Elvio y pintamos uno de nuestros tanques, un soporte para tablas de arena, nuestro portabicicletas y algunas otras piezas más pequeñas. Queríamos optimizar nuestro portabicicletas y a él se le ocurrió una buena solución.<br>¡Estamos muy satisfechos nuevamente!<br><br>10 de julio de 2023 Por Sprintour.de <br>Elvio es muy simpático. Tuvimos un accidente en Brasil con nuestra autocaravana VW Crafter. El daño fue difícil de reparar, pero Elvio buscó una solución de inmediato. Al final, el vehículo estuvo 5 días en el taller y los chicos fueron muy rápidos. Estamos muy satisfechos con la reparación y el precio. Nos quitaron otras manchas de óxido y Elvio tuvo la amabilidad de llevar nuestro asiento roto a la talabartería. ¡Un muy buen taller!<br><br>3 de mayo de 2023 por auf-achse-sein.de <br>Elvio es un impresor y soldador amable, servicial y bueno. Habla casi perfectamente alemán. Teníamos algunas piezas oxidadas y el agua entró por el techo de nuestra caravana. Lo arregló todo por un buen precio. Podemos recomendarlo altamente.<br><br><br><br><br><br><br><br>]]></description>
        <styleUrl>#icon-1590-0288D1</styleUrl>
<Point>
          <coordinates>
            -55.64579,-27.07192,0
          </coordinates>
        </Point>
      </Placemark>
      <Placemark>
        <name>-30.93501, -61.58902</name>
        <description><![CDATA[<br><br>24 de octubre de 2024 por Panorama A2<br>fabricante de remolques para vehículos recreativos<br>fabricante de vehículos recreativos<br>Luego de perder el eje del remolque en un badén mal señalizado en la ruta RP 280 S en Col. Aldao, Ronal de CG Camper reparó todos los daños, con celo y eficacia.<br><br>Lo recomiendo mucho.<br><br>junio 4, 2024 por brunopath<br>Gente encantadora que hace todo lo posible para ayudarte. Haga sus especificaciones y devuélvalas cuando todo esté listado, si es posible. De lo contrario, la posibilidad de quedarse allí, sin comodidades, pero la posibilidad de tener luz (6.000 pesos diarios actualmente).<br><br>4 de mayo de 2024 por ExclusiveMaterial86<br>Este año contactamos en dos ocasiones con CG CAMPERS por problemas en el celular de nuestra autocaravana Laika. Por un problema de infiltración de agua en las ventanillas del capó y por cambiar las persianas a la primera. Me tomó algunos meses arreglar el inodoro y comenzar a identificar y reparar una fuga debajo del mostrador de la cocina. Sin mencionar muchos pequeños proyectos de bricolaje que nos permiten alargar la vida útil de nuestro equipo (mesa, taburete, etc.).<br>Trabajo de gran calidad, nos desviamos en nuestro recorrido 2400 km desde Santiago de Chile para llegar aquí, uno de los pocos lugares donde podemos tener confianza en las reparaciones realizadas. Una visita obligada para los viajeros a Sudamérica.<br>CG Campers sabe tranquilizar, reparar, asesorar y orientar (si el problema no está en tu zona).<br>Sin mencionar el refugio brindado por la familia y el agradable espacio para estacionar durante las reparaciones.<br>Pudimos retomar el camino con total tranquilidad gracias a ellos.<br>¡Muchas gracias!<br>——-<br><br>Hemos preguntado a CG CAMPERS en 2 ocasiones este año por problemas en el habitáculo de nuestra autocaravana Laika. Ponga un problema de infiltración de agua en las rejillas de ventilación del capó y cambie la salida la primera vez. Quelques mois après pour fixer les WC puis identifier et réparer une fuite sous l'évier de la cocina. Sin contar con múltiples pequeños bricolaje que nos permiten prolongar la vida útil de nuestros equipos (mesa, chaise...).<br>Trabajo de gran calidad, nuestros avons hacen un desvío en nuestro viaje de unos 2400 km después de Santiago de Chile para que nos entreguemos aquí, en raras ocasiones o pocas personas confían en las reparaciones realizadas. Un incontournable para los viajeros en América del Sur.<br>CG Campers es reparador, reparador, asesor y asesor (si el problema no es de tu dominio).<br>No hay cuenta reservada para la familia y espacio adecuado para aparcar durante las reparaciones.<br>Nous avons pu reprendre la route en toute sérénité Grace à eux.<br>¡Una gran gran misericordia!<br><br>20 abril 2024 por Les Frabys<br>Estuvimos unos días con Ronal que nos ayudó mucho en la fabricación de cajas de aluminio además de otra caja de madera.<br>trabajo perfecto<br><br><br><br><br><br><br><br><br><br><br><br><br><br><br><br><br><br><br><br><br><br><br><br><br><br><br><br><br><br><br><br><br><br>]]></description>
        <styleUrl>#icon-1590-0288D1</styleUrl>
<Point>
          <coordinates>
            -61.58902,-30.93501,0
          </coordinates>
        </Point>
      </Placemark>
      <Placemark>
        <name>-31.25464, -61.49348</name>
        <description><![CDATA[<br><br>10 de abril de 2024 por adosdesaviem<br>aquí podrás encontrar aceites para cualquier vehículo, coche, moto, furgoneta y camper, nuevos o antiguos.<br>Rubén es muy acogedor, y te informa lo mejor posible, si no tiene lo que quieres te lo busca 👍<br>muchas gracias por su bienvenida, está abierto de lunes a sábado de 8 a 12 y de 15 a 19.30.<br>Recomendamos 100%.<br><br><br><br><br><br>]]></description>
        <styleUrl>#icon-1590-0288D1</styleUrl>
<Point>
          <coordinates>
            -61.49348,-31.25464,0
          </coordinates>
        </Point>
      </Placemark>
      <Placemark>
        <name>Mecánica Quintero</name>
        <description>24 de junio 2024 por Tinita                                        Es un espectáculo como nos atendieron nos cambiaron ruleman de empuje y las rotulas en el día, me solucionaron todo para que lo tengan en cuenta en la rioja</description>
        <styleUrl>#icon-1590-0288D1</styleUrl>
        <Point>
          <coordinates>
            -66.893673,-29.4179285,0
          </coordinates>
        </Point>
      </Placemark>
      <Placemark>
        <name>-32.74516, -60.74363</name>
        <description><![CDATA[22 de mayo de 2024 por sakcdk <br>Marcelo tiene una gran tienda y puede arreglar cualquier cosa. Generalmente trabaja con motocicletas pero nos ayudó a fabricar algunas piezas para nuestra camioneta. Nos cobró 3 botellas de vino.<br><br>Si él no puede ayudar, él sabe quién puede. ¡Muy recomendable! Usa WhatsApp<br><br>No habla inglés pero está dispuesto a trabajar contigo y español básico.<br><br>Busque la gran puerta azul.]]></description>
        <styleUrl>#icon-1633-0288D1</styleUrl>
        <Point>
          <coordinates>
            -60.74363,-32.74516,0
          </coordinates>
        </Point>
      </Placemark>
      <Placemark>
        <name>-32.48606520337996, -58.2584423306862</name>
        <description><![CDATA[<br><br>5 de julio 2024 por Cynmarinita                                Justo el mecánico q me reparó el problema con la manguerita de la calefacción. Tiene servicio de grúa para camiones y vehículos pesados. En Concepción del Uruguay . Taller mecánico Euler<br>03442 48-7170<br><br>]]></description>
        <styleUrl>#icon-1590-0288D1</styleUrl>
<Point>
          <coordinates>
            -58.2584423306862,-32.48606520338,0
          </coordinates>
        </Point>
      </Placemark>
      <Placemark>
        <name>-22.08886, -65.59671</name>
        <description><![CDATA[<br><br>28 de junio de 2024 por roeltje456 <br>Pasé por aquí y eché un vistazo. Una tienda de bicicletas de aspecto muy decente para los estándares bolivianos. Bien surtida de neumáticos y cámaras Maxxis Mtb 29, neumáticos de carretera y de grava pequeños también. Repuestos Shimano y repuestos chinos baratos también.]]></description>
        <styleUrl>#icon-1522-558B2F</styleUrl>
<Point>
          <coordinates>
            -65.59671,-22.08886,0
          </coordinates>
        </Point>
      </Placemark>
      <Placemark>
        <name>-22.09373, -65.59753</name>
        <description><![CDATA[30 de mayo de 2024 por straightdigger43 <br>Pasamos por su casa con un Toyota 4Runner. Tuvimos un problema eléctrico con la puerta automática del maletero. Echó un vistazo para revisar los cables y lo arregló en 1 hora por 60 BS. No pudimos encontrar a nadie que lo arreglara en Argentina desde Humahuaca. ¡<br>Un tipo muy agradable y eficiente!<br><br>17 de marzo de 2015 por instagram.com/on.the.panamericana <br>Mecánico eléctrico de automóviles muy servicial. Aquí cambiamos los contactos del motor de arranque. 380 bolívares por 2 horas de trabajo y repuestos.]]></description>
        <styleUrl>#icon-1590-0288D1</styleUrl>
        <Point>
          <coordinates>
            -65.59753,-22.09373,0
          </coordinates>
        </Point>
      </Placemark>
      <Placemark>
        <name>-29.42784, -66.84964</name>
        <description><![CDATA[<br><br>16 de mayo de 2024 por clinicalelbow29 <br>Conocimos este establecimiento gracias a unos argentinos, se nos rompió la correa del alternador a 2 horas de aquí, nunca hubiésemos conocido este lugar sin ellos, ni siquiera dice garaje en el frente, es un poco desordenado, pero muy ¡Mecánicos buenos y honestos! Recomiendo 100% este lugar<br><br>21 de septiembre de 2021 por caminandoelmundoblog.com <br>Hacen tren delantero, balanceo, cambio de pastillas y alineación.<br>A nosotros nos cambiaron un ruleman y no nos mataron con el precio.]]></description>
        <styleUrl>#icon-1590-0288D1</styleUrl>
<Point>
          <coordinates>
            -66.84964,-29.42784,0
          </coordinates>
        </Point>
      </Placemark>
      <Placemark>
        <name>-29.42062, -66.86166</name>
        <description><![CDATA[14 de mayo de 2024 por boringtruck72 <br>Fantástica tienda de bicicletas con un gran equipamiento. Tienen un montón de repuestos que eran difíciles de encontrar en otro lugar y un buen servicio. Muy recomendable. El único horario de apertura es muy argentino (siesta de 13 a 18:30 h...)]]></description>
        <styleUrl>#icon-1522-558B2F</styleUrl>
        <Point>
          <coordinates>
            -66.86166,-29.42062,0
          </coordinates>
        </Point>
      </Placemark>
      <Placemark>
        <name>-28.36571, -67.07421</name>
        <description><![CDATA[<br><br>2 de junio de 2024 por waltermetzke <br>Taller de reparación mecánica y de neumáticos también para camiones. Equilibrado y alineación de ruedas; cambio de aceite, etc.<br>Waldo Winberger fue muy servicial y nos abrió su tienda incluso un domingo.<br><br>]]></description>
        <styleUrl>#icon-1590-0288D1</styleUrl>
<Point>
          <coordinates>
            -67.07421,-28.36571,0
          </coordinates>
        </Point>
      </Placemark>
      <Placemark>
        <name>-24.38646, -65.11392</name>
        <description><![CDATA[<br><br>25 de abril de 2024 por ti-bu.com <br>Hacen alineación, balanceo, cambio de aceite, etc. Apto para vehículos grandes. Nos hicieron una alineación de 5 días por 10 000 pesos (10 USD). Lugar de trabajo súper profesional y limpio. ¡Muy recomendable!<br>WhatsApp: +5493886060178<br><br><br><br><br><br>]]></description>
        <styleUrl>#icon-1590-0288D1</styleUrl>
<Point>
          <coordinates>
            -65.11392,-24.38646,0
          </coordinates>
        </Point>
      </Placemark>
      <Placemark>
        <name>-24.21723, -65.27902</name>
        <description><![CDATA[2 de julio de 2024 por financialbank58 <br>Fuimos a este taller de VW para que le hicieran el mantenimiento a nuestra VW T4. Aunque no conocíamos este modelo, fueron muy profesionales, confiables y se tomaron el tiempo de responder todas nuestras preguntas. Teníamos filtros que cambiar, nos faltaba un juego de pastillas de freno y nos aconsejaron ir a Chile o Paraguay para conseguir las referencias correctas, ya que eran difíciles de encontrar en Argentina. El precio nos pareció bastante razonable para un servicio de concesionario. Recomendaríamos este lugar para este tipo de vehículo.]]></description>
        <styleUrl>#icon-1590-0288D1</styleUrl>
        <Point>
          <coordinates>
            -65.27902,-24.21723,0
          </coordinates>
        </Point>
      </Placemark>
      <Placemark>
        <name>-24.19118, -65.28796</name>
        <description><![CDATA[<br><br>25 de marzo de 2024 por talldark94<br>Excelente mecánica para autos livianos, recibí muy buen servicio, profesional honesto, rápido y atento, valor de la mano de obra muy acorde con la calidad del servicio brindado, puedes traer tu vehículo y quedarás muy satisfecho.<br><br>28 de noviembre de 2023 por innecesariofinal75<br>Mecánico de automóviles integral con escáner.<br>Cambio de Frenos, Baterías, Escanear el Auto y más. Solo habla español pero es muy útil. No nos fastidies... nos dijo que no necesitamos cambiar las pastillas de freno, todavía están en buen estado. Funcionó de inmediato y no nos dejó esperar. Nos ofreció sillas para sentarnos y un espíritu frío. El mejor mecánico en 4 años de viaje. Posibilidad de entrar con coche alto, mínimo 3,50 m.<br><br>13 de octubre de 2022 por stefpoulain<br>Súper taller de reparación de 4x4, nuestros aviones tienen el chasis roto y disponible en bujía. Tres reactivos, tres buenas masas madre. Se recomienda vivir.<br><br><br><br>]]></description>
        <styleUrl>#icon-1590-0288D1</styleUrl>
<Point>
          <coordinates>
            -65.28796,-24.19118,0
          </coordinates>
        </Point>
      </Placemark>
      <Placemark>
        <name>-24.18018, -65.31935</name>
        <description><![CDATA[<br><br>30 de marzo de 2024 por DutchieDave <br>No hay ningún mecánico en esta dirección/bloque. No tengo idea de dónde debería estar.<br><br>13 de enero de 2024 por deliberatefew44 <br>Los chicos de aquí (Pablo e Ignacio) fueron de gran ayuda con las cuestiones mecánicas y autoeléctricas. Pagamos 200k pesos por aceite, filtros, cambio, escaneo y revisión de bomba.]]></description>
        <styleUrl>#icon-1590-0288D1</styleUrl>
<Point>
          <coordinates>
            -65.31935,-24.18018,0
          </coordinates>
        </Point>
      </Placemark>
      <Placemark>
        <name>-26.65111, -58.62294</name>
        <description><![CDATA[<br><br>16 de febrero de 2024 por Los viajes de los locos <br>Pequeño lugar al lado de la carretera. Personal muy amable.]]></description>
        <styleUrl>#icon-1590-0288D1</styleUrl>
<Point>
          <coordinates>
            -58.62294,-26.65111,0
          </coordinates>
        </Point>
      </Placemark>
      <Placemark>
        <name>-31.58929, -60.68619</name>
        <description><![CDATA[23 de mayo de 2024 por sakcdk <br>Pablo puede cortar e instalar ventanas planas a medida en el taller de su casa.<br><br>+54 9 342 442-4067]]></description>
        <styleUrl>#icon-1590-0288D1</styleUrl>
        <Point>
          <coordinates>
            -60.68619,-31.58929,0
          </coordinates>
        </Point>
      </Placemark>
      <Placemark>
        <name>-31.44578, -60.94200</name>
        <description><![CDATA[23 de julio de 2024 por claudiabudinio06 <br>Cambiamos el parabrisa de nuestra camioneta y el servicio es de 10, precios acordes, gran servicio y atención, rapidez para los viajeros, super recomendado!!!<br>Gran servicio y atención, rápido, buenos precios, recomendado!!!<br><br>30 de mayo de 2024 por mitreisend.com <br>Nos cambiaron el parabrisas (Citroën Jumper) por 240 USD. Buen trabajo, chicos amables. Puedes contactarlos vía WhatsApp +54 9 3496 44-6429]]></description>
        <styleUrl>#icon-1590-0288D1</styleUrl>
        <Point>
          <coordinates>
            -60.942,-31.44578,0
          </coordinates>
        </Point>
      </Placemark>
      <Placemark>
        <name>-24.82215, -65.41472</name>
        <description><![CDATA[<br><br>7 de mayo de 2024 por robertamartimm<br>Una excelente experiencia a pesar de una situación desagradable. Pocas veces nos han atendido tan bien, estuvimos 1 día en el concesionario, trabajando, nos dieron una habitación con todas las comodidades, nos preguntaron varias veces si necesitábamos algo, nos ofrecieron café, agua... un maravilloso sentimiento de bienvenida. Servicio de referencia de atención. Por parte del taller siempre nos informaron cómo iba la cosa, qué tenían que hacer y los montos involucrados. Tenemos mucho que aprender de Iveco Rani. Les agradecemos por todo en estos 2 días que estuvimos en contacto.<br><br>10 de agosto de 2023 por Hendrik<br>Vinimos aquí para el intervalo de servicio/inspección de nuestro Daily 4x4 para asegurarnos de que no hubiera sorpresas después de la Patagonia. Después del primer día, notamos que no aceptaban la caja de cambio, y que había que cambiar para este servicio según el manual. Si nos olvidamos de eso, volvimos para arreglarlo. Supongo que hicieron el mantenimiento de acuerdo con un manual Daily normal, aunque ofrecen el manual de servicio para el 4x4. Ahora, 5000 km después, se enciende la luz de "revisar pastillas de freno" porque los frenos están desgastados; Reemplazar las pastillas también habría sido parte de este intervalo de servicio. Por tanto, no ha sido modificado ni nos ha informado que está llegando al final de su vida útil. No estoy seguro de que sea una práctica común, pero ¿no es por eso que se va a realizar un servicio? Especialmente cuando el coche no está en garantía. Asegúrate de que las expectativas estén claramente establecidas cuando vayas allí, obviamente no hemos sido lo suficientemente claros sobre lo que esperamos del servicio. Además intentamos pedir un recambio a través de ellos, pero nos dijeron que era imposible. Nuestros otros regalos los solicitamos a través de la sede argentina de Iveco, lo cual fue muy fácil y sin ningún problema.<br><br>17 de mayo de 2023 por ottenweinerts.blog<br>¡Estos chicos son los mejores! Necesitamos soldar un estabilizador roto, cambiar el aceptador y el filtro y también trabajar un poco en el parachoques delantero y más. Lo llamamos por la tarde, pensamos que saldríamos a primera hora de la mañana siguiente y trabajamos en nuestra autocaravana todo el día. No pudimos terminar porque teníamos trabajo para otros clientes, así que claro, pensamos en ir a la mañana siguiente y terminarlo todo. El personal muy agradable y el garaje para autos más limpio y mejor organizado que hemos visto en Argentina. ¡Muy recomendable!<br><br>9 de diciembre de 2019 por arnaud.milner<br>Taller IVECO en Salta.<br>Especializados en camiones pero podrás viajar fácilmente con tu autocaravana (Iveco o Fiat Ducato).<br>Aquí cambiamos la aceptación del motor y los filtros del vehículo. También arreglaron el tubo de escape que quedó muy dañado en las carreteras peruanas.<br><br><br><br><br><br><br><br><br><br><br><br>]]></description>
        <styleUrl>#icon-1590-0288D1</styleUrl>
<Point>
          <coordinates>
            -65.41472,-24.82215,0
          </coordinates>
        </Point>
      </Placemark>
      <Placemark>
        <name>-24.82502, -65.37480</name>
        <description><![CDATA[<br><br>23 de julio de 2024 por maryvan.van <br>Puedo confirmar todos los comentarios positivos.<br>Muy profesionales y no muy caros para la buena calidad y atención.<br>Me cambiaron las barras de dirección, los rodamientos delanteros y traseros y me hicieron alineación láser.<br>José estuvo muy atento, me hizo llegar temprano para desmontar todo, fui a comprar los repuestos y volví a montar todo antes de las 6pm. Recibí mi fiat Ducato antes de que oscureciera para continuar el viaje.<br>Recomiendo ampliamente NSA Bridgestone<br><br>16 de agosto de 2019 por j4fun <br>Neumáticos - alineación - balanceo - frenos - suspensión - tren delantero (ver foto)<br>Hicimos revisar la pista, reparar los neumáticos y engrasar la dirección y la transmisión.<br>El taller está limpio y bien equipado, el personal es amable y competente.<br>El joven "jefe del taller" habla inglés.<br>1500Ap nos pareció muy barato.<br><br>14 de enero de 2019 por happywithoutblog <br>Servicio muy profesional y gente amable. Hice una alineación con lasertools. Garaje grande para vehículos altos. Pagué 2000 pesos argentinos por la alineación y balanceo de todas las ruedas. Tardó aproximadamente 2 horas.<br><br><br><br>]]></description>
        <styleUrl>#icon-1590-0288D1</styleUrl>
<Point>
          <coordinates>
            -65.3748,-24.82502,0
          </coordinates>
        </Point>
      </Placemark>
      <Placemark>
        <name>-24.81554, -65.39988</name>
        <description><![CDATA[<br><br>10 de mayo de 2024 por staibock <br>Mauricio es un mecánico de Kombi muy competente y preciso. Hizo que nuestro motor volviera a funcionar a la perfección y no se limitó a hacer lo mínimo, sino que hizo un esfuerzo adicional. Nos pusimos en contacto con Mauricio ya en camino a Salta y recibimos asistencia telefónica muy rápidamente. Desde entonces, siempre ha estado ahí para nosotros, respondiendo a todas nuestras preguntas con paciencia y rapidez. ¡Un tipo muy, muy agradable!<br><br>31 de enero de 2024 por infinito_bra <br>Si tienes una Kombi con un problema mecánico, no lo tendrás. Conhece bem o veículo, tem peças de reposição e um preço justo.<br>Mauricio es el nombre del mecánico y ele faz questão de ayudar no que pode.<br>Fizemos uma retífica de virabrequim, bloco e também revisamos os cabeçotes e válvulas. Excelente servicio! Um dos melhores que vas a encontrar en Argentina.<br><br>*español*<br>Si tienes un VW transportes con algún problema, acude a este mecánico. Conoce bien el vehículo, tiene recambios y un precio justo.<br><br>Mauricio es el nombre del mecánico y se encarga de ayudar en lo que puede.<br><br>Hicimos un rectificado de cigüeñal, block y también revisamos las cabezas y válvulas. Excelente servicio! De los mejores que vas a encontrar en Argentina.<br><br>2 de julio de 2023 por mojitotour.com <br>¡Mauricio es increíble!<br>Necesitaba ajustar mis válvulas, él vino al Balneario, porque el motor necesita estar frío, trajo todo, hizo el trabajo y vio cosas que otros no vieron o ignoraron.<br>Necesitaba reemplazar algunas piezas rotas, y es por eso que regresó el domingo (!) para reajustar las válvulas nuevamente después de que el motor estuviera bien establecido. ¡<br>Realmente puedo recomendarlo a él y su trabajo! 👌🏼]]></description>
        <styleUrl>#icon-1590-0288D1</styleUrl>
<Point>
          <coordinates>
            -65.39988,-24.81554,0
          </coordinates>
        </Point>
      </Placemark>
      <Placemark>
        <name>-31.41203, -64.17947</name>
        <description><![CDATA[7 de agosto de 2024 por roeltje456 <br>En esta calle/manzana se encuentran la mayoría de las tiendas de bicicletas y de mecánicos de bicicletas de la ciudad. Conté 16 tiendas. Si necesitas piezas de calidad o baratas o un mecánico, este es el lugar indicado.]]></description>
        <styleUrl>#icon-1522-558B2F</styleUrl>
        <Point>
          <coordinates>
            -64.17947,-31.41203,0
          </coordinates>
        </Point>
      </Placemark>
      <Placemark>
        <name>-31.38505, -64.27000</name>
        <description><![CDATA[<br><br>31 de agosto de 2024 por smallaction32 <br>Muy buen lugar para Combis y Bocho! Me arregló el escape de gas, revisó todo el motor y las piezas, ¡lo recomiendo encarecidamente! Richard también es muy amable, me ayudó un sábado. Puedes enviarle un WhatsApp al +54 9 3513 59‑0820]]></description>
        <styleUrl>#icon-1590-0288D1</styleUrl>
<Point>
          <coordinates>
            -64.27,-31.38505,0
          </coordinates>
        </Point>
      </Placemark>
      <Placemark>
        <name>-31.33727, -64.29056</name>
        <description><![CDATA[19 de agosto de 2024 por NuttreeonTour <br>El mejor taller de reparación de motos y autos. ¡Incluso hay un lugar genial aquí! ¡Incluso puedes guardar tu moto de forma segura durante un mes si necesitas salir de Argentina! El costo es de aproximadamente 40 dólares al mes.]]></description>
        <styleUrl>#icon-1590-0288D1</styleUrl>
        <Point>
          <coordinates>
            -64.29056,-31.33727,0
          </coordinates>
        </Point>
      </Placemark>
      <Placemark>
        <name>-31.08558, -64.49148</name>
        <description><![CDATA[<br><br>18 de julio de 2024 por dehnycolli123<br>El taller de Gastón. Funciona con tuneladora diésel. Arreglamos nuestra entrada de “escape” y arreglamos la fuga de agua. Buen servicio, lo recomendamos.<br><br>]]></description>
        <styleUrl>#icon-1590-0288D1</styleUrl>
<Point>
          <coordinates>
            -64.49148,-31.08558,0
          </coordinates>
        </Point>
      </Placemark>
      <Placemark>
        <name>-20.348170, -40.353461</name>
        <description><![CDATA[<br><br>12 de septiembre 2024 por Italo Mare                     Taller mecánico diesel en Vitoria Espíritu Santo Brasil. Muy buenos..]]></description>
        <styleUrl>#icon-1590-0288D1</styleUrl>
<Point>
          <coordinates>
            -40.353461,-20.34817,0
          </coordinates>
        </Point>
      </Placemark>
      <Placemark>
        <name>-53.79113, -67.70711</name>
        <description><![CDATA[23 de agosto de 2024 por CONTADORES NA ESTRADA - GUI & CAROL <br>Excelente atencion,buenas personas y buenos precios. taller perico muy recomendable<br><br>9 de enero de 2019 por wincklerjoana <br>Ayúdanos con nuestra vw kombi. trabajó en Volkswagen.]]></description>
        <styleUrl>#icon-1590-0288D1</styleUrl>
        <Point>
          <coordinates>
            -67.70711,-53.79113,0
          </coordinates>
        </Point>
      </Placemark>
      <Placemark>
        <name>-22.44248, -68.90055</name>
        <description><![CDATA[14 de agosto de 2024 por desertfalcon <br>Compré varias piezas de repuesto (amortiguadores delanteros, pastillas de freno) para nuestra Sprinter 4x4. No son baratas, pero se consiguen fácilmente. La gente es muy amable.<br><br>7 de mayo de 2024 por selectdeath92 <br>Repuestos:<br>Muy buena comunicación previa vía e-mail y finalmente la tramitación de los repuestos fue sencilla. Servicio amable.<br><br>Servicio técnico:<br>Tuvimos peores experiencias con el equipo de servicio técnico. Mala comunicación, reparaciones defectuosas y piezas faltantes después de la reparación. Solo se ingresó en el libro de servicio si se lo solicitaba.<br>La inspección del día siguiente la realizó otro mecánico, que finalmente encontró otro defecto que no se había descubierto/mencionado el día anterior.<br>Al menos la nueva reparación descubierta se realizó de forma gratuita. Pero en general fue bastante cara.<br>La única disculpa por todos los errores vino del segundo mecánico, que no es responsable en absoluto de ello.<br><br>-> Volveríamos a pedir piezas de repuesto, pero lamentablemente no podemos recomendar el equipo de servicio.<br><br>11 de diciembre de 2023 por Sangria175 <br>Tuvimos una experiencia muy buena con Mercedes Kaufmann. Gente amable, servicial y no tuvimos que esperar demasiado. Tuvimos problemas con el embrague de nuestro camión Mercedes. No es barato, pero así son las cosas en Mercedes :-)<br><br>20 de septiembre de 2022 por temm_e <br>Compré algunos filtros para mi sprintervan. Todo funcionó bien. Rápido y profesional.]]></description>
        <styleUrl>#icon-1590-0288D1</styleUrl>
        <Point>
          <coordinates>
            -68.90055,-22.44248,0
          </coordinates>
        </Point>
      </Placemark>
      <Placemark>
        <name>-22.44227, -68.89519</name>
        <description><![CDATA[<br><br>11 de septiembre de 2024 por catch-the-wind.com <br>Excelente tienda de repuestos para camiones. Piezas adecuadas como embragues, alternadores y motores de arranque. Muchas otras cosas útiles.]]></description>
        <styleUrl>#icon-1590-0288D1</styleUrl>
<Point>
          <coordinates>
            -68.89519,-22.44227,0
          </coordinates>
        </Point>
      </Placemark>
      <Placemark>
        <name>-22.43902, -68.89442</name>
        <description><![CDATA[<br><br>18 de julio de 2024 por coastaltenement40 <br>No pudieron ayudarnos porque tenían una lista de espera de una semana. Quizás fue un mal momento.<br><br>20 de abril de 2023 por dkphotography.ch <br>Buen concesionario de Ford (y probablemente también de Toyota). Tuvimos un problema electrónico con nuestro Ford Ranger y lo solucionaron. Muy amables y competentes. Como el trabajo terminó por la tarde, pudimos quedarnos en el auto/casa rodante en el área cercada.<br><br>29 de noviembre de 2017 por sfoto65 <br>Concesionario oficial Ford. Servicio y recambios.]]></description>
        <styleUrl>#icon-1590-0288D1</styleUrl>
<Point>
          <coordinates>
            -68.89442,-22.43902,0
          </coordinates>
        </Point>
      </Placemark>
      <Placemark>
        <name>-39.65896, -72.32804</name>
        <description><![CDATA[28 de septiembre de 2024 por thardtmann <br>Taller general con excelente atención.]]></description>
        <styleUrl>#icon-1590-0288D1</styleUrl>
        <Point>
          <coordinates>
            -72.32804,-39.65896,0
          </coordinates>
        </Point>
      </Placemark>
      <Placemark>
        <name>-39.85095, -71.94529</name>
        <description><![CDATA[11 de septiembre de 2024 por successivehistory90 <br>Buscábamos una tienda de bicicletas para que nos ayudaran con los radios rotos. Nos dijeron que Joselio es mecánico de bicicletas. Está en la casa que está frente a la oficina de turismo, a la izquierda de la farmacia.<br>No tuvo tiempo de ayudarnos en el lugar, pero nos dejó usar sus herramientas.]]></description>
        <styleUrl>#icon-1522-558B2F</styleUrl>
        <Point>
          <coordinates>
            -71.94529,-39.85095,0
          </coordinates>
        </Point>
      </Placemark>
      <Placemark>
        <name>-41.32887, -72.96378</name>
        <description><![CDATA[3 de septiembre de 2024 por Jimny <br>Excelente taller. Servicios que ofrece: Todo tipo de vehículos. Reparación de llantas. Cambios de aceite. Frenos. Alineación. Servicio de filtro DPF. y mucho más.]]></description>
        <styleUrl>#icon-1590-0288D1</styleUrl>
        <Point>
          <coordinates>
            -72.96378,-41.32887,0
          </coordinates>
        </Point>
      </Placemark>
      <Placemark>
        <name>-41.45771, -72.94308</name>
        <description><![CDATA[<br><br>9 de agosto de 2024 por koreanbull-fighter04 <br>Recomiendo mucho este lugar. Fui allí con mi Toyota Land Cruiser europeo para mantenimiento básico y resolución de problemas porque no calentaba. Se ocuparon de ello de inmediato e hicieron un trabajo increíble. Buena comunicación y precio justo. Es<br>más barato si pagas en efectivo. Puede que sea uno de los únicos mecánicos en América Latina que recomendaría con gusto.<br><br>14 de marzo de 2024 por rueckenwin.de <br>El equipo es muy servicial, conocedor y trabaja incansablemente para solucionar los problemas con su automóvil, incluso si no existen en Chile, como nuestro Citroën Jumper. Es un gran lugar para buscar ayuda, especialmente si viaja por tierra. Incluso nos permitieron dormir en su garaje para que pudiéramos visitar Scotiabank a la mañana siguiente. Pagar en efectivo nos ahorró MUCHO dinero.<br><br>12 de febrero de 2024 por rustbuckettravels <br>Mauricio y su hijo Nicolás trabajaron incansablemente para ayudarme a arreglar la barra de dirección de mi viejo Land Cruiser. Mauricio trabajó hasta altas horas de la noche e incluso ofreció su taller para dormir aunque no fuera necesario. También tienen una máquina para desbastar y revestir discos y zapatas de freno, así como una máquina para equilibrar neumáticos. Los recomendamos encarecidamente. Nicolás habla inglés con fluidez y su padre también se esfuerza por ayudar en inglés. Disfrutamos de un rico sándwich y té en su sala de descanso antes de despedirnos de ellos. El precio fue más que justo.<br><br>12 de febrero de 2024 por MartaMatiRodandoPorAmerica <br>Pudimos cambiar las pastillas de freno de un Landcruiser 79. Mauricio y su equipo hicieron un buen trabajo. Su hijo Nicolás habla inglés +56 9 8777 3758<br><br><br><br><br><br><br><br><br><br>]]></description>
        <styleUrl>#icon-1590-0288D1</styleUrl>
<Point>
          <coordinates>
            -72.94308,-41.45771,0
          </coordinates>
        </Point>
      </Placemark>
      <Placemark>
        <name>-49.30545, -67.74387</name>
        <description><![CDATA[30 de agosto de 2024 por Mafamilleabord49<br>Encontramos a este señor por casualidad frente a una estación de tren cuando tuvimos una fuga de gas en nuestro vehículo, después de unas semanas nos llevó a su casa y a reparar nuestro sistema de su tarjeta de trabajo.]]></description>
        <styleUrl>#icon-1590-0288D1</styleUrl>
        <Point>
          <coordinates>
            -67.74387,-49.30545,0
          </coordinates>
        </Point>
      </Placemark>
      <Placemark>
        <name>-45.88369, -67.52278</name>
        <description><![CDATA[<br><br>8 de octubre de 2024 por Hibiscus.nl <br>Tenemos problemas con la batería en la parte de dentro de nuestra autocaravana. Vicente tenía una autocaravana y estaba entusiasmado y nos ayudó mucho.]]></description>
        <styleUrl>#icon-1590-0288D1</styleUrl>
<Point>
          <coordinates>
            -67.52278,-45.88369,0
          </coordinates>
        </Point>
      </Placemark>
      <Placemark>
        <name>El Gringo Taller Mecanico</name>
        <styleUrl>#icon-1590-0288D1-nodesc</styleUrl>
        <Point>
          <coordinates>
            -65.4673619,-33.660615,0
          </coordinates>
        </Point>
      </Placemark>
      <Placemark>
        <name>Full Car - Electronica Automotriz</name>
        <styleUrl>#icon-1590-0288D1-nodesc</styleUrl>
        <Point>
          <coordinates>
            -65.4469076,-33.6591423,0
          </coordinates>
        </Point>
      </Placemark>
      <Placemark>
        <name>Servicio Tecnico Pagliero</name>
        <styleUrl>#icon-1590-0288D1-nodesc</styleUrl>
        <Point>
          <coordinates>
            -65.457528,-33.6629571,0
          </coordinates>
        </Point>
      </Placemark>
      <Placemark>
        <name>Encendido newton Taller de electricidad y electronica del automotor</name>
        <styleUrl>#icon-1590-0288D1-nodesc</styleUrl>
        <Point>
          <coordinates>
            -65.4483032,-33.6675603,0
          </coordinates>
        </Point>
      </Placemark>
      <Placemark>
        <name>Cooperativa de Electricidad Y Otros Serv Mercedes S Luis Ltda</name>
        <styleUrl>#icon-1590-0288D1-nodesc</styleUrl>
        <Point>
          <coordinates>
            -65.4595967,-33.6665671,0
          </coordinates>
        </Point>
      </Placemark>
      <Placemark>
        <name>GPS Taller - San Cayetano Service</name>
        <styleUrl>#icon-1590-0288D1-nodesc</styleUrl>
        <Point>
          <coordinates>
            -65.4691682,-33.6725678,0
          </coordinates>
        </Point>
      </Placemark>
      <Placemark>
        <name>Holzer</name>
        <styleUrl>#icon-1590-0288D1-nodesc</styleUrl>
        <Point>
          <coordinates>
            -65.4616846,-33.6858474,0
          </coordinates>
        </Point>
      </Placemark>
      <Placemark>
        <name>Electricidad de la Villa</name>
        <styleUrl>#icon-1590-0288D1-nodesc</styleUrl>
        <Point>
          <coordinates>
            -65.4640574,-33.6826221,0
          </coordinates>
        </Point>
      </Placemark>
      <Placemark>
        <name>Jcb Electricidad Del Automovil</name>
        <styleUrl>#icon-1590-0288D1-nodesc</styleUrl>
        <Point>
          <coordinates>
            -65.4702603,-33.6786847,0
          </coordinates>
        </Point>
      </Placemark>
      <Placemark>
        <name>DEB solución Automotriz taller</name>
        <styleUrl>#icon-1590-0288D1-nodesc</styleUrl>
        <Point>
          <coordinates>
            -65.4868824,-33.6828305,0
          </coordinates>
        </Point>
      </Placemark>
      <Placemark>
        <name>TALLER J.CASTRO</name>
        <styleUrl>#icon-1590-0288D1-nodesc</styleUrl>
        <Point>
          <coordinates>
            -65.4532819,-33.6484919,0
          </coordinates>
        </Point>
      </Placemark>
      <Placemark>
        <name>Centro de reparacion Diaz</name>
        <styleUrl>#icon-1590-0288D1-nodesc</styleUrl>
        <Point>
          <coordinates>
            -65.452611,-33.6565331,0
          </coordinates>
        </Point>
      </Placemark>
      <Placemark>
        <name>Mecanica AMODEY</name>
        <styleUrl>#icon-1590-0288D1-nodesc</styleUrl>
        <Point>
          <coordinates>
            -65.4655178,-33.6599739,0
          </coordinates>
        </Point>
      </Placemark>
      <Placemark>
        <name>Taller mecánico Gonzalez</name>
        <styleUrl>#icon-1590-0288D1-nodesc</styleUrl>
        <Point>
          <coordinates>
            -65.4715486,-33.6607558,0
          </coordinates>
        </Point>
      </Placemark>
      <Placemark>
        <name>Playa Gastón</name>
        <styleUrl>#icon-1590-0288D1-nodesc</styleUrl>
        <Point>
          <coordinates>
            -65.4831293,-33.6768392,0
          </coordinates>
        </Point>
      </Placemark>
      <Placemark>
        <name>Mecanico</name>
        <styleUrl>#icon-1590-0288D1-nodesc</styleUrl>
        <Point>
          <coordinates>
            -65.4994947,-33.7029958,0
          </coordinates>
        </Point>
      </Placemark>
      <Placemark>
        <name>Raton dynotest MECANICA AUTOMOTRIZ</name>
        <styleUrl>#icon-1590-0288D1-nodesc</styleUrl>
        <Point>
          <coordinates>
            -65.463233,-33.6903433,0
          </coordinates>
        </Point>
      </Placemark>
      <Placemark>
        <name>Taller mecánico rey de reyes</name>
        <styleUrl>#icon-1590-0288D1-nodesc</styleUrl>
        <Point>
          <coordinates>
            -65.4465865,-33.694326,0
          </coordinates>
        </Point>
      </Placemark>
      <Placemark>
        <name><![CDATA[Taller, Mecánica General "FER-JO"]]></name>
        <styleUrl>#icon-1590-0288D1-nodesc</styleUrl>
        <Point>
          <coordinates>
            -65.4286029,-33.7024899,0
          </coordinates>
        </Point>
      </Placemark>
      <Placemark>
        <name>taller mecanico adridani</name>
        <styleUrl>#icon-1590-0288D1-nodesc</styleUrl>
        <Point>
          <coordinates>
            -65.433989,-33.7091063,0
          </coordinates>
        </Point>
      </Placemark>
      <Placemark>
        <name>-35.04010532331559, -64.25229319999998</name>
        <description>14 de octubre 2024 por La Dani     https://www.instagram.com/reel/DBDpCf2umbD/?utm_source=ig_web_copy_link                           Tengo que dejarles un dataso mecánico Emilio es un pan de Dios del.universo de todos los ángeles. Está en Realicó y acá les cuento todo lo que le hizo al fitito que se la banca desde Neuquén hasta 17km antes de ahí donde se empacó …  Aca dejo su contacto  +54 9 2336 49-2234</description>
        <styleUrl>#icon-1590-0288D1</styleUrl>
        <Point>
          <coordinates>
            -64.2521054,-35.0402448,0
          </coordinates>
        </Point>
      </Placemark>
      <Placemark>
        <name>-32.436652, -63.246442</name>
        <description><![CDATA[14 de octubre 2024 por La Dani                                Gente paso taller mecánico ESPECIALISTAS EN FIAT 600 donde vamos a laburar en el mío estos días y son recontra capos y dejo el celu del dueño y la ubicación. Son F&J 600 Team   Javier GIORDANA  +54 9 3534 28-6127<br>Tucuman 1054 Villa Nueva Córdoba 5903]]></description>
        <styleUrl>#icon-1590-0288D1</styleUrl>
        <Point>
          <coordinates>
            -63.246442,-32.436652,0
          </coordinates>
        </Point>
      </Placemark>
      <Placemark>
        <name>MECÁNICA Y GOMERÍA EL OSVAL</name>
        <description>14 de octubre 2024 por Abru 🌸                                 Para quienes están por mar del tuyu, recomiendo a ese mecánico. Solucionó un problema que tuvimos con el auto en menos de un día y bastante económico</description>
        <styleUrl>#icon-1590-0288D1</styleUrl>
        <Point>
          <coordinates>
            -56.7038481,-36.5820028,0
          </coordinates>
        </Point>
      </Placemark>
      <Placemark>
        <name>-32.407608, -63.229318</name>
        <description><![CDATA[<br><br>25 de octubre 2024 por @danielabailogiordana     Buenas, si tenes que solucionar cualquier cosa con tu radiador, acá, ni lo dudes, dejo el celu y ubicación. Radiadores CORDOBA V. m Nico  +54 9 3534 12-2678      https://www.instagram.com/stories/danielabailogiordana/3486638699204608320?utm_source=ig_story_item_share&igsh=bmZwZG9leW5yMHZ0]]></description>
        <styleUrl>#icon-1590-0288D1</styleUrl>
<Point>
          <coordinates>
            -63.229318,-32.407608,0
          </coordinates>
        </Point>
      </Placemark>
      <Placemark>
        <name>-41.96834, -71.53402</name>
        <description><![CDATA[<br><br>8 de octubre de 2024 por Mafamilleabord49<br>Matteo fue muy profesional, nos llevó enseguida, desmontó el volante para buscar el problema, al día siguiente teníamos el repuesto y pudimos salir, no dudes en ir a verlo si tienes algún problema, él lo sabe. todo feria.<br>Muchas gracias de nuevo.<br><br>7 de marzo de 2024 por navpel<br>Tenemos un problema con nuestro nuevo turbo F250. Nuestras consultas duraron 3 días y Matheo hizo todo lo posible para resolverlas (no es una tarea fácil), ¡y nos registramos!<br>Una gran persona y mecánico. ¡Súper recomendado!<br><br>18 de noviembre de 2023 por raphael nussbaumer<br>No se detiene ahí, sino que después de 5 minutos deja de esperar a ser utilizado. Buen consejo y muy profesional.<br><br>septiembre 29, 2023 por rumosereno<br>¡Trabajo bueno! Gaspar es un gran profesional y una persona muy cálida. Lo mejor para nuestra kombi 2007, está muy agradecido!<br><br>8 de noviembre de 2022 por zakchase<br>Vine aquí para pedirle a alguien que me reglarara un problema con los engranajes de mi Kombi. Espero esperar unas semanas hasta que se lleve a cabo la reparación. A cambio, Gaspar decidió todo al día siguiente. Luego revise las pastillas de freno y dígame que mantenga limpias las líneas de agua y los inyectores. El servicio es rápido, profesional y justo.<br><br>19 de abril de 2022 por nico.gra.phy<br>El taller ahora se llama Big Boy Car Service y es MUY BUENO! El Jefe Gaspar es muy competente, muy amigable. Resolvió un problema importante y muchos problemas menores en poco tiempo, y nuestros otros consejos son muy útiles para evitar reparaciones más costosas. Ya hemos aparcado antes de poder pararnos en el pasto, y también en nuestro patio con total seguridad.<br>Otros visitantes más altos no son tan competentes como ellos...]]></description>
        <styleUrl>#icon-1590-0288D1</styleUrl>
<Point>
          <coordinates>
            -71.53402,-41.96834,0
          </coordinates>
        </Point>
      </Placemark>
      <Placemark>
        <name>-41.13190, -71.28907</name>
        <description><![CDATA[<br><br>4 de octubre de 2024 por Adriel Luis | @adrielviajou<br>Se quemó el motor de 12v de mi frigorífico y compré otro en el mercado.<br><br>Lo traje aquí y Holando me lo cambió.<br><br>Cuesta 70.000 pesos cambiarlo y ponerle gasolina.<br><br>Hola +542944607767]]></description>
        <styleUrl>#icon-1590-0288D1</styleUrl>
<Point>
          <coordinates>
            -71.28907,-41.1319,0
          </coordinates>
        </Point>
      </Placemark>
      <Placemark>
        <name>-41.13352, -71.28555</name>
        <description><![CDATA[<br><br>11 de octubre de 2024 por thardtmann <br>Fernando quitó la calefacción a gas Atwood de nuestra cabina Lance Legend 11'3 de 30 años e instaló un calentador diésel. Excelente trabajo y todo está funcionando perfectamente.<br><br>9 de octubre de 2024 por lesboudubouts <br>Tuve un problema con mi calentador diésel Webasto (Thermo Box Evo: para calentar el aire y el agua en mi camioneta). Fernando desmontó mi calentador y limpió la cámara de combustión... y volvió a funcionar. Es especialista en aire acondicionado, radiador...<br>Precio muy razonable. Hay un mecánico justo en la esquina que también vende repuestos. Especialista en Mercedes Sprinter<br><br>18 de noviembre de 2023 por mundodr.br <br>Comentarios sobre el trabajo realizado ayer: 1 Probamos la calefacción durante la noche y funciona bien. 2 No podemos probar el control remoto, ya que lo entregaste sin funcionar, puede que tenga la batería caducada o no, no tenemos forma de saberlo hasta que encontremos un lugar donde comprar una batería nueva y probarlo. 3 No sabemos dónde lo tocaste, lo que apagó la cámara de marcha atrás del auto (elemento de seguridad) y también afectó al bloqueo de las puertas. En resumen, solucionó el problema del frío y causó problemas de seguridad en el vehículo.<br><br>17 de noviembre de 2023 por mundodr.br <br>Instalamos un calentador de gasoil. Hicieron un buen trabajo. El costo fue en promedio un 30% más caro de lo que sería en Brasil.<br><br><br><br><br><br><br><br><br><br>]]></description>
        <styleUrl>#icon-1590-0288D1</styleUrl>
<Point>
          <coordinates>
            -71.28555,-41.13352,0
          </coordinates>
        </Point>
      </Placemark>
      <Placemark>
        <name>-29.84557, -51.15886</name>
        <description><![CDATA[<br><br>1 de noviembre de 2024 por sendero.minitrailer <br>Fabricante de remolques y autocaravanas que ofrecen ayuda a viajeros, reparaciones, conjuntos o mejoras, wifi gratis, agua potable y banheiro com chuveiro por una pequeña taxa de limpeza.<br><br>Contacto por teléfono o whatsapp +55 51 3783-5229]]></description>
        <styleUrl>#icon-1590-0288D1</styleUrl>
<Point>
          <coordinates>
            -51.15886,-29.84557,0
          </coordinates>
        </Point>
      </Placemark>
      <Placemark>
        <name>-29.44378, -49.90599</name>
        <description><![CDATA[13 de noviembre de 2024 Por Marcos Wesley <br>Mecânica Diesel furgonetas ônibus y caminhões]]></description>
        <styleUrl>#icon-1590-0288D1</styleUrl>
        <Point>
          <coordinates>
            -49.90599,-29.44378,0
          </coordinates>
        </Point>
      </Placemark>
      <Placemark>
        <name>-31.08575, -64.49151</name>
        <description><![CDATA[29 de noviembre de 2024 por hans_frueh<br>Se nos rompió el embrague de nuestro For Ranger 2.0 TDI (2019, modelo europeo). El taller lo sustituyó por uno nuevo en dos días por un precio de 1.500.000 pesos argentinos, todo incluido. Es decir, aproximadamente la mitad del precio que habríamos pagado en Suiza. El dueño del taller era un hombre muy amable y honesto. Como nuestro conocimiento del español es algo modesto, un amigo local nos ayudó por teléfono con la traducción. Pero también hay un personal joven que nos ayudó a traducir al inglés. Podemos recomendar este taller con la conciencia tranquila. Como tiene una entrada alta, es especialmente adecuado para vehículos altos como nuestra autocaravana tipo pick-up.]]></description>
        <styleUrl>#icon-1590-0288D1</styleUrl>
        <Point>
          <coordinates>
            -64.49151,-31.08575,0
          </coordinates>
        </Point>
      </Placemark>
      <Placemark>
        <name>-30.95112, -61.55550</name>
        <description><![CDATA[<br><br>11 de noviembre de 2024 por toxickamikaze60 <br>Sergio hace un gran trabajo de carrocería por un precio excelente, es muy amable y servicial. Tuvimos que hacer una pequeña reparación en nuestra camioneta e hizo un gran trabajo.<br><br><br><br><br><br>]]></description>
        <styleUrl>#icon-1590-0288D1</styleUrl>
<Point>
          <coordinates>
            -61.5555,-30.95112,0
          </coordinates>
        </Point>
      </Placemark>
      <Placemark>
        <name>-34.91824, -54.95280</name>
        <description><![CDATA[<br><br>28 de noviembre de 2024 por lucatombolini.net <br>Taller de silenciadores y escapes. Los chicos fueron muy serviciales e hicieron el trabajo rápidamente y a un precio justo. Su nombre es Alejandro +59899904265]]></description>
        <styleUrl>#icon-1590-0288D1</styleUrl>
<Point>
          <coordinates>
            -54.9528,-34.91824,0
          </coordinates>
        </Point>
      </Placemark>
      <Placemark>
        <name>-3.729740, -38.735053</name>
        <description><![CDATA[3 de febrero 2025 por Pingüino_fedeaguirre          Dejo ubicación de taller mecánico, oficina de neto, exelente atención, hacen de todo y exelente servicio y atención.                                                    Te:                                                                                  +5588999835374                                                        +5588997340270 <br>Caucaia, ceará brasil]]></description>
        <styleUrl>#icon-1590-0288D1</styleUrl>
        <Point>
          <coordinates>
            -38.735053,-3.72974,0
          </coordinates>
        </Point>
      </Placemark>
      <Placemark>
        <name>-46.43645, -67.52231</name>
        <description><![CDATA[<br><br>13 de noviembre de 2024 por ViniciusMachado <br>El mecánico Marcelo, muy atento, simpático y resolutivo rápido de nuestros problemas, recomienda que necesite ayuda con el vehículo.]]></description>
        <styleUrl>#icon-1590-0288D1</styleUrl>
<Point>
          <coordinates>
            -67.52231,-46.43645,0
          </coordinates>
        </Point>
      </Placemark>
      <Placemark>
        <name>-45.88725, -67.52844</name>
        <description><![CDATA[16 de enero de 2025 por poudredescampette.com <br>Durante nuestra visita no tuvimos muchas opciones. Fuimos a la tienda "Baterias Valdesogo" a 3 km al noreste.<br><br>9 de octubre de 2024 por Bertenmarianne <br>Aquí se venden todo tipo de baterías, también de gel. Abierto de 9:30 a 17:30 y los sábados hasta las 13:00.<br>Buen servicio y Western Union cerca .]]></description>
        <styleUrl>#icon-1899-DB4436</styleUrl>
        <Point>
          <coordinates>
            -67.52844,-45.88725,0
          </coordinates>
        </Point>
      </Placemark>
      <Placemark>
        <name>-45.88292, -67.52535</name>
        <description><![CDATA[16 de enero de 2025 por poudredescampette.com <br>No venden baterías para vehículos diésel, pero me recomendaron ir a la tienda<br>“Baterias Valdesogo” a 3 km al noreste y allí encontré una.<br><br>23 de diciembre de 2019 por amigo-on-tour <br>Necesitábamos una batería nueva. El amable personal la instaló rápidamente.<br><br>20 de febrero de 2017 por justonestep.ch <br>Un chico agradable que solo habla español. Servicio rápido.]]></description>
        <styleUrl>#icon-1590-DB4436</styleUrl>
        <Point>
          <coordinates>
            -67.52535,-45.88292,0
          </coordinates>
        </Point>
      </Placemark>
      <Placemark>
        <name>-45.87837, -67.50868</name>
        <description><![CDATA[10 de enero de 2025 por chasing.vida <br>Cometí la tontería de programar una cita para el mes equivocado. Llegué 30 días antes y estaban muy ocupados, pero aun así me ayudaron a intentar diagnosticar un ruido metálico extraño. No desapareció, pero lo intentaron y fueron extremadamente amables. Ni siquiera me cobraron la inspección, solo el litro de líquido de transmisión automática que necesitaba. Recomendado. A diferencia de otros concesionarios, estaban abiertos a trabajar en mi Transit de los EE. UU.<br><br>14 de febrero de 2023 por na_liliana <br>Concesionario Ford que trabaja con todo tipo de autos.<br>Pudieron reparar el alternador del Ford Transit Diesel canadiense ajustando el modelo nacional.]]></description>
        <styleUrl>#icon-1590-0288D1</styleUrl>
        <Point>
          <coordinates>
            -67.50868,-45.87837,0
          </coordinates>
        </Point>
      </Placemark>
      <Placemark>
        <name>-45.86897, -67.49899</name>
        <description><![CDATA[17 de enero de 2025 por poudredescampette.com <br>Buscando una batería nueva, encontramos una aquí. Hay donde elegir, pero muy pocas de marcas internacionales (como suele pasar en Argentina). Los precios son correctos para Argentina (baterías aunque las marcas locales son más caras en Argentina...). Hacen el reemplazo gratis.]]></description>
        <styleUrl>#icon-1590-DB4436</styleUrl>
        <Point>
          <coordinates>
            -67.49899,-45.86897,0
          </coordinates>
        </Point>
      </Placemark>
      <Placemark>
        <name>Sousa Diesel</name>
        <description><![CDATA[<br><br>13 de febrero 2025 por Pingüino_fedeaguirre Sousa diesel.. mecánico muy recomendable en fortin ceará<br><br>]]></description>
        <styleUrl>#icon-1590-0288D1</styleUrl>
<Point>
          <coordinates>
            -37.8173732,-4.4458336,0
          </coordinates>
        </Point>
      </Placemark>
      <Placemark>
        <name>-2.05690, -60.02998</name>
        <description><![CDATA[<br><br>27 de noviembre de 2024 por Sentidos Humanos<br>Llegamos aquí por una emergencia luego de escuchar el ruido de la junta homocinética que no estaba bien fijada en el camión. Simplemente pedimos la herramienta necesaria y Ney nos la ofreció sin dudarlo. Fue de gran ayuda y es una persona maravillosa. Merece la pena tener mecánicos como él.<br><br>11 de abril de 2024 por Kombicileiros<br>Mantenimiento de todo tipo de vehículos, autos, motos, máquinas en general.<br>Ney fue recomendado por un amigo y nos ayudó a cambiar la CV de nuestra Kombi que tuvo un problema al salir de la carretera de Lagoa Cristalina el día anterior.]]></description>
        <styleUrl>#icon-1590-0288D1</styleUrl>
<Point>
          <coordinates>
            -60.02998,-2.0569,0
          </coordinates>
        </Point>
      </Placemark>
      <Placemark>
        <name>-37.31680, -59.12347</name>
        <description><![CDATA[<br><br>4 de enero de 2025 por pabloklap <br>Reparamos nuestro Mitsubishi L300 que tenia un problema de alternador. Muy dedicados y serios. Trabajan de lunes a sábados de hasta las 20. Super recomendado.]]></description>
        <styleUrl>#icon-1590-0288D1</styleUrl>
<Point>
          <coordinates>
            -59.12347,-37.3168,0
          </coordinates>
        </Point>
      </Placemark>
      <Placemark>
        <name>-34.747909, -55.986002</name>
        <description><![CDATA[20 de febrero 2025 por Cynmarianita                      Envío información de mecánico de frenos 100% recomendado. Gente que sabe y súper honesta.<br>Haceb vehículos grandes. Tienen tornería de ser necesario. Ruben se llama]]></description>
        <styleUrl>#icon-1590-0288D1</styleUrl>
        <Point>
          <coordinates>
            -55.986002,-34.747909,0
          </coordinates>
        </Point>
      </Placemark>
      <Placemark>
        <name>-24.22736, -66.32300</name>
        <description><![CDATA[<br><br>31 de enero de 2025 por MunduroDeTontos <br>Mecánicos increíbles. Hijo y padre. Un lugar grande. Papá estaba reconstruyendo un motor de camión mientras mi hijo me ayudaba con mi trabajo.<br><br>Tuve una fuga de aceite en el sello del eje intermedio de una DRZ. Pudieron modificar un resorte para colocarlo, reemplazarlo y diagnosticar el problema.<br><br>Teléfono: (0387) 5526054<br><br>]]></description>
        <styleUrl>#icon-1590-0288D1</styleUrl>
<Point>
          <coordinates>
            -66.323,-24.22736,0
          </coordinates>
        </Point>
      </Placemark>
      <Placemark>
        <name>-34.74977, -55.70675</name>
        <description><![CDATA[10 de marzo de 2025 por thardtmann <br>Todo tipo de aceites y filtros. Incluso tenía un filtro de aceite para el Duramax diésel de 6.6 litros. ¡Excelente trabajo!]]></description>
        <styleUrl>#icon-1590-DB4436</styleUrl>
        <Point>
          <coordinates>
            -55.70675,-34.74977,0
          </coordinates>
        </Point>
      </Placemark>
      <Placemark>
        <name>-30.00449, -51.19899</name>
        <description><![CDATA[<br><br>18 de marzo de 2025 por wagnermaciel.dag <br>El mejor taller de frenos de la ciudad. Llevo muchos años trayendo aquí los coches de mi familia, incluyendo mi furgoneta. Opiniones precisas y precios justos.]]></description>
        <styleUrl>#icon-1590-0288D1</styleUrl>
<Point>
          <coordinates>
            -51.19899,-30.00449,0
          </coordinates>
        </Point>
      </Placemark>
      <Placemark>
        <name>-29.95192, -51.00006</name>
        <description><![CDATA[<br><br>23 de diciembre de 2024 por Allan Maciel <br>Mecánica especializada en 4x4, muito boa.<br><br>26 de agosto de 2020 por ikeaero <br>Taller mecánico y eléctrico todoterreno<br><br>]]></description>
        <styleUrl>#icon-1590-0288D1</styleUrl>
<Point>
          <coordinates>
            -51.00006,-29.95192,0
          </coordinates>
        </Point>
      </Placemark>
      <Placemark>
        <name>-29.77346, -57.06739</name>
        <description><![CDATA[<br><br>27 de marzo de 2025 por successfrown87<br>Totalmente recomendable. Están acostumbrados a los viajeros que pasan por allí y son increíblemente amables y serviciales, a pesar de que solo hablamos un portugués muy básico. Terminamos "viviendo y durmiendo" en mitad de la noche mientras esperábamos que llegara alguna comida extra e incluso comimos una barbacoa con ellos. Pregunte por el dueño, "O Casqueiro", cuando venga.<br><br>28 de abril de 2024 por Cazulo na Estrada<br>Personal muy agradable.<br>Pasamos una semana arreglando el motor y recibimos muy buen servicio.<br><br>10 de febrero de 2024 por denisgoedert<br>Muy buena mecanica y excelente servicio, hable con el casqueiro<br><br><br><br>]]></description>
        <styleUrl>#icon-1590-0288D1</styleUrl>
<Point>
          <coordinates>
            -57.06739,-29.77346,0
          </coordinates>
        </Point>
      </Placemark>
      <Placemark>
        <name>-29.79101, -58.04047</name>
        <description><![CDATA[<br><br>9 de enero de 2025 por Lennart <br>NO ES BROMA, ¡ESTE ES EL MEJOR MECÁNICO QUE JAMÁS ENCONTRARÁS!<br>Arreglan literalmente todo, en serio. No importa si es diésel, gasolina, furgonetas, coches, autobuses, camiones o barcos. ¡<br>Nuestra furgoneta se averió el feriado nacional, el 30 de diciembre! ¡¡¡en la Ruta 14, a 40 km!!!<br>Pacho (el dueño) incluso condujo hasta nosotros a las 10 de la noche después de que le escribiéramos un mensaje de texto por WhatsApp diciéndole que lo necesitábamos. Nos organizó un servicio de demolición para el día siguiente a las 7 de la mañana. ¡<br>Es la persona más amable del mundo!<br>Toda su familia nos acogió bajo su protección inmediatamente después de que llegamos al taller en Curuzu Cuatiá. El lugar está dirigido por Pacho y sus 3 hijos, que son todos mecánicos súper experimentados y competentes.<br>Se nos rompió una parte del motor, ¡nos organizaron la pieza que faltaba desde Buenos Aires, aunque nuestro tipo de motor ni siquiera existe en Argentina! Tienen contactos en todas partes, lo juro.<br>Como teníamos que esperar la pieza, nos invitaron a quedarnos con su enorme familia y sus adorables perros en su casa junto al garaje durante casi dos semanas. Nos recibieron amablemente durante todas las comidas; incluso nos invitaron a celebrar Año Nuevo y dos cumpleaños juntos, y nos dieron una habitación para dormir. ¡Son<br>gente muy amable!<br>Repararon nuestra furgoneta enseguida tras recibir la pieza que faltaba. Incluso cambiaron otras piezas del motor sin coste adicional. Un servicio muy profesional, rápido y económico.<br>Recomiendo totalmente ir allí.<br><br>Teléfono/WhatsApp: +54 9 3774 44-2841<br><br><br><br><br><br>]]></description>
        <styleUrl>#icon-1590-0288D1</styleUrl>
<Point>
          <coordinates>
            -58.04047,-29.79101,0
          </coordinates>
        </Point>
      </Placemark>
      <Placemark>
        <name>-32.46666, -58.47782</name>
        <description><![CDATA[27 de enero de 2025 por Ezeqqq <br>Estuve en este lugar y todo sigue igual<br><br>22 de febrero de 2018 por tosba86 <br>Mecánico de bicicletas muy bueno y servicial, con muchísimas piezas. ¡Y gente muy amable y simpática!]]></description>
        <styleUrl>#icon-1522-558B2F</styleUrl>
        <Point>
          <coordinates>
            -58.47782,-32.46666,0
          </coordinates>
        </Point>
      </Placemark>
      <Placemark>
        <name>-31.36421, -64.22461</name>
        <description><![CDATA[<br><br>18 de febrero de 2025 por HerlindeMarc <br>Para completar nuestro comentario anterior… hicieron mantenimiento, cambiaron 7,6 litros de aceite de motor, revisaron los líquidos, ajustaron la presión de los neumáticos, cambiaron los limpiaparabrisas y limpiaron el motor… por unos 100 EUR. Teléfono: (0351)482-4359. Dirección: Av. La Cordillera 3848, edificio naranja. El peso del vehículo no es un problema, pero tenga cuidado si su vehículo es muy alto.<br><br>18 de febrero de 2025 por HerlindeMarc <br>Vehículos de todas las marcas, cambio de aceite y mantenimiento general. Material y herramientas necesarios en stock. También compramos limpiaparabrisas nuevos. Nuestra autocaravana tiene una altura de 3,40 m y solo entra lo necesario para realizar el cambio de aceite; la entrada tiene una altura máxima de 3,3 m (ver foto). Muy amables y atentos. No es necesario pedir cita previa.<br><br>]]></description>
        <styleUrl>#icon-1590-0288D1</styleUrl>
<Point>
          <coordinates>
            -64.22461,-31.36421,0
          </coordinates>
        </Point>
      </Placemark>
      <Placemark>
        <name>-31.32728, -64.17625</name>
        <description><![CDATA[2 de marzo de 2025 por rsverlag <br>Unos amigos tuvieron un problema con el motor de su Iveco. Sergio y su equipo repararon el daño de forma profesional, rápida y económica. Pudieron quedarse en su autocaravana todo el tiempo y tuvieron contacto con la amable familia. Repara todo tipo de vehículos y marcas. Muy recomendable.]]></description>
        <styleUrl>#icon-1590-0288D1</styleUrl>
        <Point>
          <coordinates>
            -64.17625,-31.32728,0
          </coordinates>
        </Point>
      </Placemark>
      <Placemark>
        <name>-31.65974, -64.42160</name>
        <description><![CDATA[<br><br>14 de abril de 2025 por Bellipps <br>¡Muy servicial! Pensábamos que estábamos perdiendo aceite. Echó un vistazo rápido y nos dijo que no; ni siquiera nos cobró por su tiempo, explicaciones y consejos. Quizás tengas que gritar si la puerta está cerrada. ¡Lo recomiendo encarecidamente!<br><br>13 de octubre de 2022 por trip.sarahvan <br>¡Vasco fue maravilloso! Nos adelantó en el servicio porque éramos viajeros (es decir, solo estábamos de paso), nos cobró menos que a los otros mecánicos, hizo un trabajo excelente y nos proporcionó wifi. Además, tiene una perrita, Frederica, que es la perrita más hermosa y dulce del mundo. ❤️ ¡Lo recomendamos muchísimo!]]></description>
        <styleUrl>#icon-1590-0288D1</styleUrl>
<Point>
          <coordinates>
            -64.4216,-31.65974,0
          </coordinates>
        </Point>
      </Placemark>
      <Placemark>
        <name>-33.69243, -53.46816</name>
        <description><![CDATA[19 de febrero de 2025 por ggsa59 <br>099 750 572<br>mecánico automotriz eléctrico reparación de averías eléctricas.]]></description>
        <styleUrl>#icon-1590-0288D1</styleUrl>
        <Point>
          <coordinates>
            -53.46816,-33.69243,0
          </coordinates>
        </Point>
      </Placemark>
      <Placemark>
        <name>-3.053903, -59.975668</name>
        <description><![CDATA[3 de agosto 2025 por Rivi                                          Buenos días para quién llegué al norte de Brasil, estoy aquí en Manaos en casa de un mecánico increíble, me ha ayudado muchísimo es realmente un lugar para pasar , hacer control general de todo.<br><br>Hace refrigeración y acondiciona camper, rodantes etc...<br>Brinda toda su casa para viajeros por qué ama este mundo de viajeros.]]></description>
        <styleUrl>#icon-1590-0288D1</styleUrl>
        <Point>
          <coordinates>
            -59.975668,-3.053903,0
          </coordinates>
        </Point>
      </Placemark>
      <Placemark>
        <name>-27.463192881574198, -55.84398095181711</name>
        <description><![CDATA[9 de septiembre 2025 por Andrea de vivir.kilometro.a.kilometro<br>Mecánico general. Recomendable, sincero y buenos precios. Ramón Mecánico Garupá        +54 9 3764 32-7685]]></description>
        <styleUrl>#icon-1590-0288D1</styleUrl>
        <Point>
          <coordinates>
            -55.8439809518171,-27.4631928815742,0
          </coordinates>
        </Point>
      </Placemark>
      <Placemark>
        <name>-51.734040, -72.487329</name>
        <description>20 de noviembre 2025 por  Pinguino_federicoaguirre                                             Mecánico, lubricantes y repuestos, es rodantero se le puede escribir antes cualquier urgencia.         Pedro Ibarrola Mecanico, Puerto Natales   +56974949461</description>
        <styleUrl>#icon-1590-0288D1</styleUrl>
        <Point>
          <coordinates>
            -72.487329,-51.73404,0
          </coordinates>
        </Point>
      </Placemark>
      <Placemark>
        <name>-35.98469, -62.74191</name>
        <description><![CDATA[20 de octubre de 2025 por Junior Martins<br>Estuve aquí para un cambio de aceite y filtro. Luciana y Víctor me atendieron muy bien.]]></description>
        <styleUrl>#icon-1590-DB4436</styleUrl>
        <Point>
          <coordinates>
            -62.74191,-35.98469,0
          </coordinates>
        </Point>
      </Placemark>
      <Placemark>
        <name>Mecânica Nova Car</name>
        <description>12 de marzo 2023 por Nomadeando                       Mecánico en general, muy amable, muy recomendado, fui a hacer ver los frenos y me atendió en el acto, precios justos 🙌🏼 (Pelotas) Brasil</description>
        <styleUrl>#icon-1590-0288D1</styleUrl>
        <Point>
          <coordinates>
            -52.3483445,-31.7718741,0
          </coordinates>
        </Point>
      </Placemark>
    </Folder>
    <Folder>
      <name>Auxilios de remolque</name>
      <Placemark>
        <name>Servicio de remolques katy</name>
        <description><![CDATA[02996234956<br><br>Nombre: ]]></description>
        <styleUrl>#icon-1899-DB4436</styleUrl>
        <ExtendedData>
          <Data name="Nombre">
            <value/>
          </Data>
        </ExtendedData>
        <Point>
          <coordinates>
            -68.0879141,-40.84418,0
          </coordinates>
        </Point>
      </Placemark>
      <Placemark>
        <name>Auxilio mecánico + traslado Planet express</name>
        <description><![CDATA[<br><br>Excelente servicio. Responsable, muy recomendable .<br><br>Muy resuelto para brindar un rápido y buen servicio de ayuda mecánica en mi caso.<br><br>Nombre: 01132575833]]></description>
        <styleUrl>#icon-1899-DB4436</styleUrl>
        <ExtendedData>
          <Data name="Nombre">
            <value>01132575833</value>
          </Data>
</ExtendedData>
        <Point>
          <coordinates>
            -58.5796585,-34.425087,0
          </coordinates>
        </Point>
      </Placemark>
      <Placemark>
        <name>Auxilio Mecánico Servi-ser SRL</name>
        <description><![CDATA["Muy buena atención, se los recomiendo son buena gente"<br>"Eficientes, cumplieron con las espectativas"<br>"Vinieron rápido y me solucionaron en un ratito el problema de la batería."   03794632093 <br><br>Nombre: ]]></description>
        <styleUrl>#icon-1899-DB4436</styleUrl>
        <ExtendedData>
          <Data name="Nombre">
            <value/>
          </Data>
        </ExtendedData>
        <Point>
          <coordinates>
            -58.7694987,-27.5115217,0
          </coordinates>
        </Point>
      </Placemark>
      <Placemark>
        <name>Rescate mecanico</name>
        <description><![CDATA[Conocimiento de la profesión puesta al servicio de tu vehículo.   02646240112<br><br>Nombre: ]]></description>
        <styleUrl>#icon-1899-DB4436</styleUrl>
        <ExtendedData>
          <Data name="Nombre">
            <value/>
          </Data>
        </ExtendedData>
        <Point>
          <coordinates>
            -68.5213611,-31.473424,0
          </coordinates>
        </Point>
      </Placemark>
      <Placemark>
        <name>AUXILIO.REMOLQUES EL TANO</name>
        <description><![CDATA["Excelente servicio, rapidez, altamente recomendable!!"<br>"No atiende el teléfono"<br>"Excelente servicio llego a la hora pactada"    01142598772<br><br>Nombre: ]]></description>
        <styleUrl>#icon-1899-DB4436</styleUrl>
        <ExtendedData>
          <Data name="Nombre">
            <value/>
          </Data>
        </ExtendedData>
        <Point>
          <coordinates>
            -58.2991936,-34.7140315,0
          </coordinates>
        </Point>
      </Placemark>
      <Placemark>
        <name>Remolques Ya</name>
        <description><![CDATA[San Isidro 500, B1834 Temperley, Provincia de Buenos Aires    01166913996<br><br>Nombre: ]]></description>
        <styleUrl>#icon-1899-DB4436</styleUrl>
        <ExtendedData>
          <Data name="Nombre">
            <value/>
          </Data>
        </ExtendedData>
        <Point>
          <coordinates>
            -58.4151715,-34.7836339,0
          </coordinates>
        </Point>
      </Placemark>
      <Placemark>
        <name>Auxilio mecanico</name>
        <description><![CDATA[Nos auxilio rapidísimo, y nos sacó del dique, Super agradecido con Daniel ¡¡   0295415447818 <br><br>Nombre: ]]></description>
        <styleUrl>#icon-1899-DB4436</styleUrl>
        <ExtendedData>
          <Data name="Nombre">
            <value/>
          </Data>
        </ExtendedData>
        <Point>
          <coordinates>
            -67.1515603,-38.1514513,0
          </coordinates>
        </Point>
      </Placemark>
      <Placemark>
        <name>JYF - Mecánica a domicilio - Taller Móvil - Servicio de Remolque</name>
        <description><![CDATA["Hoy solicite el servicio , muy conforme , buena atencion , rapido y preciso."<br>"Muy buen servicio respuesta inmediata totalmente recomendable"<br>"Muy responsables con su trabajo, honestos, amables y simpaticos."    02944562138<br><br>Nombre: ]]></description>
        <styleUrl>#icon-1899-DB4436</styleUrl>
        <ExtendedData>
          <Data name="Nombre">
            <value/>
          </Data>
        </ExtendedData>
        <Point>
          <coordinates>
            -71.3117307,-40.149006,0
          </coordinates>
        </Point>
      </Placemark>
      <Placemark>
        <name>Auxilio Mecánico Milo</name>
        <description><![CDATA["Muy buena atencion puntualidad y por sobre todo muy buen precio"<br>"Muy buen servicio, atento y amable... dispuesto a ayudar... lo recomiendo!!!"<br>"Excelente servicio!!"    0280154007663<br><br>Nombre: ]]></description>
        <styleUrl>#icon-1899-DB4436</styleUrl>
        <ExtendedData>
          <Data name="Nombre">
            <value/>
          </Data>
        </ExtendedData>
        <Point>
          <coordinates>
            -65.3267855,-43.2521389,0
          </coordinates>
        </Point>
      </Placemark>
      <Placemark>
        <name>JS AUXILIO MECÁNICO WINIFREDA</name>
        <description><![CDATA[Primera Junta 685, L6313 Winifreda, La Pampa     02333406937<br><br>Nombre: ]]></description>
        <styleUrl>#icon-1899-DB4436</styleUrl>
        <ExtendedData>
          <Data name="Nombre">
            <value/>
          </Data>
        </ExtendedData>
        <Point>
          <coordinates>
            -64.2304647,-36.2257731,0
          </coordinates>
        </Point>
      </Placemark>
      <Placemark>
        <name>Auxilio A24</name>
        <description><![CDATA[Contrate este servicio hace un mes. Hoy tengo un inconveniente con el vehículo. Llame a las 16hs, me informaron que venía la grúa luego de 3hs y media, ya van 5 horas y no aparecen. Qué tipo de servicio prestan? Los voy a denunciar defensa del consumidor.    02954528494<br><br>Nombre: ]]></description>
        <styleUrl>#icon-1899-DB4436</styleUrl>
        <ExtendedData>
          <Data name="Nombre">
            <value/>
          </Data>
        </ExtendedData>
        <Point>
          <coordinates>
            -64.2807153,-36.6432931,0
          </coordinates>
        </Point>
      </Placemark>
      <Placemark>
        <name>AUXILIO MECANICO MARSHALL</name>
        <description><![CDATA[Rápido y preciso muchas gracias   02966567820<br><br>Nombre: ]]></description>
        <styleUrl>#icon-1899-DB4436</styleUrl>
        <ExtendedData>
          <Data name="Nombre">
            <value/>
          </Data>
        </ExtendedData>
        <Point>
          <coordinates>
            -69.2374628,-51.6197131,0
          </coordinates>
        </Point>
      </Placemark>
      <Placemark>
        <name>Auxilio - Remolques Colón</name>
        <description><![CDATA[<br><br>Muy seguro, el mejor auxilio de pto. Madryn, personal idóneo, y buenas unidades de transporte    02804660996<br><br>Nombre: <br><br><br><br>]]></description>
        <styleUrl>#icon-1899-DB4436</styleUrl>
        <ExtendedData>
          <Data name="Nombre">
            <value/>
          </Data>
</ExtendedData>
        <Point>
          <coordinates>
            -65.046048,-42.774077,0
          </coordinates>
        </Point>
      </Placemark>
      <Placemark>
        <name>Auxilio Mecanico Grua MC</name>
        <description><![CDATA[Muy buena atención gracias   03424068213<br><br>Nombre: ]]></description>
        <styleUrl>#icon-1899-DB4436</styleUrl>
        <ExtendedData>
          <Data name="Nombre">
            <value/>
          </Data>
        </ExtendedData>
        <Point>
          <coordinates>
            -60.7178508,-31.6617766,0
          </coordinates>
        </Point>
      </Placemark>
      <Placemark>
        <name>Aa - Auxilio El Rapido</name>
        <description><![CDATA[Excelente servicio    01149189299<br><br>Nombre: ]]></description>
        <styleUrl>#icon-1899-DB4436</styleUrl>
        <ExtendedData>
          <Data name="Nombre">
            <value/>
          </Data>
        </ExtendedData>
        <Point>
          <coordinates>
            -58.4319739,-34.6459768,0
          </coordinates>
        </Point>
      </Placemark>
      <Placemark>
        <name>GRUAS MONTOYA</name>
        <description><![CDATA["Excelente servicio, nunca te dejan en banda, muchas gracias!"<br>"Muy buen servicio, y buen trato, recomiendo 100%!!!!"<br>"Muy bien atendido y el servicio fue rapido"   01138898959<br><br>Nombre: ]]></description>
        <styleUrl>#icon-1899-DB4436</styleUrl>
        <ExtendedData>
          <Data name="Nombre">
            <value/>
          </Data>
        </ExtendedData>
        <Point>
          <coordinates>
            -58.4888506,-34.5572028,0
          </coordinates>
        </Point>
      </Placemark>
      <Placemark>
        <name>Auxilio Mecánico 24</name>
        <description><![CDATA["Muy buen servicio, puntualidad, y muy buena atención!!!"<br>"Exelente servicio y respuesta inmediata por Whatsapp"<br>"Excelente servicio y precio."    01168916149 <br><br>Nombre: ]]></description>
        <styleUrl>#icon-1899-DB4436</styleUrl>
        <ExtendedData>
          <Data name="Nombre">
            <value/>
          </Data>
        </ExtendedData>
        <Point>
          <coordinates>
            -58.4427153,-34.5963976,0
          </coordinates>
        </Point>
      </Placemark>
      <Placemark>
        <name>Auxilio Mecánico 369</name>
        <description><![CDATA[Av. Pavón 2031 3, C1248 CABA    01156421294<br><br>Nombre: ]]></description>
        <styleUrl>#icon-1899-DB4436</styleUrl>
        <ExtendedData>
          <Data name="Nombre">
            <value/>
          </Data>
        </ExtendedData>
        <Point>
          <coordinates>
            -58.3937857,-34.6265446,0
          </coordinates>
        </Point>
      </Placemark>
      <Placemark>
        <name>Auxilio Mecánico Start Engine</name>
        <description><![CDATA["Excelente servicio, puntuales, rápidos y eficientes!"<br>"Genial muchas gracias rápida la atención y cordiales"<br>"Rapido y muy buena atencion de parte de claudio el mecanico."   0111564161437 <br><br>Nombre: ]]></description>
        <styleUrl>#icon-1899-DB4436</styleUrl>
        <ExtendedData>
          <Data name="Nombre">
            <value/>
          </Data>
        </ExtendedData>
        <Point>
          <coordinates>
            -58.5122738,-34.6466101,0
          </coordinates>
        </Point>
      </Placemark>
      <Placemark>
        <name>Auxilio Mecánico Cristian Tello</name>
        <description><![CDATA[Excelente mecánico! Estuvimos de vacaciones en julio 2023 y nos resolvió el problema en poco tiempo y quedó perfecto el auto. MUY RECOMENDABLE, MUCHAS GRACIAS!!  02614966131<br><br>Nombre: ]]></description>
        <styleUrl>#icon-1899-DB4436</styleUrl>
        <ExtendedData>
          <Data name="Nombre">
            <value/>
          </Data>
        </ExtendedData>
        <Point>
          <coordinates>
            -68.8884546,-32.9995902,0
          </coordinates>
        </Point>
      </Placemark>
      <Placemark>
        <name>AUXiLiARTE 24 HS</name>
        <description><![CDATA["Muy buena atención, demora de dos horas aprox."<br>"Dicen 24hs, pero pasada las 00 no te atienden el teléfono"<br>"Estuve esperando más de 5 horas y luego no me quería llevar !"    02614305889<br><br>Nombre: ]]></description>
        <styleUrl>#icon-1899-DB4436</styleUrl>
        <ExtendedData>
          <Data name="Nombre">
            <value/>
          </Data>
        </ExtendedData>
        <Point>
          <coordinates>
            -68.808168,-32.859442,0
          </coordinates>
        </Point>
      </Placemark>
      <Placemark>
        <name>Grúas Gama - Atención 24 Hs</name>
        <description><![CDATA["Excelente servicio muy buena atención y rápidos."<br>"Excelente y muy rapidos!!"<br>"Me hicieron pagarle por adelantado el total del trabajo."     02614307018<br><br>Nombre: ]]></description>
        <styleUrl>#icon-1899-DB4436</styleUrl>
        <ExtendedData>
          <Data name="Nombre">
            <value/>
          </Data>
        </ExtendedData>
        <Point>
          <coordinates>
            -68.8354443,-32.8653117,0
          </coordinates>
        </Point>
      </Placemark>
      <Placemark>
        <name><![CDATA[Auxilio mecanico Rescate & vehicular y traslados]]></name>
        <description><![CDATA[El mejor servicio, unidad muy bien equipada<br>Super recomendable     02616656969<br><br>Nombre: ]]></description>
        <styleUrl>#icon-1899-DB4436</styleUrl>
        <ExtendedData>
          <Data name="Nombre">
            <value/>
          </Data>
        </ExtendedData>
        <Point>
          <coordinates>
            -68.8182344,-32.9104427,0
          </coordinates>
        </Point>
      </Placemark>
      <Placemark>
        <name>Remol-car - Auxilio 24 Hs</name>
        <description><![CDATA["Me atendieron al primer llamado, la grúa llegó rapidísimo."<br>"Bastante maleducada la persona que te atiende por teléfono."     02614548819<br><br>Nombre: ]]></description>
        <styleUrl>#icon-1899-DB4436</styleUrl>
        <ExtendedData>
          <Data name="Nombre">
            <value/>
          </Data>
        </ExtendedData>
        <Point>
          <coordinates>
            -68.8534926,-32.911528,0
          </coordinates>
        </Point>
      </Placemark>
      <Placemark>
        <name>Sia - Auxilio Mecánico y Traslado</name>
        <description><![CDATA[Unos irresponsables llamé a las 12 del mediodía para contratar un servicio de remolque para la tarde a las 17:30hrs. Me tomaron todos los datos y me dijeron que quedaba agendada. Pero al pasar las horas, y al l ver que no llegaban los llamé y me dijeron que no tenían grúas disponibles y que debía esperar 40 minutos o más para el servicio de traslado. Me hicieron perder y el tiempo y el turno en el taller a dónde debía llevar mi vehículo . Podría haber coordinado con otra empresa más seria y profesional. No tiende ni respeto ni palabra.     02613840960<br><br>Nombre: ]]></description>
        <styleUrl>#icon-1899-DB4436</styleUrl>
        <ExtendedData>
          <Data name="Nombre">
            <value/>
          </Data>
        </ExtendedData>
        <Point>
          <coordinates>
            -68.823334,-32.8979714,0
          </coordinates>
        </Point>
      </Placemark>
      <Placemark>
        <name>Auxilio Labarta</name>
        <description><![CDATA["Muy buena atención,rápida y eficaz."<br>"Muy buena y rapida atencion"    02615102420<br><br>Nombre: ]]></description>
        <styleUrl>#icon-1899-DB4436</styleUrl>
        <ExtendedData>
          <Data name="Nombre">
            <value/>
          </Data>
        </ExtendedData>
        <Point>
          <coordinates>
            -68.850658,-32.919183,0
          </coordinates>
        </Point>
      </Placemark>
      <Placemark>
        <name>Gruas en mendoza</name>
        <description><![CDATA[Estrada 230 departamento 2, M5500 Ciudad 4ta Oeste, Mendoza     02612731830<br><br>Nombre: ]]></description>
        <styleUrl>#icon-1899-DB4436</styleUrl>
        <ExtendedData>
          <Data name="Nombre">
            <value/>
          </Data>
        </ExtendedData>
        <Point>
          <coordinates>
            -68.8356918,-32.8647638,0
          </coordinates>
        </Point>
      </Placemark>
      <Placemark>
        <name>AUXILIO GAMA - AUXILIO MECANICO - GRUA - REMOLQUE - AUTO - MOTO</name>
        <description><![CDATA["Excelente servicio, atienden las 24 horas y el precio es perfectamente acorde."<br>"Muy buen servicio, rápidos y muy atentos."<br>"Confiables, responsables y super recomendables."     02615468497<br><br>Nombre: ]]></description>
        <styleUrl>#icon-1899-DB4436</styleUrl>
        <ExtendedData>
          <Data name="Nombre">
            <value/>
          </Data>
        </ExtendedData>
        <Point>
          <coordinates>
            -68.8353567,-32.865314,0
          </coordinates>
        </Point>
      </Placemark>
      <Placemark>
        <name>AUXILIO CORDOBA 24 HS</name>
        <description><![CDATA["Excelente servicio, puntualidad y cordialidad."<br>"Vienen muy rapido y muy amables!."<br>"Nunca atienden en la madrugada por una emergencia"    03516197443<br><br>Nombre: ]]></description>
        <styleUrl>#icon-1899-DB4436</styleUrl>
        <ExtendedData>
          <Data name="Nombre">
            <value/>
          </Data>
        </ExtendedData>
        <Point>
          <coordinates>
            -64.1929605,-31.3621999,0
          </coordinates>
        </Point>
      </Placemark>
      <Placemark>
        <name>AUXILIO MATCH</name>
        <description><![CDATA["Excelentes me atendieron como una reina muchas gracias<br>"Te cobran lo que quieren sin factura."<br>"Excelente servicio, cumplen en horario!"     03514702130<br><br>Nombre: ]]></description>
        <styleUrl>#icon-1899-DB4436</styleUrl>
        <ExtendedData>
          <Data name="Nombre">
            <value/>
          </Data>
        </ExtendedData>
        <Point>
          <coordinates>
            -64.1761261,-31.3653604,0
          </coordinates>
        </Point>
      </Placemark>
      <Placemark>
        <name>Auxilio Agata</name>
        <description><![CDATA["Excelente servicio, muy profesional y puntual"<br>"Muy buen servicio, puntual y muy amable!!!"    03515232614<br><br>Nombre: ]]></description>
        <styleUrl>#icon-1899-DB4436</styleUrl>
        <ExtendedData>
          <Data name="Nombre">
            <value/>
          </Data>
        </ExtendedData>
        <Point>
          <coordinates>
            -64.1885798,-31.378249,0
          </coordinates>
        </Point>
      </Placemark>
      <Placemark>
        <name>AUXILIO CORDOBA 24 HS</name>
        <description><![CDATA["Excelente servicio, vinieron antes de lo que dijeron."<br>"Segun ellos ofrecen 24 horas y no atienden el teléfono..."<br>"Totalmente recomendable!"    03516197443<br><br>Nombre: ]]></description>
        <styleUrl>#icon-1899-DB4436</styleUrl>
        <ExtendedData>
          <Data name="Nombre">
            <value/>
          </Data>
        </ExtendedData>
        <Point>
          <coordinates>
            -64.1810376,-31.3840406,0
          </coordinates>
        </Point>
      </Placemark>
      <Placemark>
        <name>Gruas en Cordoba LA DOCTA 24 horas</name>
        <description><![CDATA["Excelente atención , excelente servicio 100% recomendables"<br>"Buen servicio , y puntualidad"<br>"Cinco estrellas, espero no necesitarlo nunca, pero si lo necesito, no lo dudo."    03518575075<br><br>Nombre: ]]></description>
        <styleUrl>#icon-1899-DB4436</styleUrl>
        <ExtendedData>
          <Data name="Nombre">
            <value/>
          </Data>
        </ExtendedData>
        <Point>
          <coordinates>
            -64.1606374,-31.3829947,0
          </coordinates>
        </Point>
      </Placemark>
      <Placemark>
        <name>Auxilio Mecanico Sol</name>
        <description><![CDATA[Excelente servicio llegaron super rápido y me solucionaron todo con mucha amabilidad.Gracias!   03516095078<br><br>Nombre: ]]></description>
        <styleUrl>#icon-1899-DB4436</styleUrl>
        <ExtendedData>
          <Data name="Nombre">
            <value/>
          </Data>
        </ExtendedData>
        <Point>
          <coordinates>
            -64.180644,-31.4132266,0
          </coordinates>
        </Point>
      </Placemark>
      <Placemark>
        <name>Cor-gru Auxilio - 24 Hs</name>
        <description><![CDATA["Excelente servicio, con el horario , traslado ,recomendable 100 %"<br>"Me gustó el servicio, me faltó la factura ☹️"    03514872162<br><br>Nombre: ]]></description>
        <styleUrl>#icon-1899-DB4436</styleUrl>
        <ExtendedData>
          <Data name="Nombre">
            <value/>
          </Data>
        </ExtendedData>
        <Point>
          <coordinates>
            -64.1911182,-31.4280655,0
          </coordinates>
        </Point>
      </Placemark>
      <Placemark>
        <name>Remol·Car Remolques 24 hs. Asistencia Mecánica de autos. Traslados</name>
        <description><![CDATA["Muy buen servicio, llegó a horario, buen trabajo y buen trato<br>"100% recomendable...muy buena atencion y llego rapido"<br>"Excelente atención, puntualidad y un precio inmejorable."    03512393290<br><br>Nombre: ]]></description>
        <styleUrl>#icon-1899-DB4436</styleUrl>
        <ExtendedData>
          <Data name="Nombre">
            <value/>
          </Data>
        </ExtendedData>
        <Point>
          <coordinates>
            -64.1801208,-31.4252152,0
          </coordinates>
        </Point>
      </Placemark>
      <Placemark>
        <name>AUXILIO EN CORDOBA MARTINUZZI 24 hs</name>
        <description><![CDATA["Excelente servicio, muy amables , rápidos y efectivos gracias"<br>"Muy buen servicio puntualidad me solucionaron el problema gracias sigan haci ñ"<br>"Son rapido,responsables,amables recomendado   03514037536<br><br>Nombre: ]]></description>
        <styleUrl>#icon-1899-DB4436</styleUrl>
        <ExtendedData>
          <Data name="Nombre">
            <value/>
          </Data>
        </ExtendedData>
        <Point>
          <coordinates>
            -64.1497326,-31.438875,0
          </coordinates>
        </Point>
      </Placemark>
      <Placemark>
        <name>AUXILIO CORDOBA 24 HS</name>
        <description><![CDATA["Excelente servicio, puntualidad y cordialidad."<br>"Vienen muy rapido y muy amables!."<br>"Nunca atienden en la madrugada por una emergencia"  03516197443<br><br>Nombre: ]]></description>
        <styleUrl>#icon-1899-DB4436</styleUrl>
        <ExtendedData>
          <Data name="Nombre">
            <value/>
          </Data>
        </ExtendedData>
        <Point>
          <coordinates>
            -64.1929605,-31.3621999,0
          </coordinates>
        </Point>
      </Placemark>
      <Placemark>
        <name>Auxilio chamorro</name>
        <description><![CDATA["Muy buen servicio, buen trato y lo mejor vinieron apenas los llame"<br>"Puntualidad, buena atención, motivos suficientes para ser recomendados."<br>"Rápidos en llegar y solucionar los problemas ."    03517518000<br><br>Nombre: ]]></description>
        <styleUrl>#icon-1899-DB4436</styleUrl>
        <ExtendedData>
          <Data name="Nombre">
            <value/>
          </Data>
        </ExtendedData>
        <Point>
          <coordinates>
            -64.1820641,-31.3518965,0
          </coordinates>
        </Point>
      </Placemark>
      <Placemark>
        <name>Servicio de Auxilio Pesado Claudio</name>
        <description><![CDATA[Yo no contraté el servicio. Pero el pelado que estuvo en Mariotte 5460 hoy martes 08 de agosto del 23, es "un gorriado". Insulta a la gente. Lamentable.<br><br>Siendo extranjeros nos cobró una cantidad MUY por encima de lo habitual. Por si fuera poco, nos rayó el vehículo en el desplazamiento. Una auténtica estafa.       03515148618<br><br>Nombre: ]]></description>
        <styleUrl>#icon-1899-DB4436</styleUrl>
        <ExtendedData>
          <Data name="Nombre">
            <value/>
          </Data>
        </ExtendedData>
        <Point>
          <coordinates>
            -64.28333,-31.300085,0
          </coordinates>
        </Point>
      </Placemark>
      <Placemark>
        <name>Auxilio y taller mecánico Segura</name>
        <description><![CDATA["Servicio excelente puntualidad servicio y precio...!!"<br>"Cumplimiento y muy buenos precios"<br>"Excelente atención ¡¡¡¡"  03516315255<br><br>Nombre: ]]></description>
        <styleUrl>#icon-1899-DB4436</styleUrl>
        <ExtendedData>
          <Data name="Nombre">
            <value/>
          </Data>
        </ExtendedData>
        <Point>
          <coordinates>
            -64.2943296,-31.3008363,0
          </coordinates>
        </Point>
      </Placemark>
      <Placemark>
        <name>Grúas Auxilio Bialet Masse</name>
        <description><![CDATA["Excelente servicio, su propietario amable y servicial."<br>"Responden Rapido y cumplen con los tiempos pautados, atienden cordialmente."<br>"Gracias por ser tan responsables y eficientes."    0351156663635<br><br>Nombre: ]]></description>
        <styleUrl>#icon-1899-DB4436</styleUrl>
        <ExtendedData>
          <Data name="Nombre">
            <value/>
          </Data>
        </ExtendedData>
        <Point>
          <coordinates>
            -64.4620281,-31.3142759,0
          </coordinates>
        </Point>
      </Placemark>
      <Placemark>
        <name>Grúas Rally Sport</name>
        <description><![CDATA["Muy buena atención puntualidad y eficacia en el trabajo!"<br>"Súper recomendables,excelente atención"<br>"Además luego de eso siempre me ayudó cada vez que fui a molestarlo..."    0294154666416<br><br>Nombre: ]]></description>
        <styleUrl>#icon-1899-DB4436</styleUrl>
        <ExtendedData>
          <Data name="Nombre">
            <value/>
          </Data>
        </ExtendedData>
        <Point>
          <coordinates>
            -71.5368188,-41.9522095,0
          </coordinates>
        </Point>
      </Placemark>
      <Placemark>
        <name>Taller y Remolques PATAGONIA</name>
        <description><![CDATA["Muchas gracias Oscar nos ayudaste mucho en nuestro accidente."<br>"Super recomendamos a gente como ellos, ojala les vuelva el triple de lo que dan."<br>"Muy buena atención y respuesta a los problemas..."   02942666494<br><br>Nombre: ]]></description>
        <styleUrl>#icon-1899-DB4436</styleUrl>
        <ExtendedData>
          <Data name="Nombre">
            <value/>
          </Data>
        </ExtendedData>
        <Point>
          <coordinates>
            -70.0801425,-40.0495241,0
          </coordinates>
        </Point>
      </Placemark>
      <Placemark>
        <name>AG Auxilio Mecanico</name>
        <description><![CDATA["Exelentes servicios muy buena atención."<br>"Gracias por la revisión al palio blanco a mi mamá."<br>"Rápido atencion, buen servicio"     02364520715<br><br>Nombre: ]]></description>
        <styleUrl>#icon-1899-DB4436</styleUrl>
        <ExtendedData>
          <Data name="Nombre">
            <value/>
          </Data>
        </ExtendedData>
        <Point>
          <coordinates>
            -60.9406656,-34.5655614,0
          </coordinates>
        </Point>
      </Placemark>
      <Placemark>
        <name>Auxilio Mecanico 24 hs</name>
        <description><![CDATA[Se nos rompió el auto en la ruta un Domingo volviendo a Bs As y Matias nos resolvió el problema con mucho profesionalismo y predisposición. Súper recomendable!!    03537591481<br><br>Nombre: ]]></description>
        <styleUrl>#icon-1899-DB4436</styleUrl>
        <ExtendedData>
          <Data name="Nombre">
            <value/>
          </Data>
        </ExtendedData>
        <Point>
          <coordinates>
            -62.6811979,-32.6184738,0
          </coordinates>
        </Point>
      </Placemark>
      <Placemark>
        <name>Auxilio Mecanico VAS (Laprida- Lamadrid)</name>
        <description><![CDATA[Benito Martinez 1386 . Taller Vas repuestos auxilio con camilla transporte con carretón para llevar colectivos y camiones                                "Muy recomendables, muy responsables, todo el personal."<br>"Excelente atención.."      0228415664395<br><br>Nombre: Cristian Valdez]]></description>
        <styleUrl>#icon-1899-DB4436</styleUrl>
        <ExtendedData>
          <Data name="Nombre">
            <value>Cristian Valdez</value>
          </Data>
        </ExtendedData>
        <Point>
          <coordinates>
            -60.7949859,-37.5431477,0
          </coordinates>
        </Point>
      </Placemark>
      <Placemark>
        <name>Taller y auxilio mecánico Agustin</name>
        <description><![CDATA[<br><br>Antonio Fernandez 674, Gdor. Gregores, Santa Cruz     02966529597<br><br>Nombre: ]]></description>
        <styleUrl>#icon-1899-DB4436</styleUrl>
        <ExtendedData>
          <Data name="Nombre">
            <value/>
          </Data>
</ExtendedData>
        <Point>
          <coordinates>
            -70.2460271,-48.7472682,0
          </coordinates>
        </Point>
      </Placemark>
      <Placemark>
        <name>Remolques Lucas</name>
        <description><![CDATA["Excelente servicio, llame y en media hora tenia la grua."<br>"Puntualidad, buen trato y buen precio."<br>"Son muy eficientes, confiables y cumplieron en tiempo y forma con lo acordado."      02236889700<br><br>Nombre: ]]></description>
        <styleUrl>#icon-1899-DB4436</styleUrl>
        <ExtendedData>
          <Data name="Nombre">
            <value/>
          </Data>
        </ExtendedData>
        <Point>
          <coordinates>
            -57.5882069,-37.9869078,0
          </coordinates>
        </Point>
      </Placemark>
      <Placemark>
        <name>Auxilio Mecanico Remol-Car Gruas</name>
        <description><![CDATA["Excelente servicio y atención!"<br>"Muy Buena atención Don mario"  03624432100  <br><br>Nombre: ]]></description>
        <styleUrl>#icon-1899-DB4436</styleUrl>
        <ExtendedData>
          <Data name="Nombre">
            <value/>
          </Data>
        </ExtendedData>
        <Point>
          <coordinates>
            -59.00591,-27.446024,0
          </coordinates>
        </Point>
      </Placemark>
      <Placemark>
        <name>remolque Auxilio KD</name>
        <description><![CDATA["Excelente servicio, fueron muy puntuales y muy cordiales."<br>"Excelente servicio y puntualidad."   02994672849 <br><br>Nombre: ]]></description>
        <styleUrl>#icon-1899-DB4436</styleUrl>
        <ExtendedData>
          <Data name="Nombre">
            <value/>
          </Data>
        </ExtendedData>
        <Point>
          <coordinates>
            -68.0659582,-38.963364,0
          </coordinates>
        </Point>
      </Placemark>
      <Placemark>
        <name>Remolques Bracalente</name>
        <description><![CDATA[Muy reaponsables. Excelente servicio. 02996353721 <br><br>Nombre: ]]></description>
        <styleUrl>#icon-1899-DB4436</styleUrl>
        <ExtendedData>
          <Data name="Nombre">
            <value/>
          </Data>
        </ExtendedData>
        <Point>
          <coordinates>
            -67.9897756,-38.9326268,0
          </coordinates>
        </Point>
      </Placemark>
      <Placemark>
        <name>Servicios Oscar</name>
        <description><![CDATA["Excelente servicio y trato personal."<br>"Muy buen servicio, puntuales, recomendable"<br>"Excelente servicios muy responsables"  02994206534<br><br>Nombre: ]]></description>
        <styleUrl>#icon-1899-DB4436</styleUrl>
        <ExtendedData>
          <Data name="Nombre">
            <value/>
          </Data>
        </ExtendedData>
        <Point>
          <coordinates>
            -68.0418771,-38.952571,0
          </coordinates>
        </Point>
      </Placemark>
      <Placemark>
        <name>AUXILIO MECANICO REMOLQUES EL TROMPA DEL SUR</name>
        <description><![CDATA["Buena atención, se recomienda ampliamente"<br>"Pesimo servicio, 2 horas esperando para que no se hagan cargo, no lo recomiendo"<br>"Muy buen servicio pero el costo es elevado para mis ingresos"  02974487170<br><br>Nombre: ]]></description>
        <styleUrl>#icon-1899-DB4436</styleUrl>
        <ExtendedData>
          <Data name="Nombre">
            <value/>
          </Data>
        </ExtendedData>
        <Point>
          <coordinates>
            -67.5232083,-45.8769564,0
          </coordinates>
        </Point>
      </Placemark>
      <Placemark>
        <name>AUSTRAL REMOLQUES</name>
        <description><![CDATA[Cap. Krause 33, U9001 Comodoro Rivadavia, Chubut     0297155294737<br><br>Nombre: ]]></description>
        <styleUrl>#icon-1899-DB4436</styleUrl>
        <ExtendedData>
          <Data name="Nombre">
            <value/>
          </Data>
        </ExtendedData>
        <Point>
          <coordinates>
            -67.4842142,-45.8409945,0
          </coordinates>
        </Point>
      </Placemark>
      <Placemark>
        <name>Auxilio mecánico cafayate SIC</name>
        <description><![CDATA["Excelente servicio!!"<br>"Buena atención, trabajos entregados de inmediato"<br>"Perfecto,rápido, seguro,precio razonable."    03868638975<br><br>Nombre: ]]></description>
        <styleUrl>#icon-1899-DB4436</styleUrl>
        <ExtendedData>
          <Data name="Nombre">
            <value/>
          </Data>
        </ExtendedData>
        <Point>
          <coordinates>
            -65.9742395,-26.0703023,0
          </coordinates>
        </Point>
      </Placemark>
      <Placemark>
        <name><![CDATA[Metalúrgica el welder "auxilio mecánico"]]></name>
        <description><![CDATA[GRACIAS TOTALES DAMIAN, chocamos una liebre rompiendo todo el radiador, al comienzo de nuestras vacaciones. Dos días de tristeza y desesperación tan lejos de casa. Cuando creímos todo perdido, apareció Damián con toda la buena onda del mundo ayudándonos en todo sentido no solo con el auto. Trabajamos durante dos días con mucha fe. Agradecemos tanto tu trabajo y predisposición que lo vamos recomendar toda la vida. Llegamos a calafate, el chalten e hicimos toda la costa de regreso a cordoba, LLEGAMOS 10 PUNTOS, YA TIENES DOS AMIGOS CORDOBECESES!!! Un gran saludo y muchos éxitos!! Agradecidos para siempre, saludos a lola y a tu madre que también nos recibió con mucha amabilidad! Alexis y Paula    02966498279 <br><br>Nombre: ]]></description>
        <styleUrl>#icon-1899-DB4436</styleUrl>
        <ExtendedData>
          <Data name="Nombre">
            <value/>
          </Data>
        </ExtendedData>
        <Point>
          <coordinates>
            -70.264938,-48.7476095,0
          </coordinates>
        </Point>
      </Placemark>
      <Placemark>
        <name>Taller y auxilio mecánico Agustin</name>
        <description><![CDATA[Antonio Fernandez 674, Gdor. Gregores, Santa Cruz    02966529597<br><br>Nombre: ]]></description>
        <styleUrl>#icon-1899-DB4436</styleUrl>
        <ExtendedData>
          <Data name="Nombre">
            <value/>
          </Data>
        </ExtendedData>
        <Point>
          <coordinates>
            -70.2460271,-48.7472682,0
          </coordinates>
        </Point>
      </Placemark>
      <Placemark>
        <name><![CDATA[Taller Y Auxilio Mecanico "El Sordo Motorsport"]]></name>
        <description><![CDATA["Un excelente taller y muy buena atención<br>"Me inflo la bici, y hay un colorado muy lindo"<br>"Excelente atención y buen precio"  02974434313<br><br>Nombre: ]]></description>
        <styleUrl>#icon-1899-DB4436</styleUrl>
        <ExtendedData>
          <Data name="Nombre">
            <value/>
          </Data>
        </ExtendedData>
        <Point>
          <coordinates>
            -67.5200351,-46.4419856,0
          </coordinates>
        </Point>
      </Placemark>
      <Placemark>
        <name>Auxilio Mecanico Posadas</name>
        <description><![CDATA[03764398009<br><br>Nombre: ]]></description>
        <styleUrl>#icon-1899-DB4436</styleUrl>
        <ExtendedData>
          <Data name="Nombre">
            <value/>
          </Data>
        </ExtendedData>
        <Point>
          <coordinates>
            -55.9508797,-27.429943,0
          </coordinates>
        </Point>
      </Placemark>
      <Placemark>
        <name>El Francés auxilio mecanico</name>
        <description><![CDATA[Dice 24 hs, llame a las 2 de la madrugada, llame a las 9 de la mañana y llame al mediodía ninguna de esas me atendieron.. la verdad un muy mal servicio...   03764124468<br><br>Nombre: ]]></description>
        <styleUrl>#icon-1899-DB4436</styleUrl>
        <ExtendedData>
          <Data name="Nombre">
            <value/>
          </Data>
        </ExtendedData>
        <Point>
          <coordinates>
            -55.9353331,-27.4024844,0
          </coordinates>
        </Point>
      </Placemark>
      <Placemark>
        <name>Auxilio SK</name>
        <description><![CDATA[Av. Quaranta 3837, N3300 Posadas, Misiones  03764102964<br><br>Nombre: ]]></description>
        <styleUrl>#icon-1899-DB4436</styleUrl>
        <ExtendedData>
          <Data name="Nombre">
            <value/>
          </Data>
        </ExtendedData>
        <Point>
          <coordinates>
            -55.9192013,-27.4029631,0
          </coordinates>
        </Point>
      </Placemark>
      <Placemark>
        <name>Gruas en Posadas</name>
        <description><![CDATA[Excelente servicio! Lo llame y contesto inmediatamente, súper recomendable 💪…     03764794284<br><br>Nombre: ]]></description>
        <styleUrl>#icon-1899-DB4436</styleUrl>
        <ExtendedData>
          <Data name="Nombre">
            <value/>
          </Data>
        </ExtendedData>
        <Point>
          <coordinates>
            -55.9401492,-27.3934728,0
          </coordinates>
        </Point>
      </Placemark>
      <Placemark>
        <name>HR auxilios</name>
        <description><![CDATA["Solo queda agradecer por el excelente servicio y calidad humana."<br>"Altamente recomendable"<br>"Excelente y buen servicio"    03764713232<br><br>Nombre: ]]></description>
        <styleUrl>#icon-1899-DB4436</styleUrl>
        <ExtendedData>
          <Data name="Nombre">
            <value/>
          </Data>
        </ExtendedData>
        <Point>
          <coordinates>
            -55.8980556,-27.3757804,0
          </coordinates>
        </Point>
      </Placemark>
      <Placemark>
        <name>Kral Auxilio Mecanico</name>
        <description><![CDATA["Excelente servicio, rápido, efectivo y profesional"<br>"Unos genios... super gestivos... trámite rapidisimo... recomendables 100%"   03764737649<br><br>Nombre: ]]></description>
        <styleUrl>#icon-1899-DB4436</styleUrl>
        <ExtendedData>
          <Data name="Nombre">
            <value/>
          </Data>
        </ExtendedData>
        <Point>
          <coordinates>
            -55.9020841,-27.4080512,0
          </coordinates>
        </Point>
      </Placemark>
      <Placemark>
        <name>Auxilio en ruta</name>
        <description><![CDATA["Excelente trabajo y buena atención."<br>"Muy recomendado excelente atención"  03764661419 <br><br>Nombre: ]]></description>
        <styleUrl>#icon-1899-DB4436</styleUrl>
        <ExtendedData>
          <Data name="Nombre">
            <value/>
          </Data>
        </ExtendedData>
        <Point>
          <coordinates>
            -55.8828518,-27.4392712,0
          </coordinates>
        </Point>
      </Placemark>
      <Placemark>
        <name>Auxilio Rapido</name>
        <description><![CDATA[Excelente atención y servicio<br>Excelente atención y cuidado del vehículo   0348215644244<br><br>Nombre: ]]></description>
        <styleUrl>#icon-1899-DB4436</styleUrl>
        <ExtendedData>
          <Data name="Nombre">
            <value/>
          </Data>
        </ExtendedData>
        <Point>
          <coordinates>
            -59.6867345,-29.1881438,0
          </coordinates>
        </Point>
      </Placemark>
      <Placemark>
        <name>Auxilio Mecanico Ya</name>
        <description><![CDATA[Rápida atención...Muy conforme  03482420896<br><br>Nombre: ]]></description>
        <styleUrl>#icon-1899-DB4436</styleUrl>
        <ExtendedData>
          <Data name="Nombre">
            <value/>
          </Data>
        </ExtendedData>
        <Point>
          <coordinates>
            -59.666,-29.15,0
          </coordinates>
        </Point>
      </Placemark>
      <Placemark>
        <name>Auxilio el hoyo</name>
        <description><![CDATA["Buenísima atención y servicio.Muchas gracias por todo!!"<br>"Recomendable, rápido y efecas, buen trato<br>"Gracias Fabian por la buena atención y predisposición."    02944716619<br><br>Nombre: ]]></description>
        <styleUrl>#icon-1899-DB4436</styleUrl>
        <ExtendedData>
          <Data name="Nombre">
            <value/>
          </Data>
        </ExtendedData>
        <Point>
          <coordinates>
            -71.5144575,-42.07021,0
          </coordinates>
        </Point>
      </Placemark>
      <Placemark>
        <name>VyV Gomeria - Lubricentro - Auxilios - Remolque</name>
        <description><![CDATA[Dice 24 horas abierto son las 22:24 y está cerrado   0297154363610<br><br>Nombre: ]]></description>
        <styleUrl>#icon-1899-DB4436</styleUrl>
        <ExtendedData>
          <Data name="Nombre">
            <value/>
          </Data>
        </ExtendedData>
        <Point>
          <coordinates>
            -69.0693692,-45.5927527,0
          </coordinates>
        </Point>
      </Placemark>
      <Placemark>
        <name>Taller mecánico y auxilio de vehículos Hermanos Chayle</name>
        <description><![CDATA["Nos atendieron,sin turno nos arreglaron nuestro vehículo ,muy atentos."<br>"Quedamos muy agradecidos con ellos."<br>"¡Muy buena atención!"   03837494469<br><br>Nombre: ]]></description>
        <styleUrl>#icon-1899-DB4436</styleUrl>
        <ExtendedData>
          <Data name="Nombre">
            <value/>
          </Data>
        </ExtendedData>
        <Point>
          <coordinates>
            -67.6194206,-27.6647852,0
          </coordinates>
        </Point>
      </Placemark>
      <Placemark>
        <name>Mecanica y Servico de Gruas Gallegos</name>
        <description><![CDATA[+56997579125<br><br>Nombre: ]]></description>
        <styleUrl>#icon-1899-DB4436</styleUrl>
        <ExtendedData>
          <Data name="Nombre">
            <value/>
          </Data>
        </ExtendedData>
        <Point>
          <coordinates>
            -72.5028697,-51.7317117,0
          </coordinates>
        </Point>
      </Placemark>
      <Placemark>
        <name>SERVICIO DE TALLER MECÁNICO Y GRÚA SERVIEXPRESS JH</name>
        <description><![CDATA[Armando Oyarzún 1098, 5700696 Castro, Los Lagos, Chile   +56981256145<br><br>Nombre: ]]></description>
        <styleUrl>#icon-1899-DB4436</styleUrl>
        <ExtendedData>
          <Data name="Nombre">
            <value/>
          </Data>
        </ExtendedData>
        <Point>
          <coordinates>
            -73.7732782,-42.4701596,0
          </coordinates>
        </Point>
      </Placemark>
      <Placemark>
        <name>AUXCAR LTDA. ** SERVICIO DE GRUA, TRANSPORTE Y RESCATE PARA VEHICULOS Y MAQUINARIAS EN TEMUCO</name>
        <description><![CDATA[<br><br>Excelente servicio y 100% confiable   +56452235630   <br><br>Nombre: ]]></description>
        <styleUrl>#icon-1899-DB4436</styleUrl>
        <ExtendedData>
          <Data name="Nombre">
            <value/>
          </Data>
</ExtendedData>
        <Point>
          <coordinates>
            -72.6211377,-38.7367376,0
          </coordinates>
        </Point>
      </Placemark>
      <Placemark>
        <name>Daxar Gruas Temuco</name>
        <description><![CDATA[<br><br>Excelente servicio, un cuidado único con los vehículos. Muy recomendable y brinda ayuda a la brevedad en caso de emergencia. Que siga así con este tipo de servicio, se agradece que traten bien a los autos.     +56957756177<br><br>Nombre: ]]></description>
        <styleUrl>#icon-1899-DB4436</styleUrl>
        <ExtendedData>
          <Data name="Nombre">
            <value/>
          </Data>
</ExtendedData>
        <Point>
          <coordinates>
            -72.5602086,-38.7176496,0
          </coordinates>
        </Point>
      </Placemark>
      <Placemark>
        <name>Grúas en Temuco</name>
        <description><![CDATA[<br><br>Excelente servicio, muy amable en todo momento, me dio seguridad y confianza. Lo recomiendo 100% por su excelente servicio, rapidez y disposición, realmente agradecida.<br>Natalia.<br><br>Nombre: +56979367238]]></description>
        <styleUrl>#icon-1899-DB4436</styleUrl>
        <ExtendedData>
          <Data name="Nombre">
            <value>+56979367238</value>
          </Data>
</ExtendedData>
        <Point>
          <coordinates>
            -72.5613724,-38.7172166,0
          </coordinates>
        </Point>
      </Placemark>
      <Placemark>
        <name>SERVIGRUA</name>
        <description><![CDATA[<br><br>Gracias SERVIGRUA una empresa realmente excelente económicos y por sobre todo responsables ! 👍…<br><br>Bien servicio cuando concretan, sin embargo falta Capacitacion en manejo de conflicto y comunicación interna para situaciones específicas.<br><br>Han dejado clientes sin grúas, incluyéndome, por procesos internos deficientes.<br><br>Nombre: +56452971515]]></description>
        <styleUrl>#icon-1899-DB4436</styleUrl>
        <ExtendedData>
          <Data name="Nombre">
            <value>+56452971515</value>
          </Data>
</ExtendedData>
        <Point>
          <coordinates>
            -72.5904313,-38.7358588,0
          </coordinates>
        </Point>
      </Placemark>
      <Placemark>
        <name>Auxilio Mecanico Gct - Remolque- Nacional e Internacional</name>
        <description><![CDATA[<br><br>"Excelente servicio y muy buena atención."<br>"Me atendieron muy bien desde la operadora hasta el chófer."<br>"Muy buena atencion y calidad de servicio"<br><br>Nombre: 02615197850]]></description>
        <styleUrl>#icon-1899-DB4436</styleUrl>
        <ExtendedData>
          <Data name="Nombre">
            <value>02615197850</value>
          </Data>
</ExtendedData>
        <Point>
          <coordinates>
            -68.788376,-32.8957306,0
          </coordinates>
        </Point>
      </Placemark>
      <Placemark>
        <name><![CDATA[J&M auxilio y traslado de vehículos]]></name>
        <description><![CDATA[<br><br>"Excelente servicio y puntualidad<br>"Solo he consultado, pero me pareció excelente la atención telefónica."              El mejor precio de 10 grúas que llamé, el señor muy amable , cumplió con los horarios y trajo mi camioneta en excelentes condiciones . Recomendable<br><br>Nombre: 02614723835]]></description>
        <styleUrl>#icon-1899-DB4436</styleUrl>
        <ExtendedData>
          <Data name="Nombre">
            <value>02614723835</value>
          </Data>
</ExtendedData>
        <Point>
          <coordinates>
            -68.8240854,-32.8822298,0
          </coordinates>
        </Point>
      </Placemark>
      <Placemark>
        <name>JB Price auxilio mecanico</name>
        <description><![CDATA[<br><br>Río Negro 2785, M5519 Mendoza<br><br>Nombre: 02615398440]]></description>
        <styleUrl>#icon-1899-DB4436</styleUrl>
        <ExtendedData>
          <Data name="Nombre">
            <value>02615398440</value>
          </Data>
</ExtendedData>
        <Point>
          <coordinates>
            -68.8146696,-32.8727728,0
          </coordinates>
        </Point>
      </Placemark>
      <Placemark>
        <name><![CDATA[Servicio de grúa y auxilio mecánico "DUFF"]]></name>
        <description><![CDATA[<br><br>Me cansé de llamar!<br>Muy buena atención<br><br>Nombre: 02617011639]]></description>
        <styleUrl>#icon-1899-DB4436</styleUrl>
        <ExtendedData>
          <Data name="Nombre">
            <value>02617011639</value>
          </Data>
</ExtendedData>
        <Point>
          <coordinates>
            -68.8375421,-32.8458854,0
          </coordinates>
        </Point>
      </Placemark>
      <Placemark>
        <name>Grúas becerra</name>
        <description><![CDATA[<br><br>Buen servicio , lo recomiendo<br><br>Excelente servicio, super puntual y amable tuve que trasladar mi auto accidentado desde las condes a independencia, 100% recomendado<br><br>Nombre: +56956228113]]></description>
        <styleUrl>#icon-1899-DB4436</styleUrl>
        <ExtendedData>
          <Data name="Nombre">
            <value>+56956228113</value>
          </Data>
</ExtendedData>
        <Point>
          <coordinates>
            -71.4888445,-33.0208181,0
          </coordinates>
        </Point>
      </Placemark>
      <Placemark>
        <name>Grúas Viña 24 horas</name>
        <description><![CDATA[<br><br>Pese a la hora y el día (domingo 22 hrs), acudieron de inmediato y con un excelente servicio<br><br>La llamé pero me dijeron en 2o3horas más no podía esperar yo pensé que eran al instantes.<br><br>Nombre: +56940485185]]></description>
        <styleUrl>#icon-1899-DB4436</styleUrl>
        <ExtendedData>
          <Data name="Nombre">
            <value>+56940485185</value>
          </Data>
</ExtendedData>
        <Point>
          <coordinates>
            -71.5562651,-33.0286525,0
          </coordinates>
        </Point>
      </Placemark>
      <Placemark>
        <name>Servicio grúa Viña</name>
        <description><![CDATA[5 Ote., 2531101 Viña del Mar, Valparaíso, Chile<br><br>Nombre: +56981312894]]></description>
        <styleUrl>#icon-1899-DB4436</styleUrl>
        <ExtendedData>
          <Data name="Nombre">
            <value>+56981312894</value>
          </Data>
        </ExtendedData>
        <Point>
          <coordinates>
            -71.5437817,-33.0180705,0
          </coordinates>
        </Point>
      </Placemark>
      <Placemark>
        <name>Grúa Autos Subterráneos Viña del Mar</name>
        <description><![CDATA[<br><br>Para nada 24hrs<br>No contesta<br><br>Nombre: +56950667819]]></description>
        <styleUrl>#icon-1899-DB4436</styleUrl>
        <ExtendedData>
          <Data name="Nombre">
            <value>+56950667819</value>
          </Data>
</ExtendedData>
        <Point>
          <coordinates>
            -71.5469784,-33.0095772,0
          </coordinates>
        </Point>
      </Placemark>
      <Placemark>
        <name>Servicio de Grúa Viña del Mar Autos y Motos</name>
        <description><![CDATA[<br><br>Sin disponibilidad<br>Para nada 24 hrs<br><br>Nombre: +56950667819]]></description>
        <styleUrl>#icon-1899-DB4436</styleUrl>
        <ExtendedData>
          <Data name="Nombre">
            <value>+56950667819</value>
          </Data>
</ExtendedData>
        <Point>
          <coordinates>
            -71.5485818,-33.0153106,0
          </coordinates>
        </Point>
      </Placemark>
      <Placemark>
        <name>Gruas Grossi</name>
        <description><![CDATA[<br><br>Les cuento a todos Ustedes que mi auto no lo toca nadie más que el Señor Grossi y su equipo, ya que son excelentes profesionales y personas , muy honestos a la hora de cobrar y te explican te enseñan y por algo su clientela la han mantenido por años. VAYAN A OJOS CERRADOS.<br><br>Espantoso, rozando lo delictual. Pedimos el Servicio de grúa, se nos señaló que eran 25 mil pesos, pero una vez enganchado el auto, de camino al destino solicitado, el malandra que conducía insistía en que eran 35 mil y que si no le pagábamos lo que pedía desenganchaba el auto no más. No recomiendo para nada está empresa.<br><br>Nombre: +56322686416]]></description>
        <styleUrl>#icon-1899-DB4436</styleUrl>
        <ExtendedData>
          <Data name="Nombre">
            <value>+56322686416</value>
          </Data>
</ExtendedData>
        <Point>
          <coordinates>
            -71.553901,-33.017066,0
          </coordinates>
        </Point>
      </Placemark>
      <Placemark>
        <name>TALLER MECANICO VEGUETTA TRASLADOS AUXILIOS</name>
        <description><![CDATA[<br><br>"Buena atencion y solucionan tu problemas del auto"<br>"Excelente Servicio ."<br>"Solucionamos el problema y nos atendieron con mucha amabilidad!!"<br><br>Excelente atención, servicio de grúa, traslado y diagnostico y reparación de Citroen C4, con falla en modulo BSI y bomba de bencina, 100% recomendable.<br><br>Nombre: 03704273441]]></description>
        <styleUrl>#icon-1899-DB4436</styleUrl>
        <ExtendedData>
          <Data name="Nombre">
            <value>03704273441</value>
          </Data>
</ExtendedData>
        <Point>
          <coordinates>
            -69.3425054,-32.6055591,0
          </coordinates>
        </Point>
      </Placemark>
      <Placemark>
        <name>Scanner automotriz traslados auxilio mecánico</name>
        <description><![CDATA[<br><br>"Excelente servicio,muy amable y siempre predispuesto,muchas gracias<br>"Ambos siempre deseosos de ayudar y serviciales."<br>"Que Dios los bendiga y los siga usando para auxiliar a pasajeros como nosotros."<br><br>Nombre: 0261155455236]]></description>
        <styleUrl>#icon-1899-DB4436</styleUrl>
        <ExtendedData>
          <Data name="Nombre">
            <value>0261155455236</value>
          </Data>
</ExtendedData>
        <Point>
          <coordinates>
            -69.3405324,-32.5872146,0
          </coordinates>
        </Point>
      </Placemark>
      <Placemark>
        <name>Lubricentro y Auxilio mecanico M.I.K</name>
        <description><![CDATA[<br><br>Nombre: ]]></description>
        <styleUrl>#icon-1899-DB4436</styleUrl>
        <ExtendedData>
          <Data name="Nombre">
            <value/>
          </Data>
        </ExtendedData>
        <Point>
          <coordinates>
            -68.0822151,-40.8401592,0
          </coordinates>
        </Point>
      </Placemark>
      <Placemark>
        <name>Taller y Auxilio Mecánico RPM</name>
        <description><![CDATA[<br><br>Nombre: ]]></description>
        <styleUrl>#icon-1899-DB4436</styleUrl>
        <ExtendedData>
          <Data name="Nombre">
            <value/>
          </Data>
        </ExtendedData>
        <Point>
          <coordinates>
            -65.079823,-40.8035699,0
          </coordinates>
        </Point>
      </Placemark>
      <Placemark>
        <name>Servicio de Remolque - Grua San Antonio de los cobres</name>
        <description><![CDATA[<br><br>Nombre: ]]></description>
        <styleUrl>#icon-1899-DB4436</styleUrl>
        <ExtendedData>
          <Data name="Nombre">
            <value/>
          </Data>
        </ExtendedData>
        <Point>
          <coordinates>
            -66.32209,-24.2226741,0
          </coordinates>
        </Point>
      </Placemark>
      <Placemark>
        <name>Auxilio felipe en ruta taller mecanico</name>
        <description><![CDATA[<br><br>Nombre: ]]></description>
        <styleUrl>#icon-1899-DB4436</styleUrl>
        <ExtendedData>
          <Data name="Nombre">
            <value/>
          </Data>
        </ExtendedData>
        <Point>
          <coordinates>
            -58.5520802,-33.0104904,0
          </coordinates>
        </Point>
      </Placemark>
      <Placemark>
        <name><![CDATA[Auxilio mecánico las 24 hs "Óscar Mesa"]]></name>
        <description><![CDATA[<br><br>Nombre: ]]></description>
        <styleUrl>#icon-1899-DB4436</styleUrl>
        <ExtendedData>
          <Data name="Nombre">
            <value/>
          </Data>
        </ExtendedData>
        <Point>
          <coordinates>
            -58.1482249,-31.4620837,0
          </coordinates>
        </Point>
      </Placemark>
      <Placemark>
        <name>Auxilio mecánico y Remolque Pablo</name>
        <description><![CDATA[<br><br>Nombre: ]]></description>
        <styleUrl>#icon-1899-DB4436</styleUrl>
        <ExtendedData>
          <Data name="Nombre">
            <value/>
          </Data>
        </ExtendedData>
        <Point>
          <coordinates>
            -60.6602115,-32.953669,0
          </coordinates>
        </Point>
      </Placemark>
      <Placemark>
        <name>Auxilio Mecanico Las 24 hs SIVOLELLA</name>
        <description><![CDATA[<br><br>Nombre: ]]></description>
        <styleUrl>#icon-1899-DB4436</styleUrl>
        <ExtendedData>
          <Data name="Nombre">
            <value/>
          </Data>
        </ExtendedData>
        <Point>
          <coordinates>
            -61.6580775,-32.0056344,0
          </coordinates>
        </Point>
      </Placemark>
      <Placemark>
        <name>AUXILIOS MECÁNICOS PESADOS 24HS</name>
        <description><![CDATA[<br><br>Nombre: ]]></description>
        <styleUrl>#icon-1899-DB4436</styleUrl>
        <ExtendedData>
          <Data name="Nombre">
            <value/>
          </Data>
        </ExtendedData>
        <Point>
          <coordinates>
            -58.4875848,-34.6708139,0
          </coordinates>
        </Point>
      </Placemark>
      <Placemark>
        <name>Auxilio Mecánico Los Melly</name>
        <description><![CDATA[<br><br>Nombre: ]]></description>
        <styleUrl>#icon-1899-DB4436</styleUrl>
        <ExtendedData>
          <Data name="Nombre">
            <value/>
          </Data>
        </ExtendedData>
        <Point>
          <coordinates>
            -61.8862183,-35.8416033,0
          </coordinates>
        </Point>
      </Placemark>
      <Placemark>
        <name>Auxilio Mecánico 24 Horas</name>
        <description><![CDATA[<br><br>Nombre: ]]></description>
        <styleUrl>#icon-1899-DB4436</styleUrl>
        <ExtendedData>
          <Data name="Nombre">
            <value/>
          </Data>
        </ExtendedData>
        <Point>
          <coordinates>
            -57.5544727,-38.0427217,0
          </coordinates>
        </Point>
      </Placemark>
      <Placemark>
        <name>El Rapido - Auxilio Mecanico 24 hs</name>
        <description><![CDATA[<br><br>Nombre: ]]></description>
        <styleUrl>#icon-1899-DB4436</styleUrl>
        <ExtendedData>
          <Data name="Nombre">
            <value/>
          </Data>
        </ExtendedData>
        <Point>
          <coordinates>
            -67.9923782,-38.9362411,0
          </coordinates>
        </Point>
      </Placemark>
      <Placemark>
        <name>Auxilio Mecanico Ruta Cero - Trelew</name>
        <description><![CDATA[<br><br>Nombre: ]]></description>
        <styleUrl>#icon-1899-DB4436</styleUrl>
        <ExtendedData>
          <Data name="Nombre">
            <value/>
          </Data>
        </ExtendedData>
        <Point>
          <coordinates>
            -65.3029609,-43.2644615,0
          </coordinates>
        </Point>
      </Placemark>
      <Placemark>
        <name>Auxilio Mecanico Gct - Remolque- Nacional e Internacional</name>
        <description><![CDATA[<br><br>Nombre: ]]></description>
        <styleUrl>#icon-1899-DB4436</styleUrl>
        <ExtendedData>
          <Data name="Nombre">
            <value/>
          </Data>
        </ExtendedData>
        <Point>
          <coordinates>
            -68.788376,-32.8957306,0
          </coordinates>
        </Point>
      </Placemark>
      <Placemark>
        <name>AUXILIO CORDOBA 24 HS</name>
        <description><![CDATA[<br><br>Nombre: ]]></description>
        <styleUrl>#icon-1899-DB4436</styleUrl>
        <ExtendedData>
          <Data name="Nombre">
            <value/>
          </Data>
        </ExtendedData>
        <Point>
          <coordinates>
            -64.1929605,-31.3621999,0
          </coordinates>
        </Point>
      </Placemark>
      <Placemark>
        <name>Auxilio mecánico villa maria</name>
        <description><![CDATA[<br><br>Nombre: ]]></description>
        <styleUrl>#icon-1899-DB4436</styleUrl>
        <ExtendedData>
          <Data name="Nombre">
            <value/>
          </Data>
        </ExtendedData>
        <Point>
          <coordinates>
            -63.221466,-32.3968664,0
          </coordinates>
        </Point>
      </Placemark>
      <Placemark>
        <name>Grua y auxilio Russo</name>
        <description><![CDATA[<br><br>Nombre: ]]></description>
        <styleUrl>#icon-1899-DB4436</styleUrl>
        <ExtendedData>
          <Data name="Nombre">
            <value/>
          </Data>
        </ExtendedData>
        <Point>
          <coordinates>
            -64.4999228,-31.3576805,0
          </coordinates>
        </Point>
      </Placemark>
      <Placemark>
        <name>Auxilio Mecánico Ruta 40</name>
        <description><![CDATA[<br><br>Nombre: ]]></description>
        <styleUrl>#icon-1899-DB4436</styleUrl>
        <ExtendedData>
          <Data name="Nombre">
            <value/>
          </Data>
        </ExtendedData>
        <Point>
          <coordinates>
            -65.195973,-26.8565955,0
          </coordinates>
        </Point>
      </Placemark>
      <Placemark>
        <name>Auxilios y remolques BMZ</name>
        <description><![CDATA[<br><br>Nombre: ]]></description>
        <styleUrl>#icon-1899-DB4436</styleUrl>
        <ExtendedData>
          <Data name="Nombre">
            <value/>
          </Data>
        </ExtendedData>
        <Point>
          <coordinates>
            -58.5223653,-34.8646678,0
          </coordinates>
        </Point>
      </Placemark>
      <Placemark>
        <name>Auxilio Mecanico 41 Lobos</name>
        <description><![CDATA[<br><br>Nombre: ]]></description>
        <styleUrl>#icon-1899-DB4436</styleUrl>
        <ExtendedData>
          <Data name="Nombre">
            <value/>
          </Data>
        </ExtendedData>
        <Point>
          <coordinates>
            -59.1155253,-35.1935172,0
          </coordinates>
        </Point>
      </Placemark>
      <Placemark>
        <name>Remolques Olavarría</name>
        <description><![CDATA[<br><br>Nombre: ]]></description>
        <styleUrl>#icon-1899-DB4436</styleUrl>
        <ExtendedData>
          <Data name="Nombre">
            <value/>
          </Data>
        </ExtendedData>
        <Point>
          <coordinates>
            -60.309769,-36.9163094,0
          </coordinates>
        </Point>
      </Placemark>
      <Placemark>
        <name>Remolques Pilar</name>
        <description><![CDATA[<br><br>Nombre: ]]></description>
        <styleUrl>#icon-1899-DB4436</styleUrl>
        <ExtendedData>
          <Data name="Nombre">
            <value/>
          </Data>
        </ExtendedData>
        <Point>
          <coordinates>
            -58.7826097,-34.4401501,0
          </coordinates>
        </Point>
      </Placemark>
      <Placemark>
        <name>auxilio plancha remolque ADJ</name>
        <description><![CDATA[<br><br>Nombre: ]]></description>
        <styleUrl>#icon-1899-DB4436</styleUrl>
        <ExtendedData>
          <Data name="Nombre">
            <value/>
          </Data>
        </ExtendedData>
        <Point>
          <coordinates>
            -58.4317153,-34.752621,0
          </coordinates>
        </Point>
      </Placemark>
      <Placemark>
        <name>LARA BEACH REMOLQUE</name>
        <description><![CDATA[<br><br>Nombre: ]]></description>
        <styleUrl>#icon-1899-DB4436</styleUrl>
        <ExtendedData>
          <Data name="Nombre">
            <value/>
          </Data>
        </ExtendedData>
        <Point>
          <coordinates>
            -57.9786206,-34.9140261,0
          </coordinates>
        </Point>
      </Placemark>
      <Placemark>
        <name>Auxilio Remolques MG</name>
        <description><![CDATA[<br><br>Nombre: ]]></description>
        <styleUrl>#icon-1899-DB4436</styleUrl>
        <ExtendedData>
          <Data name="Nombre">
            <value/>
          </Data>
        </ExtendedData>
        <Point>
          <coordinates>
            -58.345174,-34.7624355,0
          </coordinates>
        </Point>
      </Placemark>
      <Placemark>
        <name>Remolques Páez (remolques para autos y camiones capital federal Caba)</name>
        <description><![CDATA[<br><br>Nombre: ]]></description>
        <styleUrl>#icon-1899-DB4436</styleUrl>
        <ExtendedData>
          <Data name="Nombre">
            <value/>
          </Data>
        </ExtendedData>
        <Point>
          <coordinates>
            -58.4220878,-34.6376422,0
          </coordinates>
        </Point>
      </Placemark>
      <Placemark>
        <name>Remolques El Ratón.</name>
        <description><![CDATA[<br><br>Nombre: ]]></description>
        <styleUrl>#icon-1899-DB4436</styleUrl>
        <ExtendedData>
          <Data name="Nombre">
            <value/>
          </Data>
        </ExtendedData>
        <Point>
          <coordinates>
            -58.7400416,-34.5393232,0
          </coordinates>
        </Point>
      </Placemark>
      <Placemark>
        <name>Remolques Torcuato</name>
        <description><![CDATA[<br><br>Nombre: ]]></description>
        <styleUrl>#icon-1899-DB4436</styleUrl>
        <ExtendedData>
          <Data name="Nombre">
            <value/>
          </Data>
        </ExtendedData>
        <Point>
          <coordinates>
            -58.6328071,-34.4884352,0
          </coordinates>
        </Point>
      </Placemark>
      <Placemark>
        <name>Remolques El Gauchito REMOLQUES PILAR</name>
        <description><![CDATA[<br><br>Nombre: ]]></description>
        <styleUrl>#icon-1899-DB4436</styleUrl>
        <ExtendedData>
          <Data name="Nombre">
            <value/>
          </Data>
        </ExtendedData>
        <Point>
          <coordinates>
            -58.8089938,-34.4571901,0
          </coordinates>
        </Point>
      </Placemark>
      <Placemark>
        <name>Pepito - Remolques Y Transportin</name>
        <description><![CDATA[<br><br>Nombre: ]]></description>
        <styleUrl>#icon-1899-DB4436</styleUrl>
        <ExtendedData>
          <Data name="Nombre">
            <value/>
          </Data>
        </ExtendedData>
        <Point>
          <coordinates>
            -67.52754,-45.880627,0
          </coordinates>
        </Point>
      </Placemark>
      <Placemark>
        <name>AuxiliosMyM</name>
        <description><![CDATA[<br><br>Nombre: ]]></description>
        <styleUrl>#icon-1899-DB4436</styleUrl>
        <ExtendedData>
          <Data name="Nombre">
            <value/>
          </Data>
        </ExtendedData>
        <Point>
          <coordinates>
            -60.7923159,-32.6644804,0
          </coordinates>
        </Point>
      </Placemark>
      <Placemark>
        <name>MECANICA Castillo AUXILIO 24hs</name>
        <description><![CDATA[<br><br>Nombre: ]]></description>
        <styleUrl>#icon-1899-DB4436</styleUrl>
        <ExtendedData>
          <Data name="Nombre">
            <value/>
          </Data>
        </ExtendedData>
        <Point>
          <coordinates>
            -62.2333728,-38.7418583,0
          </coordinates>
        </Point>
      </Placemark>
      <Placemark>
        <name>AUXILIO 24HS</name>
        <description><![CDATA[<br><br>Nombre: ]]></description>
        <styleUrl>#icon-1899-DB4436</styleUrl>
        <ExtendedData>
          <Data name="Nombre">
            <value/>
          </Data>
        </ExtendedData>
        <Point>
          <coordinates>
            -62.187436,-38.6880049,0
          </coordinates>
        </Point>
      </Placemark>
      <Placemark>
        <name>AUXILIO MECANICO LA VELOZ</name>
        <description><![CDATA[<br><br>Nombre: ]]></description>
        <styleUrl>#icon-1899-DB4436</styleUrl>
        <ExtendedData>
          <Data name="Nombre">
            <value/>
          </Data>
        </ExtendedData>
        <Point>
          <coordinates>
            -62.2943404,-38.6790453,0
          </coordinates>
        </Point>
      </Placemark>
      <Placemark>
        <name>Auxilio El Parque</name>
        <description><![CDATA[<br><br>Nombre: ]]></description>
        <styleUrl>#icon-1899-DB4436</styleUrl>
        <ExtendedData>
          <Data name="Nombre">
            <value/>
          </Data>
        </ExtendedData>
        <Point>
          <coordinates>
            -62.2818,-38.6861344,0
          </coordinates>
        </Point>
      </Placemark>
      <Placemark>
        <name>Grua auxilio mecánico LJD</name>
        <description><![CDATA[<br><br>Nombre: ]]></description>
        <styleUrl>#icon-1899-DB4436</styleUrl>
        <ExtendedData>
          <Data name="Nombre">
            <value/>
          </Data>
        </ExtendedData>
        <Point>
          <coordinates>
            -62.2492658,-38.7165914,0
          </coordinates>
        </Point>
      </Placemark>
      <Placemark>
        <name>Auxilio Cargo</name>
        <description><![CDATA[<br><br>Nombre: ]]></description>
        <styleUrl>#icon-1899-DB4436</styleUrl>
        <ExtendedData>
          <Data name="Nombre">
            <value/>
          </Data>
        </ExtendedData>
        <Point>
          <coordinates>
            -62.282931,-38.690835,0
          </coordinates>
        </Point>
      </Placemark>
      <Placemark>
        <name>Auxilio Aguado</name>
        <description><![CDATA[<br><br>Nombre: ]]></description>
        <styleUrl>#icon-1899-DB4436</styleUrl>
        <ExtendedData>
          <Data name="Nombre">
            <value/>
          </Data>
        </ExtendedData>
        <Point>
          <coordinates>
            -62.2818943,-38.7057604,0
          </coordinates>
        </Point>
      </Placemark>
      <Placemark>
        <name>Auxilio Bahia</name>
        <description><![CDATA[<br><br>Nombre: ]]></description>
        <styleUrl>#icon-1899-DB4436</styleUrl>
        <ExtendedData>
          <Data name="Nombre">
            <value/>
          </Data>
        </ExtendedData>
        <Point>
          <coordinates>
            -62.2694549,-38.7296463,0
          </coordinates>
        </Point>
      </Placemark>
      <Placemark>
        <name>Auxilio Christian</name>
        <description><![CDATA[<br><br>Nombre: ]]></description>
        <styleUrl>#icon-1899-DB4436</styleUrl>
        <ExtendedData>
          <Data name="Nombre">
            <value/>
          </Data>
        </ExtendedData>
        <Point>
          <coordinates>
            -62.2091941,-38.729,0
          </coordinates>
        </Point>
      </Placemark>
      <Placemark>
        <name>Grua y Auxilio Mecánico - Ciucani Traslados</name>
        <description><![CDATA[<br><br>Nombre: ]]></description>
        <styleUrl>#icon-1899-DB4436</styleUrl>
        <ExtendedData>
          <Data name="Nombre">
            <value/>
          </Data>
        </ExtendedData>
        <Point>
          <coordinates>
            -62.2043103,-38.7420297,0
          </coordinates>
        </Point>
      </Placemark>
      <Placemark>
        <name>Auxilio Mecanico</name>
        <description><![CDATA[<br><br>Nombre: ]]></description>
        <styleUrl>#icon-1899-DB4436</styleUrl>
        <ExtendedData>
          <Data name="Nombre">
            <value/>
          </Data>
        </ExtendedData>
        <Point>
          <coordinates>
            -61.7960939,-38.1321566,0
          </coordinates>
        </Point>
      </Placemark>
      <Placemark>
        <name>Auxilio Mecánico</name>
        <description><![CDATA[<br><br>Nombre: ]]></description>
        <styleUrl>#icon-1899-DB4436</styleUrl>
        <ExtendedData>
          <Data name="Nombre">
            <value/>
          </Data>
        </ExtendedData>
        <Point>
          <coordinates>
            -63.6018845,-37.9808866,0
          </coordinates>
        </Point>
      </Placemark>
      <Placemark>
        <name>Auxilio Mecanico Maxi</name>
        <description><![CDATA[<br><br>Nombre: ]]></description>
        <styleUrl>#icon-1899-DB4436</styleUrl>
        <ExtendedData>
          <Data name="Nombre">
            <value/>
          </Data>
        </ExtendedData>
        <Point>
          <coordinates>
            -63.5997911,-37.9749787,0
          </coordinates>
        </Point>
      </Placemark>
      <Placemark>
        <name>Auxilio Bravo</name>
        <description><![CDATA[<br><br>Nombre: ]]></description>
        <styleUrl>#icon-1899-DB4436</styleUrl>
        <ExtendedData>
          <Data name="Nombre">
            <value/>
          </Data>
        </ExtendedData>
        <Point>
          <coordinates>
            -61.9210422,-37.4532932,0
          </coordinates>
        </Point>
      </Placemark>
      <Placemark>
        <name>AUXILIO MECÁNICO EL TRANSPORTADOR</name>
        <description><![CDATA[<br><br>Nombre: ]]></description>
        <styleUrl>#icon-1899-DB4436</styleUrl>
        <ExtendedData>
          <Data name="Nombre">
            <value/>
          </Data>
        </ExtendedData>
        <Point>
          <coordinates>
            -62.418192,-37.0165878,0
          </coordinates>
        </Point>
      </Placemark>
      <Placemark>
        <name>Auxilio Mecánico Los Tutis</name>
        <description><![CDATA[<br><br>Nombre: ]]></description>
        <styleUrl>#icon-1899-DB4436</styleUrl>
        <ExtendedData>
          <Data name="Nombre">
            <value/>
          </Data>
        </ExtendedData>
        <Point>
          <coordinates>
            -62.4156028,-37.0111356,0
          </coordinates>
        </Point>
      </Placemark>
      <Placemark>
        <name>Auxilio mecánico Remolque Qalo</name>
        <description><![CDATA[<br><br>Nombre: ]]></description>
        <styleUrl>#icon-1899-DB4436</styleUrl>
        <ExtendedData>
          <Data name="Nombre">
            <value/>
          </Data>
        </ExtendedData>
        <Point>
          <coordinates>
            -57.9869542,-30.7646379,0
          </coordinates>
        </Point>
      </Placemark>
      <Placemark>
        <name>REMOLQUES CHAJARÍ</name>
        <description><![CDATA[<br><br>Nombre: ]]></description>
        <styleUrl>#icon-1899-DB4436</styleUrl>
        <ExtendedData>
          <Data name="Nombre">
            <value/>
          </Data>
        </ExtendedData>
        <Point>
          <coordinates>
            -57.9782571,-30.7616807,0
          </coordinates>
        </Point>
      </Placemark>
      <Placemark>
        <name>Taller mecánico y auxilio de vehículos Hermanos Chayle</name>
        <description><![CDATA[<br><br>Nombre: ]]></description>
        <styleUrl>#icon-1899-DB4436</styleUrl>
        <ExtendedData>
          <Data name="Nombre">
            <value/>
          </Data>
        </ExtendedData>
        <Point>
          <coordinates>
            -67.6194206,-27.6647852,0
          </coordinates>
        </Point>
      </Placemark>
      <Placemark>
        <name>-32.48614940353854, -58.2585083306862</name>
        <description><![CDATA[<br><br>5 de julio 2024 por Cynmarianita                   Justo el mecánico q me reparó el problema con la manguerita de la calefacción. Tiene servicio de grúa para camiones y vehículos pesados. En Concepción del Uruguay . Taller mecánico Euler<br>03442 48-7170<br><br>Nombre: <br><br>]]></description>
        <styleUrl>#icon-1899-DB4436</styleUrl>
        <ExtendedData>
          <Data name="Nombre">
            <value/>
          </Data>
</ExtendedData>
        <Point>
          <coordinates>
            -58.2585083306862,-32.4861494035385,0
          </coordinates>
        </Point>
      </Placemark>
    </Folder>
    <Folder>
      <name>Gomerias</name>
      <Placemark>
        <name>Gomeria</name>
        <description><![CDATA[<br><br>8 de marzo de 2024 por vaguenorse18 <br>Me arreglaron una rueda pinchada de forma rápida y sin problemas, incluso durante la pausa del almuerzo.<br>6.000 pesos<br><br>Descripción: <br>nombre: -25.07798, -65.49573<br><br>]]></description>
        <styleUrl>#icon-1899-DB4436</styleUrl>
        <ExtendedData>
          <Data name="Descripción">
            <value/>
          </Data>
          <Data name="nombre">
            <value>-25.07798, -65.49573</value>
          </Data>
</ExtendedData>
        <Point>
          <coordinates>
            -65.49573,-25.07798,0
          </coordinates>
        </Point>
      </Placemark>
      <Placemark>
        <name>Gomeria</name>
        <description><![CDATA[<br><br>12 de marzo de 2025 por BuCS@Berlín <br>Fueron muy amables y serviciales. Alfonso (jefe de sucursal) fue muy paciente y amable, y habla inglés. Todo el personal fue amable e hizo todo lo posible para solucionar nuestro problema (al final, con éxito). Totalmente recomendable, el precio es justo.<br><br>26 de septiembre de 2024 por promiseeffect35 <br>El mejor taller de neumáticos que conocimos en nuestro viaje por Sudamérica. El precio del cambio de neumáticos fue muy bajo y los empleados fueron súper amables. Reparan neumáticos de todo tipo. No tienen neumáticos para autos ni camiones europeos en stock.<br><br>Descripción: <br>nombre: -31.36319, -64.13379<br><br>]]></description>
        <styleUrl>#icon-1590-DB4436</styleUrl>
        <ExtendedData>
          <Data name="Descripción">
            <value/>
          </Data>
          <Data name="nombre">
            <value>-31.36319, -64.13379</value>
          </Data>
</ExtendedData>
        <Point>
          <coordinates>
            -64.13379,-31.36319,0
          </coordinates>
        </Point>
      </Placemark>
      <Placemark>
        <name>Gomeria</name>
        <description><![CDATA[19 de marzo de 2025 por mapleleafdrifters <br>Tuvimos un problema con la válvula. Este técnico estaba justo al lado de la carretera y nos lo arregló enseguida. Nos cobró 12 mil, lo cual nos parece muy razonable. Lo recomendamos si tienes problemas con las llantas.<br><br>Descripción: <br>nombre: -31.79354, -58.31684]]></description>
        <styleUrl>#icon-1590-DB4436</styleUrl>
        <ExtendedData>
          <Data name="Descripción">
            <value/>
          </Data>
          <Data name="nombre">
            <value>-31.79354, -58.31684</value>
          </Data>
        </ExtendedData>
        <Point>
          <coordinates>
            -58.31684,-31.79354,0
          </coordinates>
        </Point>
      </Placemark>
      <Placemark>
        <name>Gomeria</name>
        <description><![CDATA[<br><br>14 de febrero de 2025 por Mario Valerao <br>Servicio de gomería y auxiliares mecánicos.<br>También se lavan vehículos y se venden repuestos tipo filtros, correas, entre otros.<br><br>Descripción: <br>nombre: Gomeria]]></description>
        <styleUrl>#icon-1899-DB4436</styleUrl>
        <ExtendedData>
          <Data name="Descripción">
            <value/>
          </Data>
          <Data name="nombre">
            <value>Gomeria</value>
          </Data>
</ExtendedData>
        <Point>
          <coordinates>
            -53.8608,-34.19819,0
          </coordinates>
        </Point>
      </Placemark>
      <Placemark>
        <name>Gomería</name>
        <description><![CDATA[<br><br>25 de marzo de 2024 por mgd_tim <br>El taller de neumáticos Michelin cerca de Paseo Salta no quiso tocar las llantas partidas de nuestro camión y, en su lugar, nos envió aquí, a Gomería Agudo, en el camino al aeropuerto. Es un taller sin señalizar que está justo al lado de la Ferretería "Don Coco", que es más visible. El señor Agudo, el amable propietario, está sorprendentemente bien equipado. Cambió las llantas de nuestras llantas partidas con facilidad e incluso pudo equilibrar nuestras llantas grandes. Todo esto a un precio muy justo. ¡Muy recomendable!<br><br>Descripción: <br>nombre: -24.83854, -65.45985<br><br>]]></description>
        <styleUrl>#icon-1899-DB4436</styleUrl>
        <ExtendedData>
          <Data name="Descripción">
            <value/>
          </Data>
          <Data name="nombre">
            <value>-24.83854, -65.45985</value>
          </Data>
</ExtendedData>
        <Point>
          <coordinates>
            -65.45985,-24.83854,0
          </coordinates>
        </Point>
      </Placemark>
      <Placemark>
        <name>Gomeria</name>
        <description><![CDATA[<br><br>18 de abril de 2024 por desbravando.rotas <br>Gomería León. Atienden 24h Muy amables y buen precio. Los únicos de Encarnación que trabajan con vehículos pesados.<br><br>Descripción: <br>nombre: -27.34598, -55.85792<br><br>]]></description>
        <styleUrl>#icon-1899-DB4436</styleUrl>
        <ExtendedData>
          <Data name="Descripción">
            <value/>
          </Data>
          <Data name="nombre">
            <value>-27.34598, -55.85792</value>
          </Data>
</ExtendedData>
        <Point>
          <coordinates>
            -55.85792,-27.34598,0
          </coordinates>
        </Point>
      </Placemark>
      <Placemark>
        <name>Gomeria</name>
        <description><![CDATA[<br><br>13 de marzo de 2024 por dirigible limitado10 <br>Aquí neumáticos Pirelli, aquí tenemos un gran stock para motocicletas 120/80/19 T60 por 65 $<br><br>Hay una tienda de cambio de llantas al lado (el servicio de tienda es solo para automóviles, por lo que debe ir al otro lugar al lado)<br><br>15 de octubre de 2019 por rascalsandrooftents <br>Neumáticos Pirelli de gran stock, incluido el 235/85 R16 para el defensor.<br><br>Pirelli Scorpion Mud 235/85 R16 - 123 dólares cada uno equipado y equilibrado (20 dólares adicionales para alinear)<br><br>Fantástico servicio<br><br>Descripción: <br>nombre: -25.51029, -54.62564<br><br><br><br>]]></description>
        <styleUrl>#icon-1899-DB4436</styleUrl>
        <ExtendedData>
          <Data name="Descripción">
            <value/>
          </Data>
          <Data name="nombre">
            <value>-25.51029, -54.62564</value>
          </Data>
</ExtendedData>
        <Point>
          <coordinates>
            -54.62564,-25.51029,0
          </coordinates>
        </Point>
      </Placemark>
      <Placemark>
        <name>Gomeria</name>
        <description><![CDATA[<br><br>Descripción: 16 de febrero de 2024 por mitreisend.com <br>Chico amable, vinimos aquí para rotar neumáticos: cuesta 2.300 por neumático.<br><br>Actualización: ¿vimos que usó 1 tornillo incorrecto para nuestro neumático? Por suerte, solo trajimos 1 tornillo de repuesto.<br><br>1 de abril de 2023 por el.redexplorer <br>No hablan Inglés. No muy dispuesto a hablar español lento. Usamos el traductor; todo funcionó bien. Buen trabajo. recomendaría.<br><br>14 de febrero de 2023 por vanbulancia22 <br>Solucionamos un pequeño pinchazo en nuestro neumático en 15 minutos, pagamos 1500 ARS. Sin tiempo de espera. Reparan todo tipo de neumáticos, bicicletas incluidas.<br>nombre: -42.77459, -65.04109]]></description>
        <styleUrl>#icon-1899-DB4436</styleUrl>
        <ExtendedData>
          <Data name="Descripción">
            <value>16 de febrero de 2024 por mitreisend.com 
Chico amable, vinimos aquí para rotar neumáticos: cuesta 2.300 por neumático.

Actualización: ¿vimos que usó 1 tornillo incorrecto para nuestro neumático? Por suerte, solo trajimos 1 tornillo de repuesto.

1 de abril de 2023 por el.redexplorer 
No hablan Inglés. No muy dispuesto a hablar español lento. Usamos el traductor; todo funcionó bien. Buen trabajo. recomendaría.

14 de febrero de 2023 por vanbulancia22 
Solucionamos un pequeño pinchazo en nuestro neumático en 15 minutos, pagamos 1500 ARS. Sin tiempo de espera. Reparan todo tipo de neumáticos, bicicletas incluidas.</value>
          </Data>
          <Data name="nombre">
            <value>-42.77459, -65.04109</value>
          </Data>
        </ExtendedData>
        <Point>
          <coordinates>
            -65.04109,-42.77459,0
          </coordinates>
        </Point>
      </Placemark>
      <Placemark>
        <name>Gomería</name>
        <description><![CDATA[<br><br>11 de abril de 2024 por En Bici Van 🚲🚲🚌<br>Una gomería con excelente atención! ¡Mingo tiene una gran actitud! es un lugar para reparar azulejos pero también ayuda en lo que puede.<br><br>¡Llegamos con un ruido extraño en nuestro azulejo y lo resolvió para que pudiéramos continuar!<br><br>Descripción: <br>nombre: -38.53253, -70.36810]]></description>
        <styleUrl>#icon-1899-DB4436</styleUrl>
        <ExtendedData>
          <Data name="Descripción">
            <value/>
          </Data>
          <Data name="nombre">
            <value>-38.53253, -70.36810</value>
          </Data>
</ExtendedData>
        <Point>
          <coordinates>
            -70.3681,-38.53253,0
          </coordinates>
        </Point>
      </Placemark>
      <Placemark>
        <name>Gomeria</name>
        <description><![CDATA[4 de enero de 2024 por premierjail25 <br>Fabulosa experiencia al arreglar un pinchazo. Tomó unos 10 minutos y costó el equivalente a 4 dólares estadounidenses (4000 ARS)<br><br>16 de octubre de 2018 por laetitia.cedric <br>Gomería recomendada por los locales. Très bon travail. Haga la vulcanización.<br><br>Descripción: <br>nombre: -45.87633, -67.50837]]></description>
        <styleUrl>#icon-1899-DB4436</styleUrl>
        <ExtendedData>
          <Data name="Descripción">
            <value/>
          </Data>
          <Data name="nombre">
            <value>-45.87633, -67.50837</value>
          </Data>
        </ExtendedData>
        <Point>
          <coordinates>
            -67.50837,-45.87633,0
          </coordinates>
        </Point>
      </Placemark>
      <Placemark>
        <name>Gomería</name>
        <description><![CDATA[<br><br>Descripción: <br>nombre: GOMERIA El Milagro]]></description>
        <styleUrl>#icon-1899-DB4436</styleUrl>
        <ExtendedData>
          <Data name="Descripción">
            <value/>
          </Data>
          <Data name="nombre">
            <value>GOMERIA El Milagro</value>
          </Data>
        </ExtendedData>
        <Point>
          <coordinates>
            -66.3680161,-23.4009292,0
          </coordinates>
        </Point>
      </Placemark>
      <Placemark>
        <name>Gomeria</name>
        <description><![CDATA[<br><br>17 de noviembre de 2023 por raphael.nussbaumer <br>Muy recomendable. Asesoramiento muy profesional y rápido. También tienen muchas herramientas.<br><br>21 de febrero de 2023 por catherineinlove <br>Servicio súper amable. ¡Rotaron nuestros neumáticos de forma rápida y profesional!<br>$2000 ars por rotación<br><br>Descripción: <br>nombre: -42.91323, -71.31775]]></description>
        <styleUrl>#icon-1899-DB4436</styleUrl>
        <ExtendedData>
          <Data name="Descripción">
            <value/>
          </Data>
          <Data name="nombre">
            <value>-42.91323, -71.31775</value>
          </Data>
</ExtendedData>
        <Point>
          <coordinates>
            -71.31775,-42.91323,0
          </coordinates>
        </Point>
      </Placemark>
      <Placemark>
        <name>Gomeria</name>
        <description><![CDATA[<br><br>Descripción: <br>nombre: Taller y Gomeria García]]></description>
        <styleUrl>#icon-1590-DB4436</styleUrl>
        <ExtendedData>
          <Data name="Descripción">
            <value/>
          </Data>
          <Data name="nombre">
            <value>Taller y Gomeria García</value>
          </Data>
        </ExtendedData>
        <Point>
          <coordinates>
            -65.0057736,-31.7344679,0
          </coordinates>
        </Point>
      </Placemark>
      <Placemark>
        <name>Gomeria</name>
        <description><![CDATA[<br><br>Descripción: <br>nombre: Bicicleteria y Gomeria David]]></description>
        <styleUrl>#icon-1899-DB4436</styleUrl>
        <ExtendedData>
          <Data name="Descripción">
            <value/>
          </Data>
          <Data name="nombre">
            <value>Bicicleteria y Gomeria David</value>
          </Data>
        </ExtendedData>
        <Point>
          <coordinates>
            -66.1625819,-25.1207963,0
          </coordinates>
        </Point>
      </Placemark>
      <Placemark>
        <name>Gomeria</name>
        <description><![CDATA[<br><br>27 de septiembre de 2023<br>Número de teléfono al WhatsApp<br>+553382574782<br>Sergio Quiroga<br><br>26 de septiembre de 2023 <br>Tuvimos problemas con un neumático y no pudimos aflojar una tuerca. Además, el perno que sujetaba nuestra rueda de repuesto se rompió.<br>Estos muchachos nos ayudaron. Salimos a donde estábamos en YPF y trabajaron fuera de horario para arreglar nuestro cerrojo.<br><br>Descripción: 27 de septiembre de 2023<br>Número de teléfono al WhatsApp<br>+553382574782<br>Sergio Quiroga<br><br>26 de septiembre de 2023 <br>Tuvimos problemas con un neumático y no pudimos aflojar una tuerca. Además, el perno que sujetaba nuestra rueda de repuesto se rompió.<br>Estos muchachos nos ayudaron. Salimos a donde estábamos en YPF y trabajaron fuera de horario para arreglar nuestro cerrojo.<br>nombre: -34.37451, -62.11789]]></description>
        <styleUrl>#icon-1899-DB4436</styleUrl>
        <ExtendedData>
          <Data name="Descripción">
            <value>27 de septiembre de 2023
Número de teléfono al WhatsApp
+553382574782
Sergio Quiroga

26 de septiembre de 2023 
Tuvimos problemas con un neumático y no pudimos aflojar una tuerca. Además, el perno que sujetaba nuestra rueda de repuesto se rompió.
Estos muchachos nos ayudaron. Salimos a donde estábamos en YPF y trabajaron fuera de horario para arreglar nuestro cerrojo.</value>
          </Data>
          <Data name="nombre">
            <value>-34.37451, -62.11789</value>
          </Data>
</ExtendedData>
        <Point>
          <coordinates>
            -62.11789,-34.37451,0
          </coordinates>
        </Point>
      </Placemark>
      <Placemark>
        <name>Gomeria</name>
        <description><![CDATA[<br><br>Descripción: <br>nombre: Cubiertas y Neumáticos, Gomería]]></description>
        <styleUrl>#icon-1899-DB4436</styleUrl>
        <ExtendedData>
          <Data name="Descripción">
            <value/>
          </Data>
          <Data name="nombre">
            <value>Cubiertas y Neumáticos, Gomería</value>
          </Data>
        </ExtendedData>
        <Point>
          <coordinates>
            -65.6041046,-22.0999633,0
          </coordinates>
        </Point>
      </Placemark>
      <Placemark>
        <name>Gomeria</name>
        <description><![CDATA[<br><br>Descripción: <br>nombre: Gomería El Trébol]]></description>
        <styleUrl>#icon-1899-DB4436</styleUrl>
        <ExtendedData>
          <Data name="Descripción">
            <value/>
          </Data>
          <Data name="nombre">
            <value>Gomería El Trébol</value>
          </Data>
        </ExtendedData>
        <Point>
          <coordinates>
            -61.1817492,-26.5095001,0
          </coordinates>
        </Point>
      </Placemark>
      <Placemark>
        <name>Gomeria</name>
        <description><![CDATA[18 de octubre de 2023 por ueda_cesar <br>Lugar para equilibrar y alinhar as rodas.<br>Autorizado por Firestone<br><br>Descripción: <br>nombre: -34.64137, -58.37096]]></description>
        <styleUrl>#icon-1899-DB4436</styleUrl>
        <ExtendedData>
          <Data name="Descripción">
            <value/>
          </Data>
          <Data name="nombre">
            <value>-34.64137, -58.37096</value>
          </Data>
        </ExtendedData>
        <Point>
          <coordinates>
            -58.37096,-34.64137,0
          </coordinates>
        </Point>
      </Placemark>
      <Placemark>
        <name>Gomeria</name>
        <description><![CDATA[24 de julio de 2023 por Arnaldo Coelho <br>Taller de reparación de neumáticos, abierto 24h, incluidos domingos y festivos. Servicio rápido y confiable.<br><br>Descripción: <br>nombre: -38.95451, -68.06774]]></description>
        <styleUrl>#icon-1899-DB4436</styleUrl>
        <ExtendedData>
          <Data name="Descripción">
            <value/>
          </Data>
          <Data name="nombre">
            <value>-38.95451, -68.06774</value>
          </Data>
        </ExtendedData>
        <Point>
          <coordinates>
            -68.06774,-38.95451,0
          </coordinates>
        </Point>
      </Placemark>
      <Placemark>
        <name>Neumáticos Ugarte - Gomería</name>
        <description><![CDATA[<br><br>Descripción: <br>nombre: ]]></description>
        <styleUrl>#icon-1899-DB4436</styleUrl>
        <ExtendedData>
          <Data name="Descripción">
            <value/>
          </Data>
          <Data name="nombre">
            <value/>
          </Data>
        </ExtendedData>
        <Point>
          <coordinates>
            -58.4491097,-34.5837967,0
          </coordinates>
        </Point>
      </Placemark>
      <Placemark>
        <name>Gomeria</name>
        <description><![CDATA[16 de octubre de 2023 <br>Garaje muy útil. Estuvo abierto después de las 7 p.m. para nosotros luego de una emergencia de neumáticos. Precio razonable. No hay inglés, pero usamos WiFi y el traductor de Google funcionó bien.<br><br>Descripción: Gomeria<br>nombre: Gomeria]]></description>
        <styleUrl>#icon-1899-DB4436</styleUrl>
        <ExtendedData>
          <Data name="Descripción">
            <value>Gomeria</value>
          </Data>
          <Data name="nombre">
            <value>Gomeria</value>
          </Data>
        </ExtendedData>
        <Point>
          <coordinates>
            -72.48033,-41.96388,0
          </coordinates>
        </Point>
      </Placemark>
      <Placemark>
        <name>Gomeria</name>
        <description><![CDATA[<br><br>30 de septiembre de 2023  marcelonlr <br>La ubicación es incorrecta como dijeron los compañeros. La mecánica está muy cerca sin embargo, en la siguiente curva. Daniel sigue ahí y es muy amable. Resolví todos los problemas de mi auto en un día y les costó 20,000 pesos. Realmente lo recomiendo.<br><br>22 de febrero de 2020 <br>Daniel ahora tiene un taller bien equipado y es una buena persona. Está a punto de abrir una pequeña cafetería al lado para que puedas tomar algo mientras esperas que arreglen tu vehículo.<br>Pagamos 8000clp por dos pinchazos en la primera rueda. Al día siguiente volvimos con dos ruedas más pinchadas y pagamos 5000 cada una. Todo adquirido en el hermoso camino de montaña entre Salto el cóndor y Puyuhuapi.<br><br>17 de febrero de 2018 <br>Este lugar está en la ubicación incorrecta: está ubicado en -44.32073, -72.55203<br><br>17 de febrero de 2018 <br>Este lugar está en la ubicación incorrecta: está ubicado en -44.32074, -72.55204<br><br>17 de febrero de 2018 <br>Daniel Pérez es súper amable y servicial. Teléfono 618 655 36<br>Repara y monta neumáticos<br>Soldadura<br>Tiene herramientas y cada vez hay más.<br>¡Visítanos para ver si puede ayudarte! Estupendo chico.<br><br>26 de enero de 2017 <br>Vulcanización<br>Trabajo rápido<br>5000pesos para arreglar una llanta<br><br>Descripción: <br>nombre: -44.32074, -72.55203]]></description>
        <styleUrl>#icon-1899-DB4436</styleUrl>
        <ExtendedData>
          <Data name="Descripción">
            <value/>
          </Data>
          <Data name="nombre">
            <value>-44.32074, -72.55203</value>
          </Data>
</ExtendedData>
        <Point>
          <coordinates>
            -72.55203,-44.32074,0
          </coordinates>
        </Point>
      </Placemark>
      <Placemark>
        <name>Gomería Verde</name>
        <description><![CDATA[<br><br>Descripción: <br>nombre: ]]></description>
        <styleUrl>#icon-1899-DB4436</styleUrl>
        <ExtendedData>
          <Data name="Descripción">
            <value/>
          </Data>
          <Data name="nombre">
            <value/>
          </Data>
        </ExtendedData>
        <Point>
          <coordinates>
            -58.4336758,-34.574073,0
          </coordinates>
        </Point>
      </Placemark>
      <Placemark>
        <name>GOMERIA PIN</name>
        <description><![CDATA[<br><br>Descripción: <br>nombre: ]]></description>
        <styleUrl>#icon-1899-DB4436</styleUrl>
        <ExtendedData>
          <Data name="Descripción">
            <value/>
          </Data>
          <Data name="nombre">
            <value/>
          </Data>
        </ExtendedData>
        <Point>
          <coordinates>
            -58.5663404,-34.6206123,0
          </coordinates>
        </Point>
      </Placemark>
      <Placemark>
        <name><![CDATA[Gomería "El Campeón"]]></name>
        <description><![CDATA[<br><br>Descripción: <br>nombre: ]]></description>
        <styleUrl>#icon-1899-DB4436</styleUrl>
        <ExtendedData>
          <Data name="Descripción">
            <value/>
          </Data>
          <Data name="nombre">
            <value/>
          </Data>
        </ExtendedData>
        <Point>
          <coordinates>
            -58.5006197,-34.5489934,0
          </coordinates>
        </Point>
      </Placemark>
      <Placemark>
        <name>Gomerias Belgrano</name>
        <description><![CDATA[<br><br>Descripción: <br>nombre: ]]></description>
        <styleUrl>#icon-1899-DB4436</styleUrl>
        <ExtendedData>
          <Data name="Descripción">
            <value/>
          </Data>
          <Data name="nombre">
            <value/>
          </Data>
        </ExtendedData>
        <Point>
          <coordinates>
            -64.1936446,-31.4250271,0
          </coordinates>
        </Point>
      </Placemark>
      <Placemark>
        <name>Gomería Central</name>
        <description><![CDATA[<br><br>Descripción: <br>nombre: ]]></description>
        <styleUrl>#icon-1899-DB4436</styleUrl>
        <ExtendedData>
          <Data name="Descripción">
            <value/>
          </Data>
          <Data name="nombre">
            <value/>
          </Data>
        </ExtendedData>
        <Point>
          <coordinates>
            -64.1731352,-31.4083632,0
          </coordinates>
        </Point>
      </Placemark>
      <Placemark>
        <name>Gomería Norte</name>
        <description><![CDATA[<br><br>Descripción: <br>nombre: ]]></description>
        <styleUrl>#icon-1899-DB4436</styleUrl>
        <ExtendedData>
          <Data name="Descripción">
            <value/>
          </Data>
          <Data name="nombre">
            <value/>
          </Data>
        </ExtendedData>
        <Point>
          <coordinates>
            -68.8223321,-32.9267715,0
          </coordinates>
        </Point>
      </Placemark>
      <Placemark>
        <name>Gomeria Norte</name>
        <description><![CDATA[<br><br>Descripción: <br>nombre: ]]></description>
        <styleUrl>#icon-1899-DB4436</styleUrl>
        <ExtendedData>
          <Data name="Descripción">
            <value/>
          </Data>
          <Data name="nombre">
            <value/>
          </Data>
        </ExtendedData>
        <Point>
          <coordinates>
            -68.8466567,-32.9192535,0
          </coordinates>
        </Point>
      </Placemark>
      <Placemark>
        <name>Gomería costanera</name>
        <description><![CDATA[<br><br>Descripción: <br>nombre: ]]></description>
        <styleUrl>#icon-1899-DB4436</styleUrl>
        <ExtendedData>
          <Data name="Descripción">
            <value/>
          </Data>
          <Data name="nombre">
            <value/>
          </Data>
        </ExtendedData>
        <Point>
          <coordinates>
            -68.834254,-32.8969899,0
          </coordinates>
        </Point>
      </Placemark>
      <Placemark>
        <name>Gomería Alberto</name>
        <description><![CDATA[<br><br>Descripción: <br>nombre: ]]></description>
        <styleUrl>#icon-1899-DB4436</styleUrl>
        <ExtendedData>
          <Data name="Descripción">
            <value/>
          </Data>
          <Data name="nombre">
            <value/>
          </Data>
        </ExtendedData>
        <Point>
          <coordinates>
            -68.0679512,-38.9546219,0
          </coordinates>
        </Point>
      </Placemark>
      <Placemark>
        <name>Gomeria Y Soldaduras El Parche</name>
        <description><![CDATA[<br><br>Descripción: <br>nombre: ]]></description>
        <styleUrl>#icon-1899-DB4436</styleUrl>
        <ExtendedData>
          <Data name="Descripción">
            <value/>
          </Data>
          <Data name="nombre">
            <value/>
          </Data>
        </ExtendedData>
        <Point>
          <coordinates>
            -62.4420471,-29.3510454,0
          </coordinates>
        </Point>
      </Placemark>
      <Placemark>
        <name><![CDATA[Gomeria "el solitario"]]></name>
        <description><![CDATA[<br><br>Descripción: <br>nombre: ]]></description>
        <styleUrl>#icon-1899-DB4436</styleUrl>
        <ExtendedData>
          <Data name="Descripción">
            <value/>
          </Data>
          <Data name="nombre">
            <value/>
          </Data>
        </ExtendedData>
        <Point>
          <coordinates>
            -62.4372579,-29.3425712,0
          </coordinates>
        </Point>
      </Placemark>
      <Placemark>
        <name>Gomería Lubricentro</name>
        <description><![CDATA[<br><br>Descripción: <br>nombre: ]]></description>
        <styleUrl>#icon-1899-DB4436</styleUrl>
        <ExtendedData>
          <Data name="Descripción">
            <value/>
          </Data>
          <Data name="nombre">
            <value/>
          </Data>
        </ExtendedData>
        <Point>
          <coordinates>
            -69.0692973,-45.5926693,0
          </coordinates>
        </Point>
      </Placemark>
      <Placemark>
        <name>Taller y Gomeria COQUI</name>
        <description><![CDATA[<br><br>Descripción: <br>nombre: ]]></description>
        <styleUrl>#icon-1899-DB4436</styleUrl>
        <ExtendedData>
          <Data name="Descripción">
            <value/>
          </Data>
          <Data name="nombre">
            <value/>
          </Data>
        </ExtendedData>
        <Point>
          <coordinates>
            -71.5142133,-42.0714496,0
          </coordinates>
        </Point>
      </Placemark>
      <Placemark>
        <name>Gomeria Las Américas</name>
        <description><![CDATA[<br><br>Descripción: <br>nombre: ]]></description>
        <styleUrl>#icon-1899-DB4436</styleUrl>
        <ExtendedData>
          <Data name="Descripción">
            <value/>
          </Data>
          <Data name="nombre">
            <value/>
          </Data>
        </ExtendedData>
        <Point>
          <coordinates>
            -67.6302778,-27.7115223,0
          </coordinates>
        </Point>
      </Placemark>
      <Placemark>
        <name>Gomería y lavadero los Quiroguitas</name>
        <description><![CDATA[<br><br>Descripción: <br>nombre: ]]></description>
        <styleUrl>#icon-1899-DB4436</styleUrl>
        <ExtendedData>
          <Data name="Descripción">
            <value/>
          </Data>
          <Data name="nombre">
            <value/>
          </Data>
        </ExtendedData>
        <Point>
          <coordinates>
            -67.6181222,-27.6672956,0
          </coordinates>
        </Point>
      </Placemark>
      <Placemark>
        <name>Gomería Virgen del Valle</name>
        <description><![CDATA[<br><br>Descripción: <br>nombre: ]]></description>
        <styleUrl>#icon-1899-DB4436</styleUrl>
        <ExtendedData>
          <Data name="Descripción">
            <value/>
          </Data>
          <Data name="nombre">
            <value/>
          </Data>
        </ExtendedData>
        <Point>
          <coordinates>
            -67.6199558,-27.6869195,0
          </coordinates>
        </Point>
      </Placemark>
      <Placemark>
        <name><![CDATA[Gomería "Los Hermanos Bayón"]]></name>
        <description><![CDATA[<br><br>Descripción: <br>nombre: ]]></description>
        <styleUrl>#icon-1899-DB4436</styleUrl>
        <ExtendedData>
          <Data name="Descripción">
            <value/>
          </Data>
          <Data name="nombre">
            <value/>
          </Data>
        </ExtendedData>
        <Point>
          <coordinates>
            -67.6193274,-27.68933,0
          </coordinates>
        </Point>
      </Placemark>
      <Placemark>
        <name><![CDATA[M&M Taller de Alineado y Balanceado Gomería]]></name>
        <description><![CDATA[<br><br>Descripción: <br>nombre: ]]></description>
        <styleUrl>#icon-1899-DB4436</styleUrl>
        <ExtendedData>
          <Data name="Descripción">
            <value/>
          </Data>
          <Data name="nombre">
            <value/>
          </Data>
        </ExtendedData>
        <Point>
          <coordinates>
            -65.5997813,-22.1078632,0
          </coordinates>
        </Point>
      </Placemark>
      <Placemark>
        <name>Gomería y radiadores</name>
        <description><![CDATA[<br><br>Descripción: <br>nombre: ]]></description>
        <styleUrl>#icon-1899-DB4436</styleUrl>
        <ExtendedData>
          <Data name="Descripción">
            <value/>
          </Data>
          <Data name="nombre">
            <value/>
          </Data>
        </ExtendedData>
        <Point>
          <coordinates>
            -65.601652,-22.1010327,0
          </coordinates>
        </Point>
      </Placemark>
      <Placemark>
        <name>Cubiertas y Neumáticos, Gomería</name>
        <description><![CDATA[<br><br>Descripción: <br>nombre: ]]></description>
        <styleUrl>#icon-1899-DB4436</styleUrl>
        <ExtendedData>
          <Data name="Descripción">
            <value/>
          </Data>
          <Data name="nombre">
            <value/>
          </Data>
        </ExtendedData>
        <Point>
          <coordinates>
            -65.6041046,-22.0999633,0
          </coordinates>
        </Point>
      </Placemark>
      <Placemark>
        <name>Gomeria Norte</name>
        <description><![CDATA[<br><br>Descripción: <br>nombre: ]]></description>
        <styleUrl>#icon-1899-DB4436</styleUrl>
        <ExtendedData>
          <Data name="Descripción">
            <value/>
          </Data>
          <Data name="nombre">
            <value/>
          </Data>
        </ExtendedData>
        <Point>
          <coordinates>
            -65.3564783,-23.199357,0
          </coordinates>
        </Point>
      </Placemark>
      <Placemark>
        <name>Gomería</name>
        <description><![CDATA[<br><br>Descripción: <br>nombre: ]]></description>
        <styleUrl>#icon-1899-DB4436</styleUrl>
        <ExtendedData>
          <Data name="Descripción">
            <value/>
          </Data>
          <Data name="nombre">
            <value/>
          </Data>
        </ExtendedData>
        <Point>
          <coordinates>
            -65.3983014,-23.5722915,0
          </coordinates>
        </Point>
      </Placemark>
      <Placemark>
        <name>Gomeria</name>
        <description><![CDATA[<br><br>Descripción: <br>nombre: ]]></description>
        <styleUrl>#icon-1899-DB4436</styleUrl>
        <ExtendedData>
          <Data name="Descripción">
            <value/>
          </Data>
          <Data name="nombre">
            <value/>
          </Data>
        </ExtendedData>
        <Point>
          <coordinates>
            -65.9640294,-23.532804,0
          </coordinates>
        </Point>
      </Placemark>
      <Placemark>
        <name>Gomeria Jeremías</name>
        <description><![CDATA[<br><br>Descripción: <br>nombre: ]]></description>
        <styleUrl>#icon-1899-DB4436</styleUrl>
        <ExtendedData>
          <Data name="Descripción">
            <value/>
          </Data>
          <Data name="nombre">
            <value/>
          </Data>
        </ExtendedData>
        <Point>
          <coordinates>
            -65.4118292,-23.5919482,0
          </coordinates>
        </Point>
      </Placemark>
      <Placemark>
        <name>Gomería</name>
        <description><![CDATA[<br><br>Descripción: <br>nombre: ]]></description>
        <styleUrl>#icon-1899-DB4436</styleUrl>
        <ExtendedData>
          <Data name="Descripción">
            <value/>
          </Data>
          <Data name="nombre">
            <value/>
          </Data>
        </ExtendedData>
        <Point>
          <coordinates>
            -65.4674682,-23.7446441,0
          </coordinates>
        </Point>
      </Placemark>
      <Placemark>
        <name>Gomeria El Porton Negro</name>
        <description><![CDATA[<br><br>Descripción: <br>nombre: ]]></description>
        <styleUrl>#icon-1899-DB4436</styleUrl>
        <ExtendedData>
          <Data name="Descripción">
            <value/>
          </Data>
          <Data name="nombre">
            <value/>
          </Data>
        </ExtendedData>
        <Point>
          <coordinates>
            -65.3530835,-23.2126267,0
          </coordinates>
        </Point>
      </Placemark>
      <Placemark>
        <name>Gomeria titanium</name>
        <description><![CDATA[<br><br>Descripción: <br>nombre: ]]></description>
        <styleUrl>#icon-1899-DB4436</styleUrl>
        <ExtendedData>
          <Data name="Descripción">
            <value/>
          </Data>
          <Data name="nombre">
            <value/>
          </Data>
        </ExtendedData>
        <Point>
          <coordinates>
            -65.4683704,-23.8599591,0
          </coordinates>
        </Point>
      </Placemark>
      <Placemark>
        <name>Gomeria Maty</name>
        <description><![CDATA[<br><br>Descripción: <br>nombre: ]]></description>
        <styleUrl>#icon-1899-DB4436</styleUrl>
        <ExtendedData>
          <Data name="Descripción">
            <value/>
          </Data>
          <Data name="nombre">
            <value/>
          </Data>
        </ExtendedData>
        <Point>
          <coordinates>
            -64.7667575,-23.7710725,0
          </coordinates>
        </Point>
      </Placemark>
      <Placemark>
        <name>Gomería Los Amigos</name>
        <description><![CDATA[<br><br>Descripción: <br>nombre: ]]></description>
        <styleUrl>#icon-1899-DB4436</styleUrl>
        <ExtendedData>
          <Data name="Descripción">
            <value/>
          </Data>
          <Data name="nombre">
            <value/>
          </Data>
        </ExtendedData>
        <Point>
          <coordinates>
            -64.807914,-23.9420895,0
          </coordinates>
        </Point>
      </Placemark>
      <Placemark>
        <name>-46.61856, -72.70086</name>
        <description><![CDATA[<br><br><br><br>Descripción: 13 de octubre de 2023 <br>Primero visitamos su tienda en Puerta Muerta, Gomería Dónde Los Agüero, luego viajamos hasta aquí para comprar los neumáticos exactos que necesitábamos. Mi español no es muy bueno pero él fue muy servicial y amable. Se cambiaron dos neumáticos y se rotó uno.<br><br>13 de enero de 2020  David Atacama <br>Servicio de reparación de neumáticos realmente profesional, rápido y económico.<br>El otro tipo en la ciudad no pudo arreglar mi llanta (Run Flat) y me envió aquí,<br>sin letrero en la entrada, justo al lado de una casa roja.<br>Le pusieron un poco de goma al neumático y algo de pegamento, 10 minutos, $5.000, Buen trabajo.<br>nombre: <br><br>]]></description>
        <styleUrl>#icon-1899-DB4436</styleUrl>
        <ExtendedData>
          <Data name="Descripción">
            <value>13 de octubre de 2023 
Primero visitamos su tienda en Puerta Muerta, Gomería Dónde Los Agüero, luego viajamos hasta aquí para comprar los neumáticos exactos que necesitábamos. Mi español no es muy bueno pero él fue muy servicial y amable. Se cambiaron dos neumáticos y se rotó uno.

13 de enero de 2020  David Atacama 
Servicio de reparación de neumáticos realmente profesional, rápido y económico.
El otro tipo en la ciudad no pudo arreglar mi llanta (Run Flat) y me envió aquí,
sin letrero en la entrada, justo al lado de una casa roja.
Le pusieron un poco de goma al neumático y algo de pegamento, 10 minutos, $5.000, Buen trabajo.</value>
          </Data>
          <Data name="nombre">
            <value/>
          </Data>
</ExtendedData>
        <Point>
          <coordinates>
            -72.70086,-46.61856,0
          </coordinates>
        </Point>
      </Placemark>
      <Placemark>
        <name>-43.97779, -72.40438</name>
        <description><![CDATA[<br><br>19 de octubre de 2023 Servicio rápido, precio razonable. Nos ayudó a cambiar neumáticos rápidamente, lo que nos ahorró mucho tiempo. $ 10000, tal vez un poco elevado pero no tiene precio en comparación con el tiempo, el esfuerzo y el estrés que nos habría causado intentar hacerlo nosotros mismos.<br><br>20 de mayo de 2023 por xtgfamily <br>Gomería. Aquí puedes comprar neumáticos o repararlos. hace vulcanización y soldadura. abierto de lunes a viernes y los sábados por la mañana hasta la 1 de la tarde pagamos 10.000 pesos por un parche en la cámara de un camión y un parche en la llanta.<br><br>Gomería. Aquí puede comprar neumáticos o repararlos. El hecho de la vulcanización y de la soldadura. ouvert du lundi au vendredi et le Samedi matin jusqu'à 13 h. Nous avons payé 10000 pesos pour une rustine sur une chambre à air de camion et un patch dans le pneu.<br><br>Descripción: <br>nombre: <br><br>]]></description>
        <styleUrl>#icon-1899-DB4436</styleUrl>
        <ExtendedData>
          <Data name="Descripción">
            <value/>
          </Data>
          <Data name="nombre">
            <value/>
          </Data>
</ExtendedData>
        <Point>
          <coordinates>
            -72.40438,-43.97779,0
          </coordinates>
        </Point>
      </Placemark>
      <Placemark>
        <name>Gomeria El Parche de Mañuco</name>
        <description><![CDATA[<br><br>Descripción: <br>nombre: ]]></description>
        <styleUrl>#icon-1899-DB4436</styleUrl>
        <ExtendedData>
          <Data name="Descripción">
            <value/>
          </Data>
          <Data name="nombre">
            <value/>
          </Data>
        </ExtendedData>
        <Point>
          <coordinates>
            -72.4789471,-51.7356045,0
          </coordinates>
        </Point>
      </Placemark>
      <Placemark>
        <name>Gomería El Huaso</name>
        <description><![CDATA[<br><br>Descripción: <br>nombre: ]]></description>
        <styleUrl>#icon-1899-DB4436</styleUrl>
        <ExtendedData>
          <Data name="Descripción">
            <value/>
          </Data>
          <Data name="nombre">
            <value/>
          </Data>
        </ExtendedData>
        <Point>
          <coordinates>
            -72.4957505,-51.7343395,0
          </coordinates>
        </Point>
      </Placemark>
      <Placemark>
        <name>Vulcanicacion el minino</name>
        <description><![CDATA[<br><br>Descripción: <br>nombre: ]]></description>
        <styleUrl>#icon-1899-DB4436</styleUrl>
        <ExtendedData>
          <Data name="Descripción">
            <value/>
          </Data>
          <Data name="nombre">
            <value/>
          </Data>
        </ExtendedData>
        <Point>
          <coordinates>
            -73.7112451,-42.3088155,0
          </coordinates>
        </Point>
      </Placemark>
      <Placemark>
        <name>Gomería el pichón de bruja</name>
        <description><![CDATA[<br><br>Descripción: <br>nombre: ]]></description>
        <styleUrl>#icon-1899-DB4436</styleUrl>
        <ExtendedData>
          <Data name="Descripción">
            <value/>
          </Data>
          <Data name="nombre">
            <value/>
          </Data>
        </ExtendedData>
        <Point>
          <coordinates>
            -69.2023849,-32.9613761,0
          </coordinates>
        </Point>
      </Placemark>
      <Placemark>
        <name><![CDATA[Gomería "Los Gringos".]]></name>
        <description><![CDATA[<br><br>Descripción: <br>nombre: ]]></description>
        <styleUrl>#icon-1899-DB4436</styleUrl>
        <ExtendedData>
          <Data name="Descripción">
            <value/>
          </Data>
          <Data name="nombre">
            <value/>
          </Data>
        </ExtendedData>
        <Point>
          <coordinates>
            -60.6425634,-32.9690772,0
          </coordinates>
        </Point>
      </Placemark>
      <Placemark>
        <name>Gomeria Berutti 74</name>
        <description><![CDATA[<br><br>Descripción: <br>nombre: ]]></description>
        <styleUrl>#icon-1899-DB4436</styleUrl>
        <ExtendedData>
          <Data name="Descripción">
            <value/>
          </Data>
          <Data name="nombre">
            <value/>
          </Data>
        </ExtendedData>
        <Point>
          <coordinates>
            -68.8367985,-32.9043523,0
          </coordinates>
        </Point>
      </Placemark>
      <Placemark>
        <name>Gomeria Malabia</name>
        <description><![CDATA[<br><br>Descripción: <br>nombre: ]]></description>
        <styleUrl>#icon-1899-DB4436</styleUrl>
        <ExtendedData>
          <Data name="Descripción">
            <value/>
          </Data>
          <Data name="nombre">
            <value/>
          </Data>
        </ExtendedData>
        <Point>
          <coordinates>
            -58.3805277,-34.7388762,0
          </coordinates>
        </Point>
      </Placemark>
      <Placemark>
        <name>Gomería Carlitos</name>
        <description><![CDATA[<br><br>Descripción: <br>nombre: ]]></description>
        <styleUrl>#icon-1899-DB4436</styleUrl>
        <ExtendedData>
          <Data name="Descripción">
            <value/>
          </Data>
          <Data name="nombre">
            <value/>
          </Data>
        </ExtendedData>
        <Point>
          <coordinates>
            -58.3973015,-34.618278,0
          </coordinates>
        </Point>
      </Placemark>
      <Placemark>
        <name>Gomería Don Gino</name>
        <description><![CDATA[<br><br>Descripción: <br>nombre: ]]></description>
        <styleUrl>#icon-1899-DB4436</styleUrl>
        <ExtendedData>
          <Data name="Descripción">
            <value/>
          </Data>
          <Data name="nombre">
            <value/>
          </Data>
        </ExtendedData>
        <Point>
          <coordinates>
            -58.5044711,-34.5337467,0
          </coordinates>
        </Point>
      </Placemark>
      <Placemark>
        <name>Gomería Coronel Díaz</name>
        <description><![CDATA[<br><br>Descripción: <br>nombre: ]]></description>
        <styleUrl>#icon-1899-DB4436</styleUrl>
        <ExtendedData>
          <Data name="Descripción">
            <value/>
          </Data>
          <Data name="nombre">
            <value/>
          </Data>
        </ExtendedData>
        <Point>
          <coordinates>
            -58.4129633,-34.5921514,0
          </coordinates>
        </Point>
      </Placemark>
      <Placemark>
        <name>Gomería Tito SRL</name>
        <description><![CDATA[<br><br>Descripción: <br>nombre: ]]></description>
        <styleUrl>#icon-1899-DB4436</styleUrl>
        <ExtendedData>
          <Data name="Descripción">
            <value/>
          </Data>
          <Data name="nombre">
            <value/>
          </Data>
        </ExtendedData>
        <Point>
          <coordinates>
            -58.5097521,-34.5229453,0
          </coordinates>
        </Point>
      </Placemark>
      <Placemark>
        <name><![CDATA[Gomería R & R]]></name>
        <description><![CDATA[<br><br>Descripción: <br>nombre: ]]></description>
        <styleUrl>#icon-1899-DB4436</styleUrl>
        <ExtendedData>
          <Data name="Descripción">
            <value/>
          </Data>
          <Data name="nombre">
            <value/>
          </Data>
        </ExtendedData>
        <Point>
          <coordinates>
            -58.5638406,-34.5896542,0
          </coordinates>
        </Point>
      </Placemark>
      <Placemark>
        <name>Gomería Los viejos</name>
        <description><![CDATA[<br><br>Descripción: <br>nombre: ]]></description>
        <styleUrl>#icon-1899-DB4436</styleUrl>
        <ExtendedData>
          <Data name="Descripción">
            <value/>
          </Data>
          <Data name="nombre">
            <value/>
          </Data>
        </ExtendedData>
        <Point>
          <coordinates>
            -57.5568143,-38.0486723,0
          </coordinates>
        </Point>
      </Placemark>
      <Placemark>
        <name><![CDATA[Gomería "El Juarense"]]></name>
        <description><![CDATA[<br><br>Descripción: <br>nombre: ]]></description>
        <styleUrl>#icon-1899-DB4436</styleUrl>
        <ExtendedData>
          <Data name="Descripción">
            <value/>
          </Data>
          <Data name="nombre">
            <value/>
          </Data>
        </ExtendedData>
        <Point>
          <coordinates>
            -57.5659066,-38.0126747,0
          </coordinates>
        </Point>
      </Placemark>
      <Placemark>
        <name>Gomería Bonnet</name>
        <description><![CDATA[<br><br>Descripción: <br>nombre: ]]></description>
        <styleUrl>#icon-1899-DB4436</styleUrl>
        <ExtendedData>
          <Data name="Descripción">
            <value/>
          </Data>
          <Data name="nombre">
            <value/>
          </Data>
        </ExtendedData>
        <Point>
          <coordinates>
            -58.2498368,-32.4870244,0
          </coordinates>
        </Point>
      </Placemark>
      <Placemark>
        <name>Neumáticos Carrasco - Gomería</name>
        <description><![CDATA[<br><br>Descripción: <br>nombre: ]]></description>
        <styleUrl>#icon-1899-DB4436</styleUrl>
        <ExtendedData>
          <Data name="Descripción">
            <value/>
          </Data>
          <Data name="nombre">
            <value/>
          </Data>
        </ExtendedData>
        <Point>
          <coordinates>
            -56.1150868,-34.8708027,0
          </coordinates>
        </Point>
      </Placemark>
      <Placemark>
        <name>Gomeria Martinez</name>
        <description><![CDATA[<br><br>Descripción: <br>nombre: ]]></description>
        <styleUrl>#icon-1899-DB4436</styleUrl>
        <ExtendedData>
          <Data name="Descripción">
            <value/>
          </Data>
          <Data name="nombre">
            <value/>
          </Data>
        </ExtendedData>
        <Point>
          <coordinates>
            -56.1270826,-34.8486011,0
          </coordinates>
        </Point>
      </Placemark>
      <Placemark>
        <name>Gomería Santa Lucía</name>
        <description><![CDATA[<br><br>Descripción: <br>nombre: ]]></description>
        <styleUrl>#icon-1899-DB4436</styleUrl>
        <ExtendedData>
          <Data name="Descripción">
            <value/>
          </Data>
          <Data name="nombre">
            <value/>
          </Data>
        </ExtendedData>
        <Point>
          <coordinates>
            -56.2252236,-34.8523136,0
          </coordinates>
        </Point>
      </Placemark>
      <Placemark>
        <name>Gomeria Propios</name>
        <description><![CDATA[<br><br>Descripción: <br>nombre: ]]></description>
        <styleUrl>#icon-1899-DB4436</styleUrl>
        <ExtendedData>
          <Data name="Descripción">
            <value/>
          </Data>
          <Data name="nombre">
            <value/>
          </Data>
        </ExtendedData>
        <Point>
          <coordinates>
            -56.1803363,-34.854598,0
          </coordinates>
        </Point>
      </Placemark>
      <Placemark>
        <name>Luco Neumaticos (Gomería)</name>
        <description><![CDATA[<br><br>Descripción: <br>nombre: ]]></description>
        <styleUrl>#icon-1899-DB4436</styleUrl>
        <ExtendedData>
          <Data name="Descripción">
            <value/>
          </Data>
          <Data name="nombre">
            <value/>
          </Data>
        </ExtendedData>
        <Point>
          <coordinates>
            -56.1674529,-34.9031451,0
          </coordinates>
        </Point>
      </Placemark>
      <Placemark>
        <name>Gomería W</name>
        <description><![CDATA[<br><br>Descripción: <br>nombre: ]]></description>
        <styleUrl>#icon-1899-DB4436</styleUrl>
        <ExtendedData>
          <Data name="Descripción">
            <value/>
          </Data>
          <Data name="nombre">
            <value/>
          </Data>
        </ExtendedData>
        <Point>
          <coordinates>
            -56.156523,-34.8729285,0
          </coordinates>
        </Point>
      </Placemark>
      <Placemark>
        <name>Galicia Car Service</name>
        <description><![CDATA[<br><br>Descripción: <br>nombre: ]]></description>
        <styleUrl>#icon-1899-DB4436</styleUrl>
        <ExtendedData>
          <Data name="Descripción">
            <value/>
          </Data>
          <Data name="nombre">
            <value/>
          </Data>
        </ExtendedData>
        <Point>
          <coordinates>
            -56.1691275,-34.8948927,0
          </coordinates>
        </Point>
      </Placemark>
      <Placemark>
        <name>Gomeria Centenario</name>
        <description><![CDATA[<br><br>Descripción: <br>nombre: ]]></description>
        <styleUrl>#icon-1899-DB4436</styleUrl>
        <ExtendedData>
          <Data name="Descripción">
            <value/>
          </Data>
          <Data name="nombre">
            <value/>
          </Data>
        </ExtendedData>
        <Point>
          <coordinates>
            -56.15335,-34.8878743,0
          </coordinates>
        </Point>
      </Placemark>
      <Placemark>
        <name>Gomeria Planeta Neumáticos</name>
        <description><![CDATA[<br><br>Descripción: <br>nombre: ]]></description>
        <styleUrl>#icon-1899-DB4436</styleUrl>
        <ExtendedData>
          <Data name="Descripción">
            <value/>
          </Data>
          <Data name="nombre">
            <value/>
          </Data>
        </ExtendedData>
        <Point>
          <coordinates>
            -58.2426746,-32.4841768,0
          </coordinates>
        </Point>
      </Placemark>
      <Placemark>
        <name>Gomería Gauchito Gil</name>
        <description><![CDATA[<br><br>Descripción: <br>nombre: ]]></description>
        <styleUrl>#icon-1899-DB4436</styleUrl>
        <ExtendedData>
          <Data name="Descripción">
            <value/>
          </Data>
          <Data name="nombre">
            <value/>
          </Data>
        </ExtendedData>
        <Point>
          <coordinates>
            -57.9246147,-30.9844861,0
          </coordinates>
        </Point>
      </Placemark>
      <Placemark>
        <name>Gomería EL</name>
        <description><![CDATA[<br><br>Descripción: <br>nombre: ]]></description>
        <styleUrl>#icon-1899-DB4436</styleUrl>
        <ExtendedData>
          <Data name="Descripción">
            <value/>
          </Data>
          <Data name="nombre">
            <value/>
          </Data>
        </ExtendedData>
        <Point>
          <coordinates>
            -57.9308924,-30.9994305,0
          </coordinates>
        </Point>
      </Placemark>
      <Placemark>
        <name>Gomeria jorguito</name>
        <description><![CDATA[<br><br>Descripción: <br>nombre: ]]></description>
        <styleUrl>#icon-1899-DB4436</styleUrl>
        <ExtendedData>
          <Data name="Descripción">
            <value/>
          </Data>
          <Data name="nombre">
            <value/>
          </Data>
        </ExtendedData>
        <Point>
          <coordinates>
            -57.9314702,-30.9941498,0
          </coordinates>
        </Point>
      </Placemark>
      <Placemark>
        <name>NICO NEUMATICOS</name>
        <description><![CDATA[<br><br>Descripción: <br>nombre: ]]></description>
        <styleUrl>#icon-1899-DB4436</styleUrl>
        <ExtendedData>
          <Data name="Descripción">
            <value/>
          </Data>
          <Data name="nombre">
            <value/>
          </Data>
        </ExtendedData>
        <Point>
          <coordinates>
            -57.9240119,-30.984683,0
          </coordinates>
        </Point>
      </Placemark>
      <Placemark>
        <name>Maxi Neumáticos</name>
        <description><![CDATA[<br><br>Descripción: <br>nombre: ]]></description>
        <styleUrl>#icon-1899-DB4436</styleUrl>
        <ExtendedData>
          <Data name="Descripción">
            <value/>
          </Data>
          <Data name="nombre">
            <value/>
          </Data>
        </ExtendedData>
        <Point>
          <coordinates>
            -57.9190014,-30.9959326,0
          </coordinates>
        </Point>
      </Placemark>
      <Placemark>
        <name>Calvo Neumáticos Lubricentro</name>
        <description><![CDATA[<br><br>Descripción: <br>nombre: ]]></description>
        <styleUrl>#icon-1899-DB4436</styleUrl>
        <ExtendedData>
          <Data name="Descripción">
            <value/>
          </Data>
          <Data name="nombre">
            <value/>
          </Data>
        </ExtendedData>
        <Point>
          <coordinates>
            -57.9242188,-30.9934851,0
          </coordinates>
        </Point>
      </Placemark>
      <Placemark>
        <name>Gomeria las rosas</name>
        <description><![CDATA[<br><br>Descripción: <br>nombre: ]]></description>
        <styleUrl>#icon-1899-DB4436</styleUrl>
        <ExtendedData>
          <Data name="Descripción">
            <value/>
          </Data>
          <Data name="nombre">
            <value/>
          </Data>
        </ExtendedData>
        <Point>
          <coordinates>
            -57.9275774,-30.9910893,0
          </coordinates>
        </Point>
      </Placemark>
      <Placemark>
        <name>Calvo Gomería Lubricentro</name>
        <description><![CDATA[<br><br>Descripción: <br>nombre: ]]></description>
        <styleUrl>#icon-1899-DB4436</styleUrl>
        <ExtendedData>
          <Data name="Descripción">
            <value/>
          </Data>
          <Data name="nombre">
            <value/>
          </Data>
        </ExtendedData>
        <Point>
          <coordinates>
            -57.9228208,-30.9958018,0
          </coordinates>
        </Point>
      </Placemark>
      <Placemark>
        <name><![CDATA[Gomeria "El Javi"]]></name>
        <description><![CDATA[<br><br>Descripción: <br>nombre: ]]></description>
        <styleUrl>#icon-1899-DB4436</styleUrl>
        <ExtendedData>
          <Data name="Descripción">
            <value/>
          </Data>
          <Data name="nombre">
            <value/>
          </Data>
        </ExtendedData>
        <Point>
          <coordinates>
            -57.9311167,-30.9907119,0
          </coordinates>
        </Point>
      </Placemark>
      <Placemark>
        <name>GOMERIA Y LUBRICENTRO SAN LUIS</name>
        <description><![CDATA[<br><br>Descripción: <br>nombre: ]]></description>
        <styleUrl>#icon-1899-DB4436</styleUrl>
        <ExtendedData>
          <Data name="Descripción">
            <value/>
          </Data>
          <Data name="nombre">
            <value/>
          </Data>
        </ExtendedData>
        <Point>
          <coordinates>
            -57.905749,-31.0103048,0
          </coordinates>
        </Point>
      </Placemark>
      <Placemark>
        <name>MP Servicios Neumáticos</name>
        <description><![CDATA[<br><br>Descripción: <br>nombre: ]]></description>
        <styleUrl>#icon-1899-DB4436</styleUrl>
        <ExtendedData>
          <Data name="Descripción">
            <value/>
          </Data>
          <Data name="nombre">
            <value/>
          </Data>
        </ExtendedData>
        <Point>
          <coordinates>
            -60.7586724,-31.67539,0
          </coordinates>
        </Point>
      </Placemark>
      <Placemark>
        <name>Gomeria SZ</name>
        <description><![CDATA[<br><br>Descripción: <br>nombre: ]]></description>
        <styleUrl>#icon-1899-DB4436</styleUrl>
        <ExtendedData>
          <Data name="Descripción">
            <value/>
          </Data>
          <Data name="nombre">
            <value/>
          </Data>
        </ExtendedData>
        <Point>
          <coordinates>
            -60.7762562,-31.6622258,0
          </coordinates>
        </Point>
      </Placemark>
      <Placemark>
        <name>Fleming Y Martolio Neumáticos</name>
        <description><![CDATA[<br><br>Descripción: <br>nombre: ]]></description>
        <styleUrl>#icon-1899-DB4436</styleUrl>
        <ExtendedData>
          <Data name="Descripción">
            <value/>
          </Data>
          <Data name="nombre">
            <value/>
          </Data>
        </ExtendedData>
        <Point>
          <coordinates>
            -60.7813645,-31.6709879,0
          </coordinates>
        </Point>
      </Placemark>
      <Placemark>
        <name>Gomería</name>
        <description><![CDATA[<br><br>Descripción: <br>nombre: ]]></description>
        <styleUrl>#icon-1899-DB4436</styleUrl>
        <ExtendedData>
          <Data name="Descripción">
            <value/>
          </Data>
          <Data name="nombre">
            <value/>
          </Data>
        </ExtendedData>
        <Point>
          <coordinates>
            -60.782555,-31.670392,0
          </coordinates>
        </Point>
      </Placemark>
      <Placemark>
        <name>Gomeria Ruta 11</name>
        <description><![CDATA[<br><br>Descripción: <br>nombre: ]]></description>
        <styleUrl>#icon-1899-DB4436</styleUrl>
        <ExtendedData>
          <Data name="Descripción">
            <value/>
          </Data>
          <Data name="nombre">
            <value/>
          </Data>
        </ExtendedData>
        <Point>
          <coordinates>
            -60.766666,-31.666582,0
          </coordinates>
        </Point>
      </Placemark>
      <Placemark>
        <name>Gomeria Nacho</name>
        <description><![CDATA[<br><br>Descripción: <br>nombre: ]]></description>
        <styleUrl>#icon-1899-DB4436</styleUrl>
        <ExtendedData>
          <Data name="Descripción">
            <value/>
          </Data>
          <Data name="nombre">
            <value/>
          </Data>
        </ExtendedData>
        <Point>
          <coordinates>
            -60.7614404,-31.6740074,0
          </coordinates>
        </Point>
      </Placemark>
      <Placemark>
        <name>Neumaticos Santo Tome</name>
        <description><![CDATA[<br><br>Descripción: <br>nombre: ]]></description>
        <styleUrl>#icon-1899-DB4436</styleUrl>
        <ExtendedData>
          <Data name="Descripción">
            <value/>
          </Data>
          <Data name="nombre">
            <value/>
          </Data>
        </ExtendedData>
        <Point>
          <coordinates>
            -60.7699797,-31.6739802,0
          </coordinates>
        </Point>
      </Placemark>
      <Placemark>
        <name>Taller Trotta de Alineación, Balanceo Y Neumáticos</name>
        <description><![CDATA[<br><br>Descripción: <br>nombre: ]]></description>
        <styleUrl>#icon-1899-DB4436</styleUrl>
        <ExtendedData>
          <Data name="Descripción">
            <value/>
          </Data>
          <Data name="nombre">
            <value/>
          </Data>
        </ExtendedData>
        <Point>
          <coordinates>
            -60.7674689,-31.6730064,0
          </coordinates>
        </Point>
      </Placemark>
      <Placemark>
        <name>Gomeria Ernesto Neumaticos</name>
        <description><![CDATA[<br><br>Descripción: <br>nombre: ]]></description>
        <styleUrl>#icon-1899-DB4436</styleUrl>
        <ExtendedData>
          <Data name="Descripción">
            <value/>
          </Data>
          <Data name="nombre">
            <value/>
          </Data>
        </ExtendedData>
        <Point>
          <coordinates>
            -60.770242,-31.6723818,0
          </coordinates>
        </Point>
      </Placemark>
      <Placemark>
        <name>Neumaticos Burkardt</name>
        <description><![CDATA[<br><br>Descripción: <br>nombre: ]]></description>
        <styleUrl>#icon-1899-DB4436</styleUrl>
        <ExtendedData>
          <Data name="Descripción">
            <value/>
          </Data>
          <Data name="nombre">
            <value/>
          </Data>
        </ExtendedData>
        <Point>
          <coordinates>
            -60.7682324,-31.6716385,0
          </coordinates>
        </Point>
      </Placemark>
      <Placemark>
        <name>Gomería Yugo</name>
        <description><![CDATA[<br><br>Descripción: <br>nombre: ]]></description>
        <styleUrl>#icon-1899-DB4436</styleUrl>
        <ExtendedData>
          <Data name="Descripción">
            <value/>
          </Data>
          <Data name="nombre">
            <value/>
          </Data>
        </ExtendedData>
        <Point>
          <coordinates>
            -68.0901025,-40.8420749,0
          </coordinates>
        </Point>
      </Placemark>
      <Placemark>
        <name>Gomeria y lavadero martin</name>
        <description><![CDATA[<br><br>Descripción: <br>nombre: ]]></description>
        <styleUrl>#icon-1899-DB4436</styleUrl>
        <ExtendedData>
          <Data name="Descripción">
            <value/>
          </Data>
          <Data name="nombre">
            <value/>
          </Data>
        </ExtendedData>
        <Point>
          <coordinates>
            -69.5447431,-41.3337513,0
          </coordinates>
        </Point>
      </Placemark>
      <Placemark>
        <name>Gomeria El KUKI</name>
        <description><![CDATA[<br><br>Descripción: <br>nombre: ]]></description>
        <styleUrl>#icon-1899-DB4436</styleUrl>
        <ExtendedData>
          <Data name="Descripción">
            <value/>
          </Data>
          <Data name="nombre">
            <value/>
          </Data>
        </ExtendedData>
        <Point>
          <coordinates>
            -69.5549928,-41.3315742,0
          </coordinates>
        </Point>
      </Placemark>
      <Placemark>
        <name>Gomería</name>
        <description><![CDATA[<br><br>Descripción: <br>nombre: ]]></description>
        <styleUrl>#icon-1899-DB4436</styleUrl>
        <ExtendedData>
          <Data name="Descripción">
            <value/>
          </Data>
          <Data name="nombre">
            <value/>
          </Data>
        </ExtendedData>
        <Point>
          <coordinates>
            -65.0833941,-40.8027362,0
          </coordinates>
        </Point>
      </Placemark>
      <Placemark>
        <name>Gomería Mario</name>
        <description><![CDATA[<br><br>Descripción: <br>nombre: ]]></description>
        <styleUrl>#icon-1899-DB4436</styleUrl>
        <ExtendedData>
          <Data name="Descripción">
            <value/>
          </Data>
          <Data name="nombre">
            <value/>
          </Data>
        </ExtendedData>
        <Point>
          <coordinates>
            -65.0799815,-40.7964867,0
          </coordinates>
        </Point>
      </Placemark>
      <Placemark>
        <name>Gomeria Pedrito</name>
        <description><![CDATA[<br><br>Descripción: <br>nombre: ]]></description>
        <styleUrl>#icon-1899-DB4436</styleUrl>
        <ExtendedData>
          <Data name="Descripción">
            <value/>
          </Data>
          <Data name="nombre">
            <value/>
          </Data>
        </ExtendedData>
        <Point>
          <coordinates>
            -65.0782326,-40.7949485,0
          </coordinates>
        </Point>
      </Placemark>
      <Placemark>
        <name>Gomeria el gringo</name>
        <description><![CDATA[<br><br>Descripción: <br>nombre: ]]></description>
        <styleUrl>#icon-1899-DB4436</styleUrl>
        <ExtendedData>
          <Data name="Descripción">
            <value/>
          </Data>
          <Data name="nombre">
            <value/>
          </Data>
        </ExtendedData>
        <Point>
          <coordinates>
            -61.1723303,-26.5114259,0
          </coordinates>
        </Point>
      </Placemark>
      <Placemark>
        <name><![CDATA[Gomería & mecánica]]></name>
        <description><![CDATA[<br><br>Descripción: <br>nombre: ]]></description>
        <styleUrl>#icon-1899-DB4436</styleUrl>
        <ExtendedData>
          <Data name="Descripción">
            <value/>
          </Data>
          <Data name="nombre">
            <value/>
          </Data>
        </ExtendedData>
        <Point>
          <coordinates>
            -56.7389642,-36.3451803,0
          </coordinates>
        </Point>
      </Placemark>
      <Placemark>
        <name>Gomeria Chiliguay</name>
        <description><![CDATA[<br><br>Descripción: <br>nombre: ]]></description>
        <styleUrl>#icon-1899-DB4436</styleUrl>
        <ExtendedData>
          <Data name="Descripción">
            <value/>
          </Data>
          <Data name="nombre">
            <value/>
          </Data>
        </ExtendedData>
        <Point>
          <coordinates>
            -66.16511,-25.1210686,0
          </coordinates>
        </Point>
      </Placemark>
      <Placemark>
        <name>Gomero</name>
        <description><![CDATA[<br><br>Descripción: <br>nombre: ]]></description>
        <styleUrl>#icon-1899-DB4436</styleUrl>
        <ExtendedData>
          <Data name="Descripción">
            <value/>
          </Data>
          <Data name="nombre">
            <value/>
          </Data>
        </ExtendedData>
        <Point>
          <coordinates>
            -66.1625821,-25.1207964,0
          </coordinates>
        </Point>
      </Placemark>
      <Placemark>
        <name>Gomeria Ruta 40(armando Manrique)</name>
        <description><![CDATA[<br><br>Descripción: <br>nombre: ]]></description>
        <styleUrl>#icon-1899-DB4436</styleUrl>
        <ExtendedData>
          <Data name="Descripción">
            <value/>
          </Data>
          <Data name="nombre">
            <value/>
          </Data>
        </ExtendedData>
        <Point>
          <coordinates>
            -68.438766,-31.9806994,0
          </coordinates>
        </Point>
      </Placemark>
      <Placemark>
        <name>GOMERIA LEO</name>
        <description><![CDATA[<br><br>Descripción: <br>nombre: ]]></description>
        <styleUrl>#icon-1899-DB4436</styleUrl>
        <ExtendedData>
          <Data name="Descripción">
            <value/>
          </Data>
          <Data name="nombre">
            <value/>
          </Data>
        </ExtendedData>
        <Point>
          <coordinates>
            -68.7741834,-32.8059029,0
          </coordinates>
        </Point>
      </Placemark>
      <Placemark>
        <name>Gomeria</name>
        <description><![CDATA[<br><br>Descripción: <br>nombre: ]]></description>
        <styleUrl>#icon-1899-DB4436</styleUrl>
        <ExtendedData>
          <Data name="Descripción">
            <value/>
          </Data>
          <Data name="nombre">
            <value/>
          </Data>
        </ExtendedData>
        <Point>
          <coordinates>
            -68.8878391,-33.2207409,0
          </coordinates>
        </Point>
      </Placemark>
      <Placemark>
        <name>Gomeria el piri</name>
        <description><![CDATA[<br><br>Descripción: <br>nombre: ]]></description>
        <styleUrl>#icon-1899-DB4436</styleUrl>
        <ExtendedData>
          <Data name="Descripción">
            <value/>
          </Data>
          <Data name="nombre">
            <value/>
          </Data>
        </ExtendedData>
        <Point>
          <coordinates>
            -68.8857703,-33.217285,0
          </coordinates>
        </Point>
      </Placemark>
      <Placemark>
        <name>Gomeria Neumatica COCO</name>
        <description><![CDATA[<br><br>Descripción: <br>nombre: ]]></description>
        <styleUrl>#icon-1899-DB4436</styleUrl>
        <ExtendedData>
          <Data name="Descripción">
            <value/>
          </Data>
          <Data name="nombre">
            <value/>
          </Data>
        </ExtendedData>
        <Point>
          <coordinates>
            -69.0204393,-33.6092991,0
          </coordinates>
        </Point>
      </Placemark>
      <Placemark>
        <name>Gomería El Luko</name>
        <description><![CDATA[<br><br>Descripción: <br>nombre: ]]></description>
        <styleUrl>#icon-1899-DB4436</styleUrl>
        <ExtendedData>
          <Data name="Descripción">
            <value/>
          </Data>
          <Data name="nombre">
            <value/>
          </Data>
        </ExtendedData>
        <Point>
          <coordinates>
            -69.0626468,-33.783616,0
          </coordinates>
        </Point>
      </Placemark>
      <Placemark>
        <name>GOMERIA MORALES DE FLOTA PESADA</name>
        <description><![CDATA[<br><br>Descripción: <br>nombre: ]]></description>
        <styleUrl>#icon-1899-DB4436</styleUrl>
        <ExtendedData>
          <Data name="Descripción">
            <value/>
          </Data>
          <Data name="nombre">
            <value/>
          </Data>
        </ExtendedData>
        <Point>
          <coordinates>
            -69.7937775,-36.967222,0
          </coordinates>
        </Point>
      </Placemark>
      <Placemark>
        <name>Cnito Gomería</name>
        <description><![CDATA[<br><br>Descripción: <br>nombre: ]]></description>
        <styleUrl>#icon-1899-DB4436</styleUrl>
        <ExtendedData>
          <Data name="Descripción">
            <value/>
          </Data>
          <Data name="nombre">
            <value/>
          </Data>
        </ExtendedData>
        <Point>
          <coordinates>
            -71.3065517,-40.1460325,0
          </coordinates>
        </Point>
      </Placemark>
      <Placemark>
        <name>Gomería Sobre Ruedas</name>
        <description><![CDATA[<br><br>Descripción: <br>nombre: ]]></description>
        <styleUrl>#icon-1899-DB4436</styleUrl>
        <ExtendedData>
          <Data name="Descripción">
            <value/>
          </Data>
          <Data name="nombre">
            <value/>
          </Data>
        </ExtendedData>
        <Point>
          <coordinates>
            -71.3059089,-40.1455323,0
          </coordinates>
        </Point>
      </Placemark>
      <Placemark>
        <name>Gomeria puerta neumáticos Pirelli</name>
        <description><![CDATA[<br><br>Descripción: <br>nombre: ]]></description>
        <styleUrl>#icon-1899-DB4436</styleUrl>
        <ExtendedData>
          <Data name="Descripción">
            <value/>
          </Data>
          <Data name="nombre">
            <value/>
          </Data>
        </ExtendedData>
        <Point>
          <coordinates>
            -71.3056872,-40.1451992,0
          </coordinates>
        </Point>
      </Placemark>
      <Placemark>
        <name>Gomeria los peques</name>
        <description><![CDATA[<br><br>Descripción: <br>nombre: ]]></description>
        <styleUrl>#icon-1899-DB4436</styleUrl>
        <ExtendedData>
          <Data name="Descripción">
            <value/>
          </Data>
          <Data name="nombre">
            <value/>
          </Data>
        </ExtendedData>
        <Point>
          <coordinates>
            -59.8592406,-37.6495644,0
          </coordinates>
        </Point>
      </Placemark>
      <Placemark>
        <name>Gomeria Las Américas</name>
        <description><![CDATA[<br><br>Descripción: <br>nombre: ]]></description>
        <styleUrl>#icon-1899-DB4436</styleUrl>
        <ExtendedData>
          <Data name="Descripción">
            <value/>
          </Data>
          <Data name="nombre">
            <value/>
          </Data>
        </ExtendedData>
        <Point>
          <coordinates>
            -67.6302778,-27.7115223,0
          </coordinates>
        </Point>
      </Placemark>
      <Placemark>
        <name>Gomeria La Familia</name>
        <description><![CDATA[<br><br>Descripción: <br>nombre: ]]></description>
        <styleUrl>#icon-1899-DB4436</styleUrl>
        <ExtendedData>
          <Data name="Descripción">
            <value/>
          </Data>
          <Data name="nombre">
            <value/>
          </Data>
        </ExtendedData>
        <Point>
          <coordinates>
            -65.0018745,-31.7573927,0
          </coordinates>
        </Point>
      </Placemark>
      <Placemark>
        <name>Gomeria</name>
        <description><![CDATA[<br><br>Descripción: <br>nombre: ]]></description>
        <styleUrl>#icon-1899-DB4436</styleUrl>
        <ExtendedData>
          <Data name="Descripción">
            <value/>
          </Data>
          <Data name="nombre">
            <value/>
          </Data>
        </ExtendedData>
        <Point>
          <coordinates>
            -64.989315,-31.8973384,0
          </coordinates>
        </Point>
      </Placemark>
      <Placemark>
        <name>Gomeria Service Cars</name>
        <description><![CDATA[<br><br>Descripción: <br>nombre: ]]></description>
        <styleUrl>#icon-1899-DB4436</styleUrl>
        <ExtendedData>
          <Data name="Descripción">
            <value/>
          </Data>
          <Data name="nombre">
            <value/>
          </Data>
        </ExtendedData>
        <Point>
          <coordinates>
            -64.9763223,-31.8594988,0
          </coordinates>
        </Point>
      </Placemark>
      <Placemark>
        <name>-54.80503, -68.31492</name>
        <description><![CDATA[<br><br><br><br>Descripción: 14 de febrero de 2023 <br>Habíamos concertado una cita a la que el mecánico no pudo asistir. Entonces tuvimos que regresar al día siguiente. Pagamos 5000 pesos (aprox. 14 USD) para que nos repararan un golpe de piedra. El trabajo no fue bueno. Al cabo de unos días ya tenía nuevas grietas. No volvería a ir.<br><br>15 de noviembre de 2016 por panamericana.de <br>Realizamos una reparación de parabrisas inteligente en Mar y Sol. Bastante rápido (2 horas), muy amigable y al final no muy caro (400 pesos). Ripios, ¡allá vamos de nuevo!<br><br>9 de mayo de 2016 <br>Taller de reparación de parabrisas y reparación de neumáticos. Muy amigable. No hablamos inglés, pero nos las arreglamos para salir adelante;) Pagamos 200 ARG por la reparación del parabrisas astillado.<br><br>25 de enero de 2016 <br>Es una gomeria, arreglan parabrisas.<br>nombre: ]]></description>
        <styleUrl>#icon-1899-DB4436</styleUrl>
        <ExtendedData>
          <Data name="Descripción">
            <value>14 de febrero de 2023 
Habíamos concertado una cita a la que el mecánico no pudo asistir. Entonces tuvimos que regresar al día siguiente. Pagamos 5000 pesos (aprox. 14 USD) para que nos repararan un golpe de piedra. El trabajo no fue bueno. Al cabo de unos días ya tenía nuevas grietas. No volvería a ir.

15 de noviembre de 2016 por panamericana.de 
Realizamos una reparación de parabrisas inteligente en Mar y Sol. Bastante rápido (2 horas), muy amigable y al final no muy caro (400 pesos). Ripios, ¡allá vamos de nuevo!

9 de mayo de 2016 
Taller de reparación de parabrisas y reparación de neumáticos. Muy amigable. No hablamos inglés, pero nos las arreglamos para salir adelante;) Pagamos 200 ARG por la reparación del parabrisas astillado.

25 de enero de 2016 
Es una gomeria, arreglan parabrisas.</value>
          </Data>
          <Data name="nombre">
            <value/>
          </Data>
</ExtendedData>
        <Point>
          <coordinates>
            -68.31492,-54.80503,0
          </coordinates>
        </Point>
      </Placemark>
      <Placemark>
        <name>-53.12678, -70.91794</name>
        <description><![CDATA[<br><br><br><br>Descripción: 20 de octubre de 2023 <br>Jorge es un hombre muy agradable y capaz. Cambio llanta trasera y lavado de mi moto por 15.000 pesos chilenos. Recomendar👍<br><br>20 de octubre de 2023 <br>Jorge es un hombre muy agradable y capaz. Cambio llanta trasera y lavado de mi moto por 15.000 pesos chilenos. Recomendar👍<br><br>16 de marzo de 2019 por jorohaeckie <br>¡Jorge es un tipo amigable y divertido! Cuando buscaba un lugar para cambiar las llantas de mi moto, llamé por ahí y me derivaron a Gomería Perrito.<br><br>Me cambió los dos neumáticos en 45 minutos, sacó las ruedas él mismo y todo. Él mismo conduce una Husaberg 450 de enduro y, cuando me iba, llegaron algunas motos de enduro más para cambiarles los neumáticos, así que parece que los lugareños también están contentos con sus servicios :)<br><br>Precio muy justo también: 10.000 CLP por ambos neumáticos. Podría dejar los neumáticos viejos allí.<br><br>Recomiendo totalmente este lugar, ya que no parece haber muchos otros lugares donde puedas cambiar neumáticos de motocicleta (aparte de Motos Alejandro Lago, que es demasiado caro y limpia tu bicicleta sin ningún motivo, solo por $$ extra).<br>nombre: <br><br><br><br><br><br>]]></description>
        <styleUrl>#icon-1899-DB4436</styleUrl>
        <ExtendedData>
          <Data name="Descripción">
            <value>20 de octubre de 2023 
Jorge es un hombre muy agradable y capaz. Cambio llanta trasera y lavado de mi moto por 15.000 pesos chilenos. Recomendar👍

20 de octubre de 2023 
Jorge es un hombre muy agradable y capaz. Cambio llanta trasera y lavado de mi moto por 15.000 pesos chilenos. Recomendar👍

16 de marzo de 2019 por jorohaeckie 
¡Jorge es un tipo amigable y divertido! Cuando buscaba un lugar para cambiar las llantas de mi moto, llamé por ahí y me derivaron a Gomería Perrito.

Me cambió los dos neumáticos en 45 minutos, sacó las ruedas él mismo y todo. Él mismo conduce una Husaberg 450 de enduro y, cuando me iba, llegaron algunas motos de enduro más para cambiarles los neumáticos, así que parece que los lugareños también están contentos con sus servicios :)

Precio muy justo también: 10.000 CLP por ambos neumáticos. Podría dejar los neumáticos viejos allí.

Recomiendo totalmente este lugar, ya que no parece haber muchos otros lugares donde puedas cambiar neumáticos de motocicleta (aparte de Motos Alejandro Lago, que es demasiado caro y limpia tu bicicleta sin ningún motivo, solo por $$ extra).</value>
          </Data>
          <Data name="nombre">
            <value/>
          </Data>
</ExtendedData>
        <Point>
          <coordinates>
            -70.91794,-53.12678,0
          </coordinates>
        </Point>
      </Placemark>
      <Placemark>
        <name>-49.33251, -72.88372</name>
        <description><![CDATA[<br><br><br><br>Descripción: 17 de julio de 2023 <br>son ladrones. precios exorbitantes. evitar tanto como sea posible.<br><br>2 de febrero de 2023 <br>¡¡¡Evítales!!! ¡mentirosos!<br>2 pinchazos 8000 pesos<br><br>29 de noviembre de 2022 <br>¡Evita a estos tipos si puedes! Son una estafa. Vine aquí para verificar la presión de los neumáticos porque nuestro auto dijo que un neumático tenía poco aire. Tienen un cartel que dice que el aire cuesta 400 pesos. Ya es una broma teniendo en cuenta que es gratis en la mayoría de las estaciones de servicio. Pero cuando quisimos pagar, dijo que eran 1600 (!!) porque es "por neumático" y los revisó todos. ¡Comprobado, ni siquiera inflado! Por suerte no acepté hacer la reparación allí, no quiero ni imaginar el precio por eso. Sólo tuvimos un pequeño pinchazo y pudimos conducir hasta El Calafate. ¡Conseguí una reparación completa de pinchazo (!) allí por 700 pesos! Así de estafa es este tipo.<br><br>19 de octubre de 2022 <br>Puedo relacionarme con el último comentario. Tuvimos una muy mala experiencia. Acordar un precio de antemano. El (nuevo) propietario nos cobrará de más, intentó cobrarnos por inflar 5 neumáticos en lugar de los dos que realmente hizo (nuestro coche tiene 4 neumáticos...) después de una discusión rechazó nuestro dinero, no nos devolvió las tapas de las válvulas y Terminó amenazándonos con un tubo de metal.<br><br>2 de abril de 2022 <br>¡Los comentarios anteriores deben ser para otro chico que probablemente estuvo aquí! La experiencia no fue la misma para mí. Se me pinchó una llanta y después de unos minutos mirándola, me sugirió sacarla y ver qué pasaba. Busqué en Google Maps otra tienda y encontré muchas reseñas que dicen lo mismo sobre este lugar. ¡Terminé cobrándome $1600! ¡que es el doble del precio de la mayoría de las tiendas y el avión cuesta $ 400! Tiene un gran cartel afuera. ¡Evítalo si puedes! Debería haber otro lugar en el siguiente camino.<br><br>14 de marzo de 2020<br>Un tipo amable y servicial, nos ayudó a aflojar las tuercas de las ruedas y soldó una herramienta para reemplazar nuestra llave dinamométrica rota un sábado por la tarde. No quería dinero, sólo la herramienta rota que no nos servía de nada. Sí le dimos 500 pesos por un par de cervezas.<br><br>15 de diciembre de 2018 <br>Llegué aquí el sábado por la tarde casi a las 6 de la tarde. Sigue abierto. En mi muy poco español, creo que dijo que la tienda está abierta hasta las 9 pm. También abren los domingos a partir de las 12:00 horas. Estoy en moto, por lo que él utiliza vehículos de 4 y 2 ruedas.<br><br>16 de marzo de 2018 por Fred Manseau<br>Cuesta 300 reparar una llanta pinchada. Estuvimos allí un jueves y abre a las 11 am.<br><br>7 de marzo de 2017 <br>Necesitaba reemplazar la cámara de aire trasera de mi motocicleta debido a un pinchazo grave (llevaba una de repuesto). También reparé la vieja cámara de aire. Fue atendido de inmediato. El costo fue de 450 pesos pero no acordé el precio antes de terminar el trabajo ya que necesitaba dirigirme al norte el mismo día.<br><br>Hay bastantes herramientas en el taller junto con una máquina para cambiar neumáticos y lo que parecía una máquina equilibradora automática de ruedas. Lo mejor es llegar por la mañana.<br><br>26 de febrero de 2016 Gomería en El Chaltén: personas muy serviciales y hacen lo que pueden. Para preparar llantas y ayudar con el aire.<br>nombre: ]]></description>
        <styleUrl>#icon-1899-DB4436</styleUrl>
        <ExtendedData>
          <Data name="Descripción">
            <value><![CDATA[17 de julio de 2023 
son ladrones. precios exorbitantes. evitar tanto como sea posible.

2 de febrero de 2023 
¡¡¡Evítales!!! ¡mentirosos!
2 pinchazos 8000 pesos

29 de noviembre de 2022 
¡Evita a estos tipos si puedes! Son una estafa. Vine aquí para verificar la presión de los neumáticos porque nuestro auto dijo que un neumático tenía poco aire. Tienen un cartel que dice que el aire cuesta 400 pesos. Ya es una broma teniendo en cuenta que es gratis en la mayoría de las estaciones de servicio. Pero cuando quisimos pagar, dijo que eran 1600 (!!) porque es "por neumático" y los revisó todos. ¡Comprobado, ni siquiera inflado! Por suerte no acepté hacer la reparación allí, no quiero ni imaginar el precio por eso. Sólo tuvimos un pequeño pinchazo y pudimos conducir hasta El Calafate. ¡Conseguí una reparación completa de pinchazo (!) allí por 700 pesos! Así de estafa es este tipo.

19 de octubre de 2022 
Puedo relacionarme con el último comentario. Tuvimos una muy mala experiencia. Acordar un precio de antemano. El (nuevo) propietario nos cobrará de más, intentó cobrarnos por inflar 5 neumáticos en lugar de los dos que realmente hizo (nuestro coche tiene 4 neumáticos...) después de una discusión rechazó nuestro dinero, no nos devolvió las tapas de las válvulas y Terminó amenazándonos con un tubo de metal.

2 de abril de 2022 
¡Los comentarios anteriores deben ser para otro chico que probablemente estuvo aquí! La experiencia no fue la misma para mí. Se me pinchó una llanta y después de unos minutos mirándola, me sugirió sacarla y ver qué pasaba. Busqué en Google Maps otra tienda y encontré muchas reseñas que dicen lo mismo sobre este lugar. ¡Terminé cobrándome $1600! ¡que es el doble del precio de la mayoría de las tiendas y el avión cuesta $ 400! Tiene un gran cartel afuera. ¡Evítalo si puedes! Debería haber otro lugar en el siguiente camino.

14 de marzo de 2020
Un tipo amable y servicial, nos ayudó a aflojar las tuercas de las ruedas y soldó una herramienta para reemplazar nuestra llave dinamométrica rota un sábado por la tarde. No quería dinero, sólo la herramienta rota que no nos servía de nada. Sí le dimos 500 pesos por un par de cervezas.

15 de diciembre de 2018 
Llegué aquí el sábado por la tarde casi a las 6 de la tarde. Sigue abierto. En mi muy poco español, creo que dijo que la tienda está abierta hasta las 9 pm. También abren los domingos a partir de las 12:00 horas. Estoy en moto, por lo que él utiliza vehículos de 4 y 2 ruedas.

16 de marzo de 2018 por Fred Manseau
Cuesta 300 reparar una llanta pinchada. Estuvimos allí un jueves y abre a las 11 am.

7 de marzo de 2017 
Necesitaba reemplazar la cámara de aire trasera de mi motocicleta debido a un pinchazo grave (llevaba una de repuesto). También reparé la vieja cámara de aire. Fue atendido de inmediato. El costo fue de 450 pesos pero no acordé el precio antes de terminar el trabajo ya que necesitaba dirigirme al norte el mismo día.

Hay bastantes herramientas en el taller junto con una máquina para cambiar neumáticos y lo que parecía una máquina equilibradora automática de ruedas. Lo mejor es llegar por la mañana.

26 de febrero de 2016 Gomería en El Chaltén: personas muy serviciales y hacen lo que pueden. Para preparar llantas y ayudar con el aire.]]></value>
          </Data>
          <Data name="nombre">
            <value/>
          </Data>
</ExtendedData>
        <Point>
          <coordinates>
            -72.88372,-49.33251,0
          </coordinates>
        </Point>
      </Placemark>
      <Placemark>
        <name>-47.25099, -72.56196</name>
        <description><![CDATA[<br><br><br><br>Descripción: 26 de octubre de 2023 por George <br>7000CLP para arreglar un neumático. El mecánico fue encantador y muy rápido, así que le dimos 10000 CLP y todavía sentimos que teníamos una ganga, ¡ya que nos permitió continuar con nuestra aventura!<br><br>15 de abril de 2023 <br>Arreglamos nuestro neumático inmediatamente un sábado por un premio realmente justo. Un tipo muy agradable y totalmente servicial.<br><br>15 de febrero de 2023 por flono <br>Extraer un perno M8 de un neumático, tapar el orificio e inflarlo, listo mientras espera. CLP 10k parece un precio razonable. Puede que haya un puente en Paso Roballos al que le falta una tabla :(<br><br>18 de enero de 2023 por www.wiedekamm.com <br>Excelente Taller de ruedas y tieres. solo reparación, sin nuevos niveles.<br><br>8 de noviembre de 2021<br>Don Segua, gran servicio, cambio dos ruedas por 10.000 pesos.<br><br>28 de febrero de 2020 <br>muy rápido y bueno. En 30 minutos estábamos nuevamente en camino mientras teníamos un clavo grande en uno de nuestros neumáticos.<br><br>15 de enero de 2020 <br>Como dicen los comentarios, un vendedor de llantas en la plaza principal nos recomendó que nuestro pinchazo solo necesita ser reparado por él y que no es necesario comprar una llanta nueva. Ha hecho la reparación directamente, en 15 minutos, por 5000 pesos. ¡Agradable y eficiente, altamente recomendado!<br><br>18 de marzo de 2019 por dnesletim.eu <br>¡¡Debo estar de acuerdo!! ¡Este hombre es realmente bueno! ¡Teníamos una piedra puntiaguda en nuestro neumático y lo reparó en un minuto por 5.000! Un tipo realmente agradable. ¡Muy recomendable! Si no estará allí, tiene un número de teléfono en sus puertas (grabado pero lo intentamos y definitivamente es suyo).<br><br>25 de febrero de 2019 por dos en gira por takla <br>No conocimos a Segundo, pero Iván hizo un gran trabajo con nuestros neumáticos. Tenemos un tamaño de tubo que no está disponible aquí, pero encontró una solución para utilizar el tubo defectuoso a pesar de sus puntos débiles. Limpió nuestros neumáticos mucho más a fondo que otros y, con suerte, nuestra larga historia de pinchazos ha llegado a su fin. No pueden equilibrar las ruedas.<br><br>25 de abril de 2018 por instagram.com/beaworldnomad/ <br>Si tienes algún problema con tus ruedas, ¡Segundo es el hombre que estás buscando! limpió 2 ruedas de nuestro 4x4 después de un incidente que tuvimos en la carretera Austral😬😬 y solo nos cobró 8000clp por 45 min de trabajo, muy amable y confiable!<br><br>10 de febrero de 2018 por laroutedoan <br>Segundo es el mejor! Tuvo que venir a salvarnos en plena Reserva Patagonia, ¡¡¡un tipo increíble!!! ¡¡¡No hace falta decir nada más, solo ve con él!!!<br><br>27 de diciembre de 2017 por alles-selbst-erlebt.de <br>¡Super servicio, rápido y competente! Nos cobraron 10.000 CLP por reparar nuestra llanta de camioneta 4x4.<br><br>4 de marzo de 2017 por mowagon <br>Si necesita algo relacionado con ruedas o neumáticos, diríjase a Segundo (como se le conoce). Destruimos nuestras llantas en la Carretera Austral y no pudimos reemplazarlas (tamaño difícil). Segundo nos encontró una solución (temporal) cuando otras 3 gomerías en O'Higgins y Cochrane no podían/no querían. Nos dijo. La otra gomería del pueblo (en la entrada) era mala, teníamos que estar de acuerdo. Un tipo realmente amigable y su taller está súper ordenado y bien equipado.<br>nombre: <br><br><br><br>]]></description>
        <styleUrl>#icon-1899-DB4436</styleUrl>
        <ExtendedData>
          <Data name="Descripción">
            <value><![CDATA[26 de octubre de 2023 por George 
7000CLP para arreglar un neumático. El mecánico fue encantador y muy rápido, así que le dimos 10000 CLP y todavía sentimos que teníamos una ganga, ¡ya que nos permitió continuar con nuestra aventura!

15 de abril de 2023 
Arreglamos nuestro neumático inmediatamente un sábado por un premio realmente justo. Un tipo muy agradable y totalmente servicial.

15 de febrero de 2023 por flono 
Extraer un perno M8 de un neumático, tapar el orificio e inflarlo, listo mientras espera. CLP 10k parece un precio razonable. Puede que haya un puente en Paso Roballos al que le falta una tabla :(

18 de enero de 2023 por www.wiedekamm.com 
Excelente Taller de ruedas y tieres. solo reparación, sin nuevos niveles.

8 de noviembre de 2021
Don Segua, gran servicio, cambio dos ruedas por 10.000 pesos.

28 de febrero de 2020 
muy rápido y bueno. En 30 minutos estábamos nuevamente en camino mientras teníamos un clavo grande en uno de nuestros neumáticos.

15 de enero de 2020 
Como dicen los comentarios, un vendedor de llantas en la plaza principal nos recomendó que nuestro pinchazo solo necesita ser reparado por él y que no es necesario comprar una llanta nueva. Ha hecho la reparación directamente, en 15 minutos, por 5000 pesos. ¡Agradable y eficiente, altamente recomendado!

18 de marzo de 2019 por dnesletim.eu 
¡¡Debo estar de acuerdo!! ¡Este hombre es realmente bueno! ¡Teníamos una piedra puntiaguda en nuestro neumático y lo reparó en un minuto por 5.000! Un tipo realmente agradable. ¡Muy recomendable! Si no estará allí, tiene un número de teléfono en sus puertas (grabado pero lo intentamos y definitivamente es suyo).

25 de febrero de 2019 por dos en gira por takla 
No conocimos a Segundo, pero Iván hizo un gran trabajo con nuestros neumáticos. Tenemos un tamaño de tubo que no está disponible aquí, pero encontró una solución para utilizar el tubo defectuoso a pesar de sus puntos débiles. Limpió nuestros neumáticos mucho más a fondo que otros y, con suerte, nuestra larga historia de pinchazos ha llegado a su fin. No pueden equilibrar las ruedas.

25 de abril de 2018 por instagram.com/beaworldnomad/ 
Si tienes algún problema con tus ruedas, ¡Segundo es el hombre que estás buscando! limpió 2 ruedas de nuestro 4x4 después de un incidente que tuvimos en la carretera Austral😬😬 y solo nos cobró 8000clp por 45 min de trabajo, muy amable y confiable!

10 de febrero de 2018 por laroutedoan 
Segundo es el mejor! Tuvo que venir a salvarnos en plena Reserva Patagonia, ¡¡¡un tipo increíble!!! ¡¡¡No hace falta decir nada más, solo ve con él!!!

27 de diciembre de 2017 por alles-selbst-erlebt.de 
¡Super servicio, rápido y competente! Nos cobraron 10.000 CLP por reparar nuestra llanta de camioneta 4x4.

4 de marzo de 2017 por mowagon 
Si necesita algo relacionado con ruedas o neumáticos, diríjase a Segundo (como se le conoce). Destruimos nuestras llantas en la Carretera Austral y no pudimos reemplazarlas (tamaño difícil). Segundo nos encontró una solución (temporal) cuando otras 3 gomerías en O'Higgins y Cochrane no podían/no querían. Nos dijo. La otra gomería del pueblo (en la entrada) era mala, teníamos que estar de acuerdo. Un tipo realmente amigable y su taller está súper ordenado y bien equipado.]]></value>
          </Data>
          <Data name="nombre">
            <value/>
          </Data>
</ExtendedData>
        <Point>
          <coordinates>
            -72.56196,-47.25099,0
          </coordinates>
        </Point>
      </Placemark>
      <Placemark>
        <name>-35.629811063549475, -59.782563860628585</name>
        <description><![CDATA[<br><br>23 de junio 2023 por Oscar Marcelo Lobos                                                            Que Saladillo se entere:<br>Ayer fui a la gomería para reparar una rueda pinchada (con cámara). Veo que el gomero la desarma como es habitual, luego va a una estantería y saca una cámara nueva (me llamó la atención, pero pensé que sería para alguien que la vendría a buscar después), pero puso la cámara nueva en la rueda que yo había llevado, y pensé que si no servía más, debía haberme consultado, porque hoy, nada es barato.<br>Por las dudas, miré desde lejos mi cámara en el suelo y vi que sólo tenía 1 parche anterior, y un poco de óxido alrededor del pico, pero estaba buena.<br>Cuando terminó de armar y me trajo la rueda le pregunté ¿estaba picada por el óxido de la llanta?, y me contestó: - No, cuando la desarmé, se me rompió el pico, así que me hago cargo, te cobro sólo el desarme y arme.<br>Gracias por la Honestidad GOMERÍA RUTI (Colectora Sur de la Ruta 205 y Estrada)<br><br>Descripción: <br>nombre: Gomeria Ruti<br><br>]]></description>
        <styleUrl>#icon-1899-DB4436</styleUrl>
        <ExtendedData>
          <Data name="Descripción">
            <value/>
          </Data>
          <Data name="nombre">
            <value>Gomeria Ruti</value>
          </Data>
</ExtendedData>
        <Point>
          <coordinates>
            -59.7825638606286,-35.6298110635495,0
          </coordinates>
        </Point>
      </Placemark>
      <Placemark>
        <name>-22.44894, -68.93289</name>
        <description><![CDATA[<br><br>19 de julio de 2024 por soliddigital43 <br>Perfecto para comprar amortiguadores nuevos y alinear neumáticos. También conocimiento de vehículos todoterreno y 4x4. Precios aceptables, trabajo profesional. ¡Tuve muchos problemas con los amortiguadores antes y aquí me siento bien!<br><br>7 de febrero de 2020 por Wyld Eagle Adventures <br>Me dijeron que este es el lugar para la suspensión y los amortiguadores. Vine aquí para conseguir amortiguadores nuevos, pero después de la inspección me dijeron que solo era la polea exterior la que estaba suelta y hacía ruido, pero que no necesitaba reemplazarla. Luego pedí una alineación, ya que tienen el equipo computarizado para eso. Dijeron que no debería hacerlo ahora si me dirigía a San Pedro, ya que se desalinearía nuevamente. Debería esperar hasta que permanezca en caminos pavimentados. Finalmente, limpiaron un interruptor polvoriento que funcionaba mal con un aerosol limpiador de contactos y aire y no me cobraron nada. ¡Así que puedo recomendar este lugar!<br><br>26 de diciembre de 2019 por true.dit <br>Este es el único lugar donde pudimos encontrar el filtro que necesitábamos, tienen una gran selección de repuestos. Amable.<br><br>17 de noviembre de 2014 por Canción del Camino <br>Intentamos comprar neumáticos nuevos aquí. Eran caros, pero de una buena marca (BF Goodrich All Terrains). Necesitábamos neumáticos 295/70R17, pero solo tenían 315/70R17. Supuestamente, ese neumático se adapta a nuestra camioneta, pero rozaba cuando hacíamos curvas cerradas. De todos modos, si necesitas neumáticos o un cambio de aceite, la gente aquí es muy amable y parecía bastante competente.<br><br>Descripción: <br>nombre: <br><br>]]></description>
        <styleUrl>#icon-1899-DB4436</styleUrl>
        <ExtendedData>
          <Data name="Descripción">
            <value/>
          </Data>
          <Data name="nombre">
            <value/>
          </Data>
</ExtendedData>
        <Point>
          <coordinates>
            -68.93289,-22.44894,0
          </coordinates>
        </Point>
      </Placemark>
      <Placemark>
        <name><![CDATA[GOMERÍA "CERRO AZUL SERVICIOS"]]></name>
        <description><![CDATA[20 de noviembre 2025 por Ciro Montalto                                       Gomeria, lavadero y soldadura.<br>Unos genios!!!<br><br>Descripción: <br>nombre: ]]></description>
        <styleUrl>#icon-1899-DB4436</styleUrl>
        <ExtendedData>
          <Data name="Descripción">
            <value/>
          </Data>
          <Data name="nombre">
            <value/>
          </Data>
        </ExtendedData>
        <Point>
          <coordinates>
            -70.9279579,-46.5862501,0
          </coordinates>
        </Point>
      </Placemark>
      <Placemark>
        <name>-44.052189, -70.579399</name>
        <description><![CDATA[16 de febrero 2026 por Silvia Elena                           Buenos días comparto gomeria en Gobernador Costa por si es útil para alguien<br><br>Descripción: <br>nombre: ]]></description>
        <styleUrl>#icon-1899-DB4436</styleUrl>
        <ExtendedData>
          <Data name="Descripción">
            <value/>
          </Data>
          <Data name="nombre">
            <value/>
          </Data>
        </ExtendedData>
        <Point>
          <coordinates>
            -70.579399,-44.052189,0
          </coordinates>
        </Point>
      </Placemark>
    </Folder>
    <Folder>
      <name>Repuestos, accesorios y carrozados de motorhome y casillas</name>
      <Placemark>
        <name>-31.73643, -65.00312</name>
        <description><![CDATA[6 de mayo de 2024 por Van Living Argentina <br>Fábrica de autocaravanas con más de 20 años de experiencia acumulada en el rubro.]]></description>
        <styleUrl>#icon-1859-0288D1</styleUrl>
        <Point>
          <coordinates>
            -65.00312,-31.73643,0
          </coordinates>
        </Point>
      </Placemark>
      <Placemark>
        <name>Motorhome - Casillas - Equipamientos</name>
        <styleUrl>#icon-1859-0288D1-nodesc</styleUrl>
        <Point>
          <coordinates>
            -65.2873503,-43.2608284,0
          </coordinates>
        </Point>
      </Placemark>
      <Placemark>
        <name>Silfred Motorhome</name>
        <styleUrl>#icon-1859-0288D1-nodesc</styleUrl>
        <Point>
          <coordinates>
            -63.8964438,-31.6409879,0
          </coordinates>
        </Point>
      </Placemark>
      <Placemark>
        <name><![CDATA[Motorhomes D'Alessandro]]></name>
        <styleUrl>#icon-1859-0288D1-nodesc</styleUrl>
        <Point>
          <coordinates>
            -64.1770044,-31.3479768,0
          </coordinates>
        </Point>
      </Placemark>
      <Placemark>
        <name>Rodantes Nuestra Señora DE LA MERCED</name>
        <styleUrl>#icon-1859-0288D1-nodesc</styleUrl>
        <Point>
          <coordinates>
            -64.2391908,-31.432323,0
          </coordinates>
        </Point>
      </Placemark>
      <Placemark>
        <name>-38.92108, -67.97036</name>
        <description><![CDATA[<br><br>26 de marzo de 2024 por andy360 <br>Altamente recomendado. Instalaron una barra de techo y un toldo en nuestra caravana pocas horas después de enviar un mensaje inicial en What's App. Trabajo muy decente y precio razonable.<br><br>7 de junio de 2022 por davolala <br>Excelente tienda de autocaravanas. Construyen autocaravanas desde cero y tienen un taller muy bien equipado. ¡El Sr Luis es el dueño y es un tipo súper agradable! Su número es +54 299 533 9423. ¡Muy recomendable!<br><br><br><br>]]></description>
        <styleUrl>#icon-1859-0288D1</styleUrl>
<Point>
          <coordinates>
            -67.97036,-38.92108,0
          </coordinates>
        </Point>
      </Placemark>
      <Placemark>
        <name>Cr equipamientos MOTORHOME</name>
        <styleUrl>#icon-1859-0288D1-nodesc</styleUrl>
        <Point>
          <coordinates>
            -64.2892265,-31.5288249,0
          </coordinates>
        </Point>
      </Placemark>
      <Placemark>
        <name>Motorhome Oncativo</name>
        <styleUrl>#icon-1859-0288D1-nodesc</styleUrl>
        <Point>
          <coordinates>
            -63.6774384,-31.862258,0
          </coordinates>
        </Point>
      </Placemark>
      <Placemark>
        <name>Merolli Carrozados - Fabrica de motorhomes, casas rodantes y equipamientos.</name>
        <styleUrl>#icon-1859-0288D1-nodesc</styleUrl>
        <Point>
          <coordinates>
            -60.6751035,-32.9686308,0
          </coordinates>
        </Point>
      </Placemark>
      <Placemark>
        <name>Rodantes Bariloche Toldos Motorhome</name>
        <styleUrl>#icon-1859-0288D1-nodesc</styleUrl>
        <Point>
          <coordinates>
            -58.7229975,-34.5152278,0
          </coordinates>
        </Point>
      </Placemark>
      <Placemark>
        <name>CARAM S.A.</name>
        <styleUrl>#icon-1859-0288D1-nodesc</styleUrl>
        <Point>
          <coordinates>
            -58.4468586,-34.6007645,0
          </coordinates>
        </Point>
      </Placemark>
      <Placemark>
        <name>Importrailer</name>
        <styleUrl>#icon-1859-0288D1-nodesc</styleUrl>
        <Point>
          <coordinates>
            -58.3702473,-34.6242707,0
          </coordinates>
        </Point>
      </Placemark>
      <Placemark>
        <name>Rodantes San Nicolas</name>
        <styleUrl>#icon-1859-0288D1-nodesc</styleUrl>
        <Point>
          <coordinates>
            -58.3992939,-34.830816,0
          </coordinates>
        </Point>
      </Placemark>
      <Placemark>
        <name>Rodando sueños motorhome</name>
        <styleUrl>#icon-1859-0288D1-nodesc</styleUrl>
        <Point>
          <coordinates>
            -62.7341759,-35.9683249,0
          </coordinates>
        </Point>
      </Placemark>
      <Placemark>
        <name>La Artesana Deco,carrozados y equipamientos de motorhome</name>
        <styleUrl>#icon-1859-0288D1-nodesc</styleUrl>
        <Point>
          <coordinates>
            -64.4020333,-32.2045827,0
          </coordinates>
        </Point>
      </Placemark>
      <Placemark>
        <name>Equipamientos Rosario</name>
        <styleUrl>#icon-1859-0288D1-nodesc</styleUrl>
        <Point>
          <coordinates>
            -60.6624977,-32.9844725,0
          </coordinates>
        </Point>
      </Placemark>
      <Placemark>
        <name>NEIL Climatizadores (oficial)</name>
        <styleUrl>#icon-1859-0288D1-nodesc</styleUrl>
        <Point>
          <coordinates>
            -58.7356242,-34.6740331,0
          </coordinates>
        </Point>
      </Placemark>
      <Placemark>
        <name>Accesorios PMS</name>
        <styleUrl>#icon-1859-0288D1-nodesc</styleUrl>
        <Point>
          <coordinates>
            -58.4798497,-34.6562562,0
          </coordinates>
        </Point>
      </Placemark>
      <Placemark>
        <name>Yomiso - equipamientos- refrigeración Motorhomes</name>
        <styleUrl>#icon-1859-0288D1-nodesc</styleUrl>
        <Point>
          <coordinates>
            -57.5650174,-38.0326929,0
          </coordinates>
        </Point>
      </Placemark>
      <Placemark>
        <name>Julrod</name>
        <styleUrl>#icon-1859-0288D1-nodesc</styleUrl>
        <Point>
          <coordinates>
            -57.5946806,-38.0007721,0
          </coordinates>
        </Point>
      </Placemark>
      <Placemark>
        <name>J F Equipamientos</name>
        <styleUrl>#icon-1859-0288D1-nodesc</styleUrl>
        <Point>
          <coordinates>
            -57.5693595,-38.0267196,0
          </coordinates>
        </Point>
      </Placemark>
      <Placemark>
        <name>Carrozados San Cayetano</name>
        <styleUrl>#icon-1859-0288D1-nodesc</styleUrl>
        <Point>
          <coordinates>
            -62.31154,-38.71864,0
          </coordinates>
        </Point>
      </Placemark>
      <Placemark>
        <name>Tienda Motorhome</name>
        <styleUrl>#icon-1859-0288D1-nodesc</styleUrl>
        <Point>
          <coordinates>
            -60.6779575,-32.9678477,0
          </coordinates>
        </Point>
      </Placemark>
      <Placemark>
        <name>Mundo Motorhome</name>
        <styleUrl>#icon-1859-0288D1-nodesc</styleUrl>
        <Point>
          <coordinates>
            -59.9914979,-34.9062528,0
          </coordinates>
        </Point>
      </Placemark>
      <Placemark>
        <name>RF motorhome</name>
        <styleUrl>#icon-1859-0288D1-nodesc</styleUrl>
        <Point>
          <coordinates>
            -68.0325386,-38.9572108,0
          </coordinates>
        </Point>
      </Placemark>
      <Placemark>
        <name>Carrozados de motorhome gregores</name>
        <styleUrl>#icon-1859-0288D1-nodesc</styleUrl>
        <Point>
          <coordinates>
            -70.2602016,-48.7480051,0
          </coordinates>
        </Point>
      </Placemark>
      <Placemark>
        <name>ViveCampers</name>
        <styleUrl>#icon-1859-0288D1-nodesc</styleUrl>
        <Point>
          <coordinates>
            -70.6920809,-33.4351279,0
          </coordinates>
        </Point>
      </Placemark>
      <Placemark>
        <name>CIMA campers</name>
        <styleUrl>#icon-1859-0288D1-nodesc</styleUrl>
        <Point>
          <coordinates>
            -70.7105588,-33.3607473,0
          </coordinates>
        </Point>
      </Placemark>
      <Placemark>
        <name>Caravana Motorhomes</name>
        <styleUrl>#icon-1859-0288D1-nodesc</styleUrl>
        <Point>
          <coordinates>
            -58.17328,-34.895426,0
          </coordinates>
        </Point>
      </Placemark>
      <Placemark>
        <name>IMPERIO MOTORHOME SRL Fábrica</name>
        <styleUrl>#icon-1859-0288D1-nodesc</styleUrl>
        <Point>
          <coordinates>
            -58.4869228,-34.563668,0
          </coordinates>
        </Point>
      </Placemark>
      <Placemark>
        <name>ORIGEN EQUIPAMIENTOS</name>
        <styleUrl>#icon-1859-0288D1-nodesc</styleUrl>
        <Point>
          <coordinates>
            -60.3287476,-36.9071029,0
          </coordinates>
        </Point>
      </Placemark>
      <Placemark>
        <name>VIAJEROS - Venta de Minirodantes</name>
        <styleUrl>#icon-1859-0288D1-nodesc</styleUrl>
        <Point>
          <coordinates>
            -68.1279455,-38.9533406,0
          </coordinates>
        </Point>
      </Placemark>
      <Placemark>
        <name>Tecniequipamiento</name>
        <styleUrl>#icon-1859-0288D1-nodesc</styleUrl>
        <Point>
          <coordinates>
            -67.9702758,-38.9211006,0
          </coordinates>
        </Point>
      </Placemark>
      <Placemark>
        <name>Ariel Equipamientos</name>
        <styleUrl>#icon-1859-0288D1-nodesc</styleUrl>
        <Point>
          <coordinates>
            -67.9757742,-38.9114757,0
          </coordinates>
        </Point>
      </Placemark>
      <Placemark>
        <name>RUSSO Equipamiento _ Motorhome</name>
        <styleUrl>#icon-1859-0288D1-nodesc</styleUrl>
        <Point>
          <coordinates>
            -68.1664494,-38.7142488,0
          </coordinates>
        </Point>
      </Placemark>
      <Placemark>
        <name>Latitud 40 Motorhomes</name>
        <styleUrl>#icon-1859-0288D1-nodesc</styleUrl>
        <Point>
          <coordinates>
            -71.260176,-40.1316874,0
          </coordinates>
        </Point>
      </Placemark>
      <Placemark>
        <name>equipamiento ,motorhome ,chubut COVIG</name>
        <styleUrl>#icon-1859-0288D1-nodesc</styleUrl>
        <Point>
          <coordinates>
            -67.5862354,-45.9274591,0
          </coordinates>
        </Point>
      </Placemark>
      <Placemark>
        <name>Carrozados RF</name>
        <styleUrl>#icon-1859-0288D1-nodesc</styleUrl>
        <Point>
          <coordinates>
            -68.0341453,-38.9566668,0
          </coordinates>
        </Point>
      </Placemark>
      <Placemark>
        <name>Carrozados Díaz</name>
        <styleUrl>#icon-1859-0288D1-nodesc</styleUrl>
        <Point>
          <coordinates>
            -67.6412639,-39.0269191,0
          </coordinates>
        </Point>
      </Placemark>
      <Placemark>
        <name>Heevel Motorhome</name>
        <styleUrl>#icon-1859-0288D1-nodesc</styleUrl>
        <Point>
          <coordinates>
            -58.4255484,-35.0487897,0
          </coordinates>
        </Point>
      </Placemark>
      <Placemark>
        <name>Royal Home</name>
        <styleUrl>#icon-1859-0288D1-nodesc</styleUrl>
        <Point>
          <coordinates>
            -58.5066402,-34.6821925,0
          </coordinates>
        </Point>
      </Placemark>
      <Placemark>
        <name>Motor Home Mis Angelitos</name>
        <styleUrl>#icon-1859-0288D1-nodesc</styleUrl>
        <Point>
          <coordinates>
            -58.6761988,-34.6454484,0
          </coordinates>
        </Point>
      </Placemark>
      <Placemark>
        <name>Casas Rodantes Pbarbus</name>
        <styleUrl>#icon-1859-0288D1-nodesc</styleUrl>
        <Point>
          <coordinates>
            -58.5558457,-34.5705185,0
          </coordinates>
        </Point>
      </Placemark>
      <Placemark>
        <name>Motor Home Time Club</name>
        <styleUrl>#icon-1859-0288D1-nodesc</styleUrl>
        <Point>
          <coordinates>
            -58.1732864,-34.9002037,0
          </coordinates>
        </Point>
      </Placemark>
      <Placemark>
        <name>MotorHome Rio Cuarto</name>
        <styleUrl>#icon-1859-0288D1-nodesc</styleUrl>
        <Point>
          <coordinates>
            -64.3664274,-33.0973101,0
          </coordinates>
        </Point>
      </Placemark>
      <Placemark>
        <name>Gibertcar Argentina S.R.L.</name>
        <styleUrl>#icon-1859-0288D1-nodesc</styleUrl>
        <Point>
          <coordinates>
            -64.2512814,-31.4550311,0
          </coordinates>
        </Point>
      </Placemark>
      <Placemark>
        <name>GeoTrack-Trailer</name>
        <styleUrl>#icon-1859-0288D1-nodesc</styleUrl>
        <Point>
          <coordinates>
            -64.1315074,-31.4286261,0
          </coordinates>
        </Point>
      </Placemark>
      <Placemark>
        <name>Pierandrei SA - Motorhomes</name>
        <styleUrl>#icon-1859-0288D1-nodesc</styleUrl>
        <Point>
          <coordinates>
            -60.6102905,-33.0408134,0
          </coordinates>
        </Point>
      </Placemark>
      <Placemark>
        <name>PATAGONIA CAMPERS</name>
        <styleUrl>#icon-1859-0288D1-nodesc</styleUrl>
        <Point>
          <coordinates>
            -58.918955,-34.4545727,0
          </coordinates>
        </Point>
      </Placemark>
      <Placemark>
        <name>Argentina Campers</name>
        <styleUrl>#icon-1859-0288D1-nodesc</styleUrl>
        <Point>
          <coordinates>
            -58.6312811,-34.4471135,0
          </coordinates>
        </Point>
      </Placemark>
      <Placemark>
        <name>Camper Box Argentina</name>
        <styleUrl>#icon-1859-0288D1-nodesc</styleUrl>
        <Point>
          <coordinates>
            -57.7788859,-38.2453014,0
          </coordinates>
        </Point>
      </Placemark>
      <Placemark>
        <name>AndesCampers</name>
        <styleUrl>#icon-1859-0288D1-nodesc</styleUrl>
        <Point>
          <coordinates>
            -70.6310187,-33.406871,0
          </coordinates>
        </Point>
      </Placemark>
      <Placemark>
        <name>BECCO CAMPERS</name>
        <styleUrl>#icon-1859-0288D1-nodesc</styleUrl>
        <Point>
          <coordinates>
            -76.9760757,-12.2111059,0
          </coordinates>
        </Point>
      </Placemark>
      <Placemark>
        <name>-34.86533, -56.17529</name>
        <description><![CDATA[8 de julio de 2023 <br>No pude encontrarlos, creo que han cerrado.<br><br>19 de noviembre de 2019 <br>Julio es un hombre muy simpático, disponible, competente y honesto. Tiene una gran experiencia de las autocaravanas y contactos cuando no puede solucionar el problema por sí mismo.<br>Lo recomendamos muchísimo.<br><br>16 de octubre de 2018 por amigo-on-tour.ch <br>julio fabrica autocaravanas. tiene un buen conocimiento general. Reparó nuestra autocaravana dos veces para nuestra total satisfacción.]]></description>
        <styleUrl>#icon-1859-0288D1</styleUrl>
        <Point>
          <coordinates>
            -56.17529,-34.86533,0
          </coordinates>
        </Point>
      </Placemark>
      <Placemark>
        <name>-24.87586, -65.46475</name>
        <description><![CDATA[<br><br>14 de junio de 2024 por mmq-photography.com <br>Construyen autocaravanas, remolques y camiones de comida y también hacen reparaciones. Vinimos aquí porque necesitábamos una cuna para nuestro niño pequeño. Crearon una solución muy sencilla, ligera, segura y fácil de manejar. A un precio razonable.<br><br>8 de junio de 2024 por bovet<br>Después de haber vuelto a montar la cerradura, hace una semana más tarde, la cerradura está completamente bloqueada.<br>Trabajo no profesional con material de mala calidad.<br>Instalamos una cerradura nueva en la puerta de nuestra autocaravana. Notamos que una de las dos llaves estaba torcida. y no entraba en la cerradura. Volvimos a verlos. Nos acusaron agresivamente de haber forzado la llave a pesar de que nunca logramos introducirla en la cerradura.<br>Una semana después, una de las 2 llaves se rompió en la cerradura. Tuve que quitar la cerradura desde el exterior. Una cerradura que se puede desmontar desde el exterior no es nada grave, pero afortunadamente para nosotros, ¡fue posible!<br>Pudimos volver a montar la cerradura, pero una semana después, la cerradura se atascó por completo.<br>Trabajo poco profesional con material de mala calidad<br><br>28 de febrero de 2024 por Los viajes de los locos <br>Excelente lugar. Construyen remolques, por lo que pueden solucionar todos los problemas relacionados (no estoy seguro de los problemas mecánicos). Fuimos allí por un problema de agua: dedicaron el tiempo necesario para encontrar el problema y resolverlo, a un muy buen precio. Muy amables. ¡Muy recomendable!<br><br>22 de enero de 2024 por carolynblommers1 <br>Tuvimos un problema con nuestro inversor y vinimos a revisarlo. No pudieron encontrar el problema, pero conocían a alguien que podía ayudarnos. Llamaron al chico y vino con uno nuevo. ¡Personas muy agradables, amables y serviciales! ¡Muy recomendable si tienes algún problema eléctrico o con tu furgoneta!<br><br>26 de octubre de 2023 por ATeamOnTheRoad <br>¡Gonzalo y Santiago son increíbles!<br>Recomiendo encarecidamente que se detengan en cualquier problema relacionado con la autocaravana. Santiago es electricista de automóviles y parece que pueden solucionar cualquiera de los problemas que les planteamos.<br>Son expertos en Google Translate.<br>No cobraron por sus servicios, así que les dimos un regalo por su tiempo y esfuerzo.<br><br>5 de junio de 2023 por blondinettes-en-voyage.fr <br>Súper equipo. Ils m'ont helpé tout de suite, sur plusieurs points. Ils m'ont changé the pompe à eau, resoudé des câbles pour mon radiateur, réparé mon store extérieur. Ils sont très débrouillards et cherchent dessolutions pour tout.<br><br>4 de mayo de 2023 por kro_d <br>¡El lugar perfecto para arreglar tu RV! ¡La gente es súper amable y profesional!<br>Pueden reparar cualquier cosa. Eran 4 personas trabajando en nuestro RV. ¡Reparamos muchas cosas en muy poco tiempo! ¡Lo recomendamos al 2000%!<br><br>4 de mayo de 2023 por kro_d <br>Somos algunos venus faire plein de travaux sur la cellule du camping car. ¡L'équipe est top! Ils ont bossé à 4 sur 4 trucs différents al mismo tiempo! ¡Ils fabriquent des caravanes, et sont supers bricoleurs!<br>¡Recomendado al 1000%!<br><br><br><br><br><br><br><br><br><br><br><br><br><br><br><br><br><br>]]></description>
        <styleUrl>#icon-1859-0288D1</styleUrl>
<Point>
          <coordinates>
            -65.46475,-24.87586,0
          </coordinates>
        </Point>
      </Placemark>
      <Placemark>
        <name>-41.22162, -72.72716</name>
        <description><![CDATA[<br><br>26 de agosto de 2024 por manejandoypedaleando <br>Si tienes algún problema con tu autocaravana, este es tu lugar. Felipe es tu hombre para cualquier problema eléctrico, problema con el frigorífico, mantenimiento de la fibra de vidrio, cambio de claraboya, problemas con la calefacción y prácticamente cualquier cosa. Somos fabricantes de autocaravanas, así que él sabe lo que hace mejor que nadie. No perdería mi tiempo con nadie más. Tiene piezas de repuesto y el conocimiento que necesitas, es justo y bueno para tener una conversación agradable. Sus perros, Barlo y Maya, te recibirán como lo haría tu propio perro cuando llegues a casa. Muy recomendable.<br><br>26 de agosto de 2024 por manejandoypedaleando <br>Si tienes algún problema con tu autocaravana, frigorífico, bomba de agua, tragaluz, fibra de vidrio golpeada o cualquier otra cosa, Felipe es tu hombre. Es un constructor de autocaravanas, tiene piezas de repuesto, sabe lo que hace y te dará la bienvenida mejor que nadie en la zona. Sus perros, Barlo y Maya, te recibirán como lo haría tu propio perro cuando llegues a casa. ¡¡<br>¡MUY RECOMENDABLE!!!<br><br>25 de abril de 2024 por grubbyuniform25 <br>Base de KOYCAMP, taller de fabricacion de Campers, autocaravanas, etc.<br>- Fabricacion piezas fibra de vidrio<br>- Electricidad<br>- Todo tipo de reparacion de campers<br>Atendido por el dueño<br><br><br><br><br><br>]]></description>
        <styleUrl>#icon-1859-0288D1</styleUrl>
<Point>
          <coordinates>
            -72.72716,-41.22162,0
          </coordinates>
        </Point>
      </Placemark>
      <Placemark>
        <name>-45.85352, -67.55924</name>
        <description><![CDATA[<br><br>1 de octubre de 2024 por bigfrock22 <br>hola,soy el propietario de INNOVER,les comento a nuestros queridos viajeros que nos dedicamos exclusivamente al servicio y mantenimiento del equipamiento del motorhome, muchas gracias<br><br>20 de enero de 2024 por expedicao100destino <br>Fábrica de autocaravanas, casas rodantes, mantiene y brinda asistencia ante problemas en tu casa sobre ruedas]]></description>
        <styleUrl>#icon-1859-0288D1</styleUrl>
<Point>
          <coordinates>
            -67.55924,-45.85352,0
          </coordinates>
        </Point>
      </Placemark>
      <Placemark>
        <name>-30.93510, -61.58910</name>
        <description><![CDATA[12 de noviembre de 2024 por CGcampers <br>¡Bienvenidos a CGcampers! Somos una empresa de construcción de autocaravana y mantenimiento para tu autocaravana. Aceptamos todo tipo de vehículo Overlander, ofreciendo seguridad, calidad, tranquilidad, un espacio verde seguro mientras te encuentras reparando tu vehículo.]]></description>
        <styleUrl>#icon-1859-0288D1</styleUrl>
        <Point>
          <coordinates>
            -61.5891,-30.9351,0
          </coordinates>
        </Point>
      </Placemark>
    </Folder>
    <Folder>
      <name>Significado de los iconos</name>
      <Placemark>
        <name>Taller Mecánico</name>
        <styleUrl>#icon-1590-0288D1-nodesc</styleUrl>
        <Point>
          <coordinates>
            -62.241749,-34.324527,0
          </coordinates>
        </Point>
      </Placemark>
      <Placemark>
        <name>Auxilio mecánico</name>
        <styleUrl>#icon-1899-DB4436-nodesc</styleUrl>
        <Point>
          <coordinates>
            -62.24174,-34.32452,0
          </coordinates>
        </Point>
      </Placemark>
      <Placemark>
        <name>Taller de motocicletas</name>
        <styleUrl>#icon-1633-0288D1-nodesc</styleUrl>
        <Point>
          <coordinates>
            -62.24174,-34.32452,0
          </coordinates>
        </Point>
      </Placemark>
      <Placemark>
        <name>Taller de bicicletas</name>
        <styleUrl>#icon-1522-558B2F-nodesc</styleUrl>
        <Point>
          <coordinates>
            -62.24174,-34.32452,0
          </coordinates>
        </Point>
      </Placemark>
      <Placemark>
        <name>Gomerias y neumaticos nuevos</name>
        <styleUrl>#icon-1899-DB4436-nodesc</styleUrl>
        <Point>
          <coordinates>
            -62.24174,-34.32452,0
          </coordinates>
        </Point>
      </Placemark>
      <Placemark>
        <name>Lubricentros</name>
        <styleUrl>#icon-1899-DB4436-nodesc</styleUrl>
        <Point>
          <coordinates>
            -62.24174,-34.32452,0
          </coordinates>
        </Point>
      </Placemark>
      <Placemark>
        <name>Repuestos, accesorios Motorhome, fabricas</name>
        <styleUrl>#icon-1859-0288D1-nodesc</styleUrl>
        <Point>
          <coordinates>
            -62.24174,-34.32452,0
          </coordinates>
        </Point>
      </Placemark>
      <Placemark>
        <name>Parabrisas, recambios</name>
        <styleUrl>#icon-1899-DB4436-nodesc</styleUrl>
        <Point>
          <coordinates>
            -62.24174,-34.32452,0
          </coordinates>
        </Point>
      </Placemark>
      <Placemark>
        <name>Baterías</name>
        <styleUrl>#icon-1899-DB4436-nodesc</styleUrl>
        <Point>
          <coordinates>
            -62.24174,-34.32452,0
          </coordinates>
        </Point>
      </Placemark>
      <Placemark>
        <name>Paneles solares, compra y accesorios</name>
        <styleUrl>#icon-1899-DB4436-nodesc</styleUrl>
        <Point>
          <coordinates>
            -62.24174,-34.32452,0
          </coordinates>
        </Point>
      </Placemark>
    </Folder>
  </Document>
</kml>
